33825 4698 9135 19475
33825 4698 9135 19607
33825 4698 9135 20024
33825 4698 9135 20156
33825 4698 9149 19475
33825 4698 9175 19822
33825 4698 9188 20252
33825 4698 9636 18968
33825 4698 9636 19100
33825 4698 9636 20024
33825 4698 9636 20156
33825 4698 9644 18969
33825 4698 9644 20153
33825 4698 9654 18968
33825 4698 9692 19822
33825 4698 9700 19000
33825 4698 9700 19996
33825 4698 9711 18711
33825 4698 10148 19000
33825 4698 10148 20248
33825 4698 10158 18711
33825 4698 10158 20252
33825 4698 10214 18968
33825 4698 10214 19475
33825 4698 10228 18968
33825 4698 10228 19475
33825 4698 10238 18887
33825 4698 10238 18969
33825 4698 10268 20421
33825 4698 10271 17795
33825 4698 10271 18887
33825 4698 10422 18798
33825 4698 10422 20248
33825 4698 10431 18711
33825 4698 10431 20252
33825 4698 10454 18787
33825 4698 10454 20328
33825 4698 10460 17353
33825 4698 10460 18798
33825 4698 10519 16846
33825 4698 10519 20153
33825 4698 10565 16887
33825 4698 10574 16791
33825 4698 10574 16882
33825 4698 10663 16798
33825 4698 10663 17842
33825 4698 10663 18997
33825 4698 10663 19993
33825 4698 10772 17863
33825 4698 10806 16846
33825 4698 10806 17795
33825 4698 10813 19843
33825 4698 11006 18711
33825 4698 11063 17285
33825 4698 11063 17806
33825 4698 11084 19193
33825 4698 11084 19698
33825 4698 11285 16882
33825 4698 11285 17353
33825 4698 11318 19843
33825 4698 11421 17368
33825 4698 11509 20252
33825 4698 12053 16834
33825 4698 12110 16887
33825 4698 12204 16798
33825 4698 12204 17337
33825 4698 12204 19518
33825 4698 12204 19993
33825 4698 12206 16791
33825 4698 12206 19996
33825 4699 9133 19475
33825 4699 9133 19615
33825 4699 9150 19475
33825 4699 9150 19702
33825 4699 9175 19615
33825 4699 9175 19811
33825 4699 9175 20021
33825 4699 9175 20425
33825 4699 9189 19506
33825 4699 9638 18968
33825 4699 9638 20021
33825 4699 9646 18969
33825 4699 9646 19100
33825 4699 9652 18969
33825 4699 9652 19811
33825 4699 10223 18968
33825 4699 10223 19702
33825 4699 10460 17349
33825 4699 10669 17843
33825 4699 10782 17843
33825 4699 10782 17862
33825 4699 10812 17794
33825 4699 10812 19855
33825 4699 10996 17862
33825 4699 10996 18710
33825 4699 11062 17794
33825 4699 11077 19100
33825 4699 11077 19702
33825 4699 11284 16886
33825 4699 11284 17337
33825 4699 11319 17289
33825 4699 11319 20425
33825 4699 11511 17337
33825 4699 11511 17349
33825 4699 12052 17289
33825 4699 12052 19702
33825 4700 9127 19615
33825 4700 9127 20018
33825 4700 9143 19487
33825 4700 9143 19822
33825 4700 9178 19615
33825 4700 9178 19822
33825 4700 9193 20247
33825 4700 9652 19191
33825 4700 9652 19822
33825 4700 9689 18890
33825 4700 9689 19822
33825 4700 10148 20243
33825 4700 10158 18714
33825 4700 10158 19003
33825 4700 10158 19510
33825 4700 10158 20247
33825 4700 10526 19191
33825 4700 10526 20150
33825 4700 10568 16786
33825 4700 10568 17846
33825 4700 10661 17846
33825 4700 10661 19003
33825 4700 10782 16774
33825 4700 10782 17846
33825 4700 10995 17846
33825 4700 10995 18714
33825 4700 11063 17294
33825 4700 11063 19615
33825 4700 11082 19615
33825 4700 11082 19710
33825 4700 11235 19510
33825 4700 11317 16834
33825 4700 11514 17346
33825 4700 11514 20243
33825 4700 12055 16846
33825 4700 12055 19710
33825 4701 9125 19607
33825 4701 9140 19487
33825 4701 9140 19706
33825 4701 9140 19811
33825 4701 9140 19846
33825 4701 9178 19811
33825 4701 9178 20418
33825 4701 9192 19775
33825 4701 9192 19990
33825 4701 9683 18891
33825 4701 9683 19099
33825 4701 9699 18715
33825 4701 9699 19990
33825 4701 10218 19487
33825 4701 10233 18891
33825 4701 10261 17282
33825 4701 10262 20418
33825 4701 10293 17867
33825 4701 10431 18791
33825 4701 10516 19190
33825 4701 10671 17847
33825 4701 10671 19990
33825 4701 11001 17847
33825 4701 11001 17867
33825 4701 11001 18715
33825 4701 11001 18791
33825 4701 11075 19099
33825 4701 11075 19190
33825 4701 11075 19607
33825 4701 11075 19706
33825 4701 11285 17342
33825 4701 11316 19846
33825 4701 12196 19514
33825 4701 12196 19990
33825 4701 12198 17342
33825 4701 12198 19987
33825 4713 9119 19475
33825 4713 9119 19578
33825 4713 9150 19475
33825 4713 9150 19547
33825 4713 9156 19702
33825 4713 9156 19799
33825 4713 9156 20150
33825 4713 9156 20247
33825 4713 9159 19706
33825 4713 9159 19803
33825 4713 9173 19582
33825 4713 9173 20366
33825 4713 9175 19547
33825 4713 9175 19578
33825 4713 9188 19638
33825 4713 9188 20182
33825 4713 9189 19646
33825 4713 9189 19743
33825 4713 9189 20191
33825 4713 9189 20350
33825 4713 9636 19190
33825 4713 9636 20182
33825 4713 9644 18815
33825 4713 9644 19191
33825 4713 9644 19799
33825 4713 9644 20191
33825 4713 9654 20050
33825 4713 9692 18863
33825 4713 9692 20095
33825 4713 9700 18815
33825 4713 9700 19158
33825 4713 9700 19743
33825 4713 9700 20150
33825 4713 9711 19738
33825 4713 9711 20147
33825 4713 10141 18967
33825 4713 10141 20391
33825 4713 10148 18782
33825 4713 10148 19158
33825 4713 10148 19702
33825 4713 10148 20350
33825 4713 10158 18771
33825 4713 10158 19163
33825 4713 10180 19190
33825 4713 10180 19638
33825 4713 10189 18782
33825 4713 10189 19191
33825 4713 10189 19646
33825 4713 10189 20247
33825 4713 10198 19058
33825 4713 10302 18891
33825 4713 10302 20387
33825 4713 10364 17375
33825 4713 10364 18863
33825 4713 10388 18710
33825 4713 10388 18815
33825 4713 10388 20247
33825 4713 10388 20350
33825 4713 10421 17807
33825 4713 10421 17863
33825 4713 10421 18710
33825 4713 10421 18782
33825 4713 10431 17866
33825 4713 10431 18771
33825 4713 10460 17294
33825 4713 10460 17327
33825 4713 10460 18782
33825 4713 10460 18815
33825 4713 10516 16774
33825 4713 10516 16846
33825 4713 10516 17807
33825 4713 10516 17863
33825 4713 10549 16807
33825 4713 10549 16846
33825 4713 10549 20150
33825 4713 10549 20191
33825 4713 10558 16843
33825 4713 10558 20147
33825 4713 10621 16774
33825 4713 10621 16807
33825 4713 10621 19158
33825 4713 10621 19191
33825 4713 10671 16851
33825 4713 10671 17882
33825 4713 10701 16887
33825 4713 10701 18967
33825 4713 10775 18891
33825 4713 10775 19850
33825 4713 10870 19874
33825 4713 10903 16843
33825 4713 10903 19738
33825 4713 10908 16846
33825 4713 10908 17863
33825 4713 10908 18710
33825 4713 10908 19743
33825 4713 10941 16846
33825 4713 10941 17807
33825 4713 10941 18710
33825 4713 10941 19799
33825 4713 10942 17795
33825 4713 10942 19803
33825 4713 11036 17294
33825 4713 11036 17807
33825 4713 11036 19191
33825 4713 11036 19702
33825 4713 11039 17795
33825 4713 11039 19706
33825 4713 11063 17866
33825 4713 11063 19163
33825 4713 11069 17327
33825 4713 11069 17863
33825 4713 11069 19158
33825 4713 11069 19646
33825 4713 11175 17371
33825 4713 11175 17882
33825 4713 11238 17842
33825 4713 11285 17342
33825 4713 11285 20366
33825 4713 11318 20418
33825 4713 11389 16887
33825 4713 11389 20391
33825 4713 11391 19850
33825 4713 11391 20387
33825 4713 11421 16807
33825 4713 11421 17327
33825 4713 11421 19743
33825 4713 11421 20247
33825 4713 11477 16807
33825 4713 11477 17294
33825 4713 11477 19799
33825 4713 11477 20350
33825 4713 12053 16774
33825 4713 12053 17294
33825 4713 12053 19646
33825 4713 12053 20150
33825 4713 12156 16774
33825 4713 12156 17327
33825 4713 12156 19702
33825 4713 12156 20191
33825 4713 12204 17375
33825 4713 12204 20095
33825 4713 12206 16851
33825 4713 12206 17371
33825 4713 12230 17394
33825 4713 12261 17342
33825 4713 12261 19582
33825 4715 9118 19475
33825 4715 9149 19475
33825 4715 9149 19551
33825 4715 9149 20361
33825 4715 9149 20421
33825 4715 9173 19878
33825 4715 9175 20085
33825 4715 9638 18802
33825 4715 9638 19192
33825 4715 9646 19193
33825 4715 9652 19843
33825 4715 9686 20085
33825 4715 10143 18886
33825 4715 10143 18968
33825 4715 10143 19574
33825 4715 10143 20392
33825 4715 10150 18770
33825 4715 10156 18783
33825 4715 10156 20341
33825 4715 10204 18863
33825 4715 10293 17372
33825 4715 10293 17842
33825 4715 10293 18886
33825 4715 10293 20392
33825 4715 10358 18863
33825 4715 10389 18710
33825 4715 10389 20248
33825 4715 10460 18783
33825 4715 10460 18802
33825 4715 10525 16783
33825 4715 10525 17795
33825 4715 10548 16806
33825 4715 10548 20153
33825 4715 10559 20156
33825 4715 10623 16806
33825 4715 10623 19192
33825 4715 10669 16863
33825 4715 10669 20085
33825 4715 10692 16883
33825 4715 10692 20057
33825 4715 10782 19843
33825 4715 10876 16863
33825 4715 10932 17795
33825 4715 10932 18710
33825 4715 10935 17807
33825 4715 11173 17878
33825 4715 11173 19068
33825 4715 11247 17368
33825 4715 11247 19570
33825 4715 11287 17337
33825 4715 11287 17397
33825 4715 11287 20361
33825 4715 11287 20421
33825 4715 11316 17337
33825 4715 11389 16863
33825 4715 11391 19878
33825 4715 11423 17320
33825 4715 11423 20248
33825 4715 11479 17289
33825 4715 11479 20341
33825 4715 12055 17289
33825 4715 12055 20153
33825 4715 12156 16783
33825 4715 12156 17320
33825 4715 12204 16863
33825 4715 12204 20085
33825 4715 12231 17337
33825 4715 12231 19475
33825 4715 12260 17337
33825 4715 12260 19475
33825 4717 9109 19479
33825 4717 9109 19582
33825 4717 9109 20391
33825 4717 9109 20430
33825 4717 9140 19551
33825 4717 9176 19855
33825 4717 9178 20051
33825 4717 9654 19855
33825 4717 9683 18859
33825 4717 9683 19067
33825 4717 9683 19878
33825 4717 9683 20086
33825 4717 9699 18811
33825 4717 9699 19734
33825 4717 9704 19731
33825 4717 10143 18966
33825 4717 10179 19642
33825 4717 10186 19634
33825 4717 10186 20243
33825 4717 10201 18859
33825 4717 10303 17846
33825 4717 10303 18890
33825 4717 10355 17879
33825 4717 10355 18859
33825 4717 10389 18711
33825 4717 10389 20350
33825 4717 10421 17867
33825 4717 10431 17862
33825 4717 10431 18711
33825 4717 10451 17323
33825 4717 10451 18811
33825 4717 10516 16783
33825 4717 10516 17862
33825 4717 10618 16783
33825 4717 10618 16803
33825 4717 10671 16858
33825 4717 10671 17879
33825 4717 10671 19067
33825 4717 10671 20086
33825 4717 10698 16883
33825 4717 10772 16883
33825 4717 10772 19855
33825 4717 10873 17879
33825 4717 10873 18859
33825 4717 11029 17294
33825 4717 11029 19710
33825 4717 11030 19698
33825 4717 11173 17879
33825 4717 11235 18966
33825 4717 11285 17406
33825 4717 11285 20354
33825 4717 11316 17375
33825 4717 11316 20387
33825 4717 11386 16883
33825 4717 11386 19855
33825 4717 11412 19734
33825 4717 11412 20243
33825 4717 11482 16803
33825 4717 11482 20350
33825 4717 12054 17294
33825 4717 12054 19634
33825 4717 12153 17323
33825 4717 12153 19710
33825 4717 12196 16883
33825 4717 12198 20051
33825 4717 12232 19551
33825 4717 12265 17330
33825 4717 12265 17371
33825 4717 12265 19479
33825 4717 12265 19582
33825 4719 9108 19479
33825 4719 9108 20425
33825 4719 9143 19547
33825 4719 9143 20357
33825 4719 9161 19803
33825 4719 9161 20252
33825 4719 9162 19799
33825 4719 9176 19547
33825 4719 9176 20357
33825 4719 9192 20188
33825 4719 9192 20341
33825 4719 9193 20181
33825 4719 9652 18887
33825 4719 9652 18969
33825 4719 9689 19874
33825 4719 9689 20092
33825 4719 10141 18887
33825 4719 10141 18969
33825 4719 10195 19574
33825 4719 10195 20392
33825 4719 10292 18887
33825 4719 10361 17372
33825 4719 10361 17883
33825 4719 10361 18859
33825 4719 10361 20396
33825 4719 10388 18711
33825 4719 10388 18806
33825 4719 10451 17289
33825 4719 10451 18806
33825 4719 10525 16774
33825 4719 10525 16839
33825 4719 10616 16802
33825 4719 10616 19157
33825 4719 10669 16854
33825 4719 10691 16887
33825 4719 10691 17846
33825 4719 10691 18969
33825 4719 10691 20056
33825 4719 10781 16887
33825 4719 10781 17846
33825 4719 10781 18887
33825 4719 10781 19846
33825 4719 10867 16854
33825 4719 10902 16834
33825 4719 10909 16839
33825 4719 10909 18711
33825 4719 11063 17324
33825 4719 11063 19157
33825 4719 11069 19160
33825 4719 11175 17372
33825 4719 11175 17883
33825 4719 11175 19061
33825 4719 11175 19570
33825 4719 11242 18969
33825 4719 11287 20357
33825 4719 11318 17333
33825 4719 11384 20357
33825 4719 11386 17401
33825 4719 11414 16802
33825 4719 11414 20252
33825 4719 11480 19803
33825 4719 11480 20341
33825 4719 12052 16774
33825 4719 12052 17289
33825 4719 12153 17324
33825 4719 12153 20188
33825 4719 12196 17401
33825 4719 12198 19547
33825 4719 12233 19547
33825 4719 12264 17333
33825 4729 9118 19475
33825 4729 9118 19675
33825 4729 9118 19818
33825 4729 9118 19874
33825 4729 9135 19475
33825 4729 9159 20211
33825 4729 9175 20323
33825 4729 9638 18867
33825 4729 9652 18998
33825 4729 9652 19887
33825 4729 9663 20211
33825 4729 9716 18966
33825 4729 10134 20323
33825 4729 10141 18798
33825 4729 10141 20327
33825 4729 10158 18867
33825 4729 10158 19003
33825 4729 10158 19642
33825 4729 10158 20274
33825 4729 10189 20439
33825 4729 10303 18867
33825 4729 10389 18710
33825 4729 10389 18798
33825 4729 10484 18710
33825 4729 10484 20327
33825 4729 10494 17330
33825 4729 10494 17866
33825 4729 10494 18715
33825 4729 10494 20323
33825 4729 10548 16806
33825 4729 10548 16846
33825 4729 10559 16803
33825 4729 10606 16795
33825 4729 10606 17882
33825 4729 10606 19122
33825 4729 10606 20211
33825 4729 10709 16846
33825 4729 10709 20031
33825 4729 10781 17823
33825 4729 10781 19959
33825 4729 10782 17811
33825 4729 10782 17826
33825 4729 10782 19915
33825 4729 10782 19962
33825 4729 10807 18867
33825 4729 10812 17879
33825 4729 10812 19887
33825 4729 10935 16803
33825 4729 10966 17811
33825 4729 11111 17811
33825 4729 11116 17406
33825 4729 11116 17823
33825 4729 11183 17811
33825 4729 11206 19475
33825 4729 11213 17879
33825 4729 11213 18998
33825 4729 11255 19475
33825 4729 11285 17406
33825 4729 11285 19959
33825 4729 11318 16803
33825 4729 11455 20323
33825 4729 11477 17358
33825 4729 12054 20211
33825 4729 12140 20127
33825 4729 12220 16806
33825 4729 12220 20031
33825 4729 12222 16803
33825 4729 12222 17323
33825 4729 12222 19514
33825 4729 12222 20018
33825 4730 9119 19475
33825 4730 9119 19671
33825 4730 9133 19475
33825 4730 9133 19646
33825 4730 9156 19671
33825 4730 9156 19955
33825 4730 9156 20216
33825 4730 9156 20444
33825 4730 9175 19506
33825 4730 9638 18878
33825 4730 9638 18968
33825 4730 9652 19000
33825 4730 9652 20216
33825 4730 9716 18968
33825 4730 9716 19132
33825 4730 10150 19000
33825 4730 10150 19646
33825 4730 10399 17827
33825 4730 10606 19132
33825 4730 10781 17822
33825 4730 10781 17827
33825 4730 10782 17810
33825 4730 10782 19911
33825 4730 10966 16846
33825 4730 10966 17822
33825 4730 11111 17397
33825 4730 11111 19646
33825 4730 11173 17810
33825 4730 11286 17320
33825 4730 11286 19955
33825 4730 11317 17337
33825 4730 11317 20444
33825 4730 11453 17320
33825 4730 11453 17397
33825 4730 12140 17337
33825 4730 12140 19646
33825 4732 9109 19675
33825 4732 9125 19483
33825 4732 9125 19638
33825 4732 9125 20018
33825 4732 9125 20127
33825 4732 9161 20211
33825 4732 9161 20439
33825 4732 9178 19918
33825 4732 9178 20127
33825 4732 9636 18874
33825 4732 9636 19127
33825 4732 9721 19127
33825 4732 9721 19918
33825 4732 10158 18874
33825 4732 10158 19638
33825 4732 10179 19675
33825 4732 10179 20439
33825 4732 10558 16843
33825 4732 10558 19127
33825 4732 10595 17879
33825 4732 10595 19127
33825 4732 10712 17862
33825 4732 10712 20018
33825 4732 10942 16806
33825 4732 10942 18794
33825 4732 10963 16843
33825 4732 10963 17862
33825 4732 11175 17330
33825 4732 11203 17879
33825 4732 11203 19483
33825 4732 11285 17323
33825 4732 11316 16803
33825 4732 12213 16806
33825 4732 12213 17323
33825 4732 12215 16803
33825 4732 12215 19518
33825 4735 9108 19671
33825 4735 9108 19878
33825 4735 9127 19483
33825 4735 9127 20117
33825 4735 9162 19671
33825 4735 9162 20216
33825 4735 9178 20328
33825 4735 9636 18710
33825 4735 9636 18871
33825 4735 9636 18968
33825 4735 9636 19129
33825 4735 10141 18791
33825 4735 10141 19671
33825 4735 10150 19634
33825 4735 10179 19510
33825 4735 10179 19671
33825 4735 10388 17830
33825 4735 10388 18710
33825 4735 10483 17337
33825 4735 10483 20328
33825 4735 10489 17867
33825 4735 10489 20332
33825 4735 10595 19129
33825 4735 10595 20216
33825 4735 10712 17867
33825 4735 10813 18871
33825 4735 10813 19878
33825 4735 10941 17830
33825 4735 10941 18791
33825 4735 11181 18968
33825 4735 11181 19510
33825 4735 11319 19906
33825 4735 11446 17397
33825 4735 11446 20332
33825 4735 12136 19634
33825 4735 12136 20117
33825 4741 9070 19955
33825 4741 9070 20050
33825 4741 9085 19815
33825 4741 9085 20430
33825 4741 9192 19551
33825 4741 9193 19543
33825 4741 9193 19706
33825 4741 9193 19806
33825 4741 9193 19955
33825 4741 9544 19190
33825 4741 9577 19806
33825 4741 10186 19190
33825 4741 10186 20243
33825 4741 10233 19642
33825 4741 10233 20430
33825 4741 10323 17775
33825 4741 10323 20430
33825 4741 10329 17342
33825 4741 10563 16703
33825 4741 10568 19090
33825 4741 10602 20050
33825 4741 10616 17867
33825 4741 10876 16703
33825 4741 10876 16795
33825 4741 10876 17775
33825 4741 10876 17867
33825 4741 11111 17179
33825 4741 11111 17342
33825 4741 11111 19551
33825 4741 11111 19706
33825 4741 11479 16795
33825 4741 11479 20430
33825 4741 11511 16843
33825 4741 11511 17179
33825 4741 12110 19543
33825 4741 12156 16843
33825 4742 9069 20057
33825 4742 9085 19615
33825 4742 9085 20425
33825 4742 9176 19611
33825 4742 9176 20332
33825 4742 9178 19615
33825 4742 9178 19822
33825 4742 9544 19794
33825 4742 9689 19100
33825 4742 9689 20117
33825 4742 10238 19634
33825 4742 10238 20332
33825 4742 10324 17176
33825 4742 10324 20425
33825 4742 10334 17867
33825 4742 10623 17867
33825 4742 10623 20117
33825 4742 10692 18968
33825 4742 10692 20057
33825 4742 10714 16846
33825 4742 10714 17774
33825 4742 10867 16703
33825 4742 10867 17774
33825 4742 10995 16751
33825 4742 10995 19822
33825 4742 11107 17337
33825 4742 11107 19710
33825 4742 11514 16751
33825 4742 11514 16846
33825 4742 11514 17176
33825 4742 11514 17337
33825 4742 12099 16703
33825 4742 12099 19615
33825 4742 12233 19634
33825 4742 12260 19615
33825 4742 12260 19710
33825 4748 9065 19646
33825 4748 9065 19962
33825 4748 9065 20051
33825 4748 9065 20247
33825 4748 9082 19615
33825 4748 9082 19822
33825 4748 9082 20031
33825 4748 9082 20430
33825 4748 9156 19475
33825 4748 9156 19799
33825 4748 9156 20051
33825 4748 9156 20247
33825 4748 9159 19487
33825 4748 9159 20243
33825 4748 9173 19611
33825 4748 9173 20127
33825 4748 9175 19615
33825 4748 9175 19822
33825 4748 9175 20114
33825 4748 9175 20323
33825 4748 9188 19539
33825 4748 9188 19959
33825 4748 9189 19547
33825 4748 9189 19702
33825 4748 9545 19191
33825 4748 9683 18998
33825 4748 9683 19099
33825 4748 9699 19003
33825 4748 9699 19959
33825 4748 9700 19191
33825 4748 10094 19702
33825 4748 10179 19547
33825 4748 10180 19539
33825 4748 10180 20243
33825 4748 10228 19475
33825 4748 10228 19646
33825 4748 10324 18714
33825 4748 10565 16786
33825 4748 10565 19003
33825 4748 10574 16699
33825 4748 10595 16886
33825 4748 10595 17847
33825 4748 10618 16750
33825 4748 10618 20127
33825 4748 10698 16883
33825 4748 10712 16834
33825 4748 10835 17846
33825 4748 10873 17770
33825 4748 10873 17863
33825 4748 11001 16750
33825 4748 11001 17847
33825 4748 11006 17846
33825 4748 11098 19646
33825 4748 11107 19547
33825 4748 11107 19702
33825 4748 11255 19475
33825 4748 11258 17263
33825 4748 11258 19487
33825 4748 11384 17259
33825 4748 11477 17259
33825 4748 11480 16786
33825 4748 11480 17263
33825 4748 11514 17183
33825 4748 11514 17330
33825 4748 12101 19547
33825 4748 12231 19475
33825 4748 12231 19646
33825 4748 12261 16886
33825 4748 12261 19611
33825 4748 12264 19702
33825 4751 9066 19638
33825 4751 9066 20056
33825 4751 9082 20425
33825 4751 9156 19479
33825 4751 9156 20056
33825 4751 9159 19483
33825 4751 9159 19803
33825 4751 9545 19093
33825 4751 9545 19762
33825 4751 9683 19000
33825 4751 9700 19000
33825 4751 9700 19193
33825 4751 10227 19479
33825 4751 10227 19638
33825 4751 10227 20328
33825 4751 10227 20425
33825 4751 10323 20328
33825 4751 10329 17180
33825 4751 10329 17771
33825 4751 10595 17846
33825 4751 10595 20056
33825 4751 10701 16887
33825 4751 10701 20056
33825 4751 10712 17771
33825 4751 10712 19093
33825 4751 10870 16786
33825 4751 10870 17771
33825 4751 11111 17180
33825 4751 11111 19698
33825 4751 11255 17260
33825 4751 11255 17771
33825 4751 11511 16747
33825 4751 11511 17180
33825 4751 12104 16882
33825 4751 12233 17180
33825 4751 12233 19483
33825 4756 9085 20191
33825 4756 9087 19671
33825 4756 9087 19878
33825 4756 9162 19671
33825 4756 9162 20274
33825 4756 9178 19543
33825 4756 9178 19878
33825 4756 9551 19026
33825 4756 9551 19987
33825 4756 9577 18770
33825 4756 10090 18710
33825 4756 10090 19510
33825 4756 10460 17790
33825 4756 10460 18818
33825 4756 10483 17327
33825 4756 10483 20350
33825 4756 10489 17323
33825 4756 10489 17790
33825 4756 10966 16778
33825 4756 10966 17790
33825 4756 10995 17790
33825 4756 10995 18782
33825 4756 11098 19158
33825 4756 11098 19671
33825 4756 11206 19710
33825 4756 11247 19510
33825 4756 11247 19671
33825 4756 11357 16858
33825 4756 11357 19878
33825 4756 11512 17327
33825 4756 11512 19878
33825 4756 12115 16778
33825 4756 12115 17323
33825 4756 12115 19710
33825 4756 12115 20191
33825 4756 12264 19987
33825 4758 9038 19547
33825 4758 9038 20092
33825 4758 9039 19803
33825 4758 9039 20085
33825 4758 9069 19743
33825 4758 9070 19996
33825 4758 9070 20277
33825 4758 9087 20396
33825 4758 9162 19679
33825 4758 9162 20216
33825 4758 9176 19547
33825 4758 9176 20092
33825 4758 9545 19036
33825 4758 9550 19803
33825 4758 9550 19996
33825 4758 9576 20092
33825 4758 9677 19160
33825 4758 9721 18850
33825 4758 9721 20085
33825 4758 9726 20092
33825 4758 10058 18782
33825 4758 10058 19000
33825 4758 10063 19547
33825 4758 10094 19036
33825 4758 10201 19547
33825 4758 10218 19160
33825 4758 10223 19157
33825 4758 10223 20277
33825 4758 10355 18830
33825 4758 10451 18782
33825 4758 10451 18831
33825 4758 10484 17320
33825 4758 10484 17790
33825 4758 10484 18863
33825 4758 10484 20345
33825 4758 10494 17324
33825 4758 10494 18850
33825 4758 10618 16783
33825 4758 10698 16702
33825 4758 10698 16863
33825 4758 10724 16702
33825 4758 10724 19000
33825 4758 10735 16699
33825 4758 10735 17883
33825 4758 10735 18997
33825 4758 10735 20181
33825 4758 10835 16863
33825 4758 10835 18831
33825 4758 10836 18830
33825 4758 10963 16783
33825 4758 10963 17790
33825 4758 10963 18863
33825 4758 10963 19806
33825 4758 11001 18770
33825 4758 11096 17324
33825 4758 11096 19157
33825 4758 11101 17320
33825 4758 11208 17180
33825 4758 11208 17883
33825 4758 11208 18997
33825 4758 11208 19698
33825 4758 11235 17401
33825 4758 11359 19874
33825 4758 11359 20357
33825 4758 11514 16783
33825 4758 11514 17320
33825 4758 12115 16783
33825 4758 12115 17320
33825 4758 12260 19518
33825 4758 12260 19993
33825 4765 9080 19706
33825 4765 9080 19887
33825 4765 9082 20211
33825 4765 9156 19679
33825 4765 9156 19731
33825 4765 9173 19543
33825 4765 9173 20366
33825 4765 9576 18998
33825 4765 9576 19731
33825 4765 10063 18998
33825 4765 10063 19543
33825 4765 10089 20338
33825 4765 10698 16703
33825 4765 10698 20211
33825 4765 10724 17878
33825 4765 10724 18998
33825 4765 10735 19003
33825 4765 10735 20182
33825 4765 10836 16851
33825 4765 10836 17878
33825 4765 10963 17787
33825 4765 11001 17787
33825 4765 11001 17831
33825 4765 11203 18998
33825 4765 11203 19706
33825 4765 11238 17394
33825 4765 11238 19679
33825 4765 11354 16851
33825 4765 11354 17394
33825 4765 11354 19887
33825 4765 11354 20366
33825 4765 11514 16771
33825 4765 12116 16771
33825 4765 12116 20182
33825 4765 12264 16703
33825 4765 12264 19514
33825 4767 9032 19547
33825 4767 9032 19794
33825 4767 9032 20092
33825 4767 9032 20341
33825 4767 9033 20085
33825 4767 9065 19506
33825 4767 9066 19734
33825 4767 9080 20357
33825 4767 9082 19671
33825 4767 9082 19702
33825 4767 9156 19671
33825 4767 9156 19734
33825 4767 9156 20216
33825 4767 9156 20281
33825 4767 9175 19547
33825 4767 9175 19883
33825 4767 9175 20085
33825 4767 9175 20357
33825 4767 9577 20092
33825 4767 9716 18854
33825 4767 9716 19033
33825 4767 10093 19033
33825 4767 10211 19702
33825 4767 10211 20281
33825 4767 10457 17787
33825 4767 10691 20216
33825 4767 10966 17787
33825 4767 10966 19794
33825 4767 11213 17879
33825 4767 11213 19702
33825 4767 11352 17397
33825 4767 11352 19883
33825 4767 11479 20341
33825 4767 12116 16774
33825 4767 12116 19702
33825 4767 12232 17397
33825 4772 9039 19734
33825 4772 9039 20439
33825 4772 9085 20127
33825 4772 9085 20323
33825 4772 9161 19582
33825 4772 9161 19611
33825 4772 9161 20274
33825 4772 9161 20439
33825 4772 9193 19675
33825 4772 9544 18867
33825 4772 9577 19003
33825 4772 10201 18798
33825 4772 10201 19003
33825 4772 10218 18867
33825 4772 10218 19574
33825 4772 10358 17263
33825 4772 10358 17823
33825 4772 10364 17822
33825 4772 10364 20274
33825 4772 10483 17263
33825 4772 10483 18891
33825 4772 10867 16746
33825 4772 10867 18798
33825 4772 10966 17822
33825 4772 10966 18891
33825 4772 11206 17823
33825 4772 11206 19611
33825 4772 11258 19122
33825 4772 11357 17263
33825 4772 11357 19734
33825 4772 11480 16698
33825 4772 11480 17263
33825 4772 12131 16698
33825 4772 12131 19582
33825 4772 12230 19675
33825 4772 12230 20127
33825 4773 9038 20435
33825 4773 9085 19911
33825 4773 9161 19607
33825 4773 9192 19638
33825 4773 9192 19679
33825 4773 9192 19990
33825 4773 9192 20095
33825 4773 9545 18967
33825 4773 9545 20147
33825 4773 9550 18867
33825 4773 9550 20150
33825 4773 9576 18998
33825 4773 9576 20114
33825 4773 9721 19918
33825 4773 9721 19987
33825 4773 9726 18787
33825 4773 9726 19911
33825 4773 10058 19158
33825 4773 10058 19634
33825 4773 10060 19122
33825 4773 10060 19163
33825 4773 10060 19638
33825 4773 10060 19679
33825 4773 10093 19607
33825 4773 10201 18787
33825 4773 10204 19003
33825 4773 10204 19510
33825 4773 10218 20435
33825 4773 10334 18787
33825 4773 10355 17259
33825 4773 10355 17823
33825 4773 10355 18890
33825 4773 10355 20286
33825 4773 10361 17822
33825 4773 10361 18887
33825 4773 10494 18867
33825 4773 10494 18887
33825 4773 10595 16863
33825 4773 10595 17822
33825 4773 10599 16699
33825 4773 10599 17823
33825 4773 10711 16747
33825 4773 10711 19003
33825 4773 10712 17867
33825 4773 10723 16858
33825 4773 10723 17790
33825 4773 10728 16863
33825 4773 10728 20150
33825 4773 10873 18787
33825 4773 10873 19911
33825 4773 10972 16699
33825 4773 10972 17823
33825 4773 11082 19570
33825 4773 11112 19158
33825 4773 11112 19510
33825 4773 11208 17823
33825 4773 11255 17358
33825 4773 11357 19731
33825 4773 11479 16699
33825 4773 11479 17259
33825 4773 11479 19822
33825 4773 11479 20286
33825 4773 11511 16747
33825 4773 11511 19918
33825 4773 11514 19911
33825 4773 12115 17358
33825 4773 12126 19634
33825 4773 12126 19987
33825 4773 12140 16699
33825 4773 12231 19514
33825 4780 9033 19582
33825 4780 9033 20439
33825 4780 9082 19918
33825 4780 9156 19603
33825 4780 9156 20439
33825 4780 9188 19667
33825 4780 9188 19987
33825 4780 9715 19911
33825 4780 9716 18794
33825 4780 9716 19127
33825 4780 9716 19918
33825 4780 9716 19987
33825 4780 10094 19574
33825 4780 10094 20439
33825 4780 10211 18874
33825 4780 10211 20439
33825 4780 10563 19127
33825 4780 10602 16851
33825 4780 10709 17862
33825 4780 10714 20114
33825 4780 10867 16747
33825 4780 10867 17862
33825 4780 10867 18794
33825 4780 10867 19911
33825 4780 10969 16702
33825 4780 11111 19667
33825 4780 11256 17346
33825 4780 11352 17179
33825 4780 11352 17263
33825 4780 11482 17263
33825 4780 11509 16747
33825 4780 11509 17346
33825 4780 12135 16702
33825 4780 12135 16851
33825 4780 12135 19582
33825 4780 12135 19603
33825 4781 9032 19578
33825 4781 9032 19743
33825 4781 9032 20150
33825 4781 9032 20435
33825 4781 9082 19506
33825 4781 9156 19578
33825 4781 9156 19615
33825 4781 9189 19646
33825 4781 9189 19671
33825 4781 9576 19158
33825 4781 9576 20127
33825 4781 10057 19127
33825 4781 10057 19646
33825 4781 10063 19642
33825 4781 10063 19671
33825 4781 10090 19615
33825 4781 10090 20435
33825 4781 10483 17259
33825 4781 10735 20150
33825 4781 10836 19743
33825 4781 10873 17863
33825 4781 10873 18791
33825 4781 11107 19158
33825 4781 11107 19671
33825 4781 11206 19570
33825 4781 11206 19615
33825 4781 11253 17863
33825 4781 11253 19646
33825 4781 11477 17259
33825 4781 11477 20274
33825 4781 12121 17346
33825 4781 12121 19646
33825 4781 12136 16703
33825 4781 12136 19615
33825 4781 12233 19518
33825 4781 12233 19671
33825 4804 9032 19475
33825 4804 9032 19743
33825 4804 9032 20191
33825 4804 9032 20435
33825 4804 9033 19483
33825 4804 9033 20439
33825 4804 9065 19547
33825 4804 9065 19646
33825 4804 9066 19543
33825 4804 9066 19987
33825 4804 9080 19667
33825 4804 9080 19887
33825 4804 9082 19671
33825 4804 9082 19878
33825 4804 9082 20211
33825 4804 9082 20354
33825 4804 9119 19671
33825 4804 9119 19878
33825 4804 9119 19990
33825 4804 9119 20327
33825 4804 9133 19702
33825 4804 9133 19962
33825 4804 9133 20191
33825 4804 9133 20435
33825 4804 9500 18818
33825 4804 9500 19127
33825 4804 9503 19031
33825 4804 9503 19122
33825 4804 9545 19067
33825 4804 9644 19067
33825 4804 10044 19646
33825 4804 10089 18878
33825 4804 10089 19483
33825 4804 10090 19475
33825 4804 10090 19702
33825 4804 10201 19547
33825 4804 10262 17775
33825 4804 10262 18878
33825 4804 10268 18770
33825 4804 10303 18787
33825 4804 10355 18859
33825 4804 10399 18854
33825 4804 10399 20439
33825 4804 10457 17323
33825 4804 10457 18818
33825 4804 10712 16778
33825 4804 10806 17790
33825 4804 10813 17775
33825 4804 10813 18854
33825 4804 10941 17770
33825 4804 10941 17807
33825 4804 10963 17790
33825 4804 11030 19547
33825 4804 11030 19646
33825 4804 11039 19127
33825 4804 11039 19543
33825 4804 11082 19475
33825 4804 11183 19702
33825 4804 11384 17327
33825 4804 11414 17323
33825 4804 11414 19887
33825 4804 11421 17327
33825 4804 11446 17179
33825 4804 11446 17406
33825 4804 12099 19646
33825 4804 12104 19667
33825 4804 12104 19987
33825 4804 12136 19475
33825 4804 12136 19702
33825 4804 12198 19547
33825 4805 9032 19487
33825 4805 9032 20182
33825 4805 9033 19479
33825 4805 9033 19731
33825 4805 9118 20323
33825 4805 9133 19706
33825 4805 9133 19959
33825 4805 9502 18819
33825 4805 9646 18771
33825 4805 9646 19058
33825 4805 9646 19959
33825 4805 9646 20182
33825 4805 10045 18791
33825 4805 10045 19642
33825 4805 10201 18819
33825 4805 10201 20366
33825 4805 10302 18791
33825 4805 10302 20323
33825 4805 10361 17406
33825 4805 10361 17806
33825 4805 10451 17323
33825 4805 10451 20366
33825 4805 10812 17771
33825 4805 10812 17791
33825 4805 10935 17771
33825 4805 10969 17806
33825 4805 10969 18771
33825 4805 11082 19058
33825 4805 11082 19479
33825 4805 11175 17406
33825 4805 11175 19706
33825 4805 11453 17406
33825 4805 11453 19731
33825 4805 12131 17406
33825 4805 12131 19487
33825 4805 12204 20210
33825 4810 9085 19667
33825 4810 9085 20357
33825 4810 9087 19671
33825 4810 9087 20216
33825 4810 9108 19671
33825 4810 9108 20332
33825 4810 9127 19966
33825 4810 9551 18871
33825 4810 9551 19731
33825 4810 9638 18782
33825 4810 9638 19061
33825 4810 10046 18791
33825 4810 10046 19129
33825 4810 10046 19634
33825 4810 10046 20332
33825 4810 10094 18871
33825 4810 10262 18782
33825 4810 10268 17794
33825 4810 10388 17176
33825 4810 10460 20357
33825 4810 10782 18791
33825 4810 10966 17790
33825 4810 11036 19129
33825 4810 11175 17397
33825 4810 11175 17790
33825 4810 11175 19061
33825 4810 11175 19710
33825 4810 11446 17176
33825 4810 11446 17397
33825 4810 11446 19731
33825 4810 11446 19966
33825 4810 12101 19634
33825 4810 12101 19671
33825 4810 12140 19710
33825 4810 12206 19671
33825 4810 12206 20092
33825 4811 9069 19551
33825 4811 9070 19539
33825 4811 9070 19638
33825 4811 9070 19996
33825 4811 9070 20217
33825 4811 9109 19996
33825 4811 9109 20328
33825 4811 9127 19955
33825 4811 9127 20181
33825 4811 9550 18867
33825 4811 9550 19068
33825 4811 9636 19068
33825 4811 9636 19955
33825 4811 10047 19638
33825 4811 10047 20328
33825 4811 10198 18818
33825 4811 10198 19551
33825 4811 10293 17826
33825 4811 10293 20328
33825 4811 10364 17397
33825 4811 10364 18863
33825 4811 10389 17180
33825 4811 10389 20440
33825 4811 10942 17795
33825 4811 10942 19955
33825 4811 10972 18850
33825 4811 11077 17180
33825 4811 11077 19068
33825 4811 11183 19068
33825 4811 11183 19698
33825 4811 11423 19878
33825 4811 11423 20328
33825 4811 11453 17397
33825 4811 11453 19955
33825 4811 12196 19539
33825 4811 12215 20217
33825 4837 9032 19615
33825 4837 9032 19702
33825 4837 9065 19578
33825 4837 9065 19671
33825 4837 9133 19578
33825 4837 9133 19799
33825 4837 9133 20051
33825 4837 9133 20350
33825 4837 9150 19506
33825 4837 9576 19067
33825 4837 9576 20018
33825 4837 10044 19574
33825 4837 10044 19615
33825 4837 10141 18791
33825 4837 10141 19671
33825 4837 10156 19026
33825 4837 10156 19702
33825 4837 10483 20350
33825 4837 10663 19067
33825 4837 10908 16703
33825 4837 10908 17807
33825 4837 11001 19799
33825 4837 11063 17294
33825 4837 11063 19615
33825 4837 11096 17807
33825 4837 11096 19702
33825 4837 11098 19671
33825 4837 11098 19698
33825 4837 11421 17294
33825 4837 11421 20439
33825 4837 12099 19514
33825 4837 12099 19615
33825 4837 12206 19671
33825 4837 12206 20051
33825 4837 12220 17263
33825 4837 12220 19702
33825 4838 9032 19611
33825 4838 9032 19803
33825 4838 9066 19679
33825 4838 9066 20345
33825 4838 9133 19582
33825 4838 9133 20345
33825 4838 9149 20216
33825 4838 9576 18811
33825 4838 9576 19061
33825 4838 10047 19061
33825 4838 10047 19611
33825 4838 10158 18802
33825 4838 10292 17790
33825 4838 10292 20345
33825 4838 10302 17260
33825 4838 10302 17787
33825 4838 10483 18863
33825 4838 10483 20345
33825 4838 10516 20057
33825 4838 10671 17787
33825 4838 10671 19061
33825 4838 11001 17787
33825 4838 11001 18818
33825 4838 11112 17787
33825 4838 11112 19093
33825 4838 11256 19061
33825 4838 11256 19570
33825 4838 11354 17289
33825 4838 11354 17368
33825 4838 11412 17289
33825 4838 11455 17260
33825 4838 11455 19762
33825 4838 12196 19582
33825 4838 12196 19679
33825 4838 12196 20057
33825 4838 12196 20216
33825 4841 9039 19603
33825 4841 9039 19706
33825 4841 9039 19762
33825 4841 9039 19803
33825 4841 9070 19675
33825 4841 9127 20338
33825 4841 9143 20210
33825 4841 9500 18863
33825 4841 9500 19815
33825 4841 9503 18859
33825 4841 9503 19090
33825 4841 9503 19818
33825 4841 9503 20051
33825 4841 9580 18815
33825 4841 9654 18787
33825 4841 10046 19067
33825 4841 10132 18798
33825 4841 10132 19510
33825 4841 10150 20435
33825 4841 10228 19574
33825 4841 10293 17791
33825 4841 10293 18798
33825 4841 10303 17259
33825 4841 10303 17786
33825 4841 10303 18787
33825 4841 10303 20338
33825 4841 10334 18859
33825 4841 10484 18806
33825 4841 10484 18863
33825 4841 10516 16806
33825 4841 10516 17831
33825 4841 10565 16702
33825 4841 10565 16887
33825 4841 10574 16699
33825 4841 10671 16883
33825 4841 10671 17786
33825 4841 10671 19067
33825 4841 10671 20210
33825 4841 10775 17826
33825 4841 10806 17795
33825 4841 10813 18806
33825 4841 10813 19815
33825 4841 10903 19762
33825 4841 10908 16702
33825 4841 10908 19775
33825 4841 11006 19803
33825 4841 11062 19603
33825 4841 11101 17831
33825 4841 11101 19710
33825 4841 11103 17795
33825 4841 11103 17826
33825 4841 11103 19675
33825 4841 11103 19706
33825 4841 11111 19090
33825 4841 11116 17791
33825 4841 11116 19510
33825 4841 11255 17282
33825 4841 11357 16807
33825 4841 11423 16699
33825 4841 11423 17282
33825 4841 11423 19818
33825 4841 11423 20435
33825 4841 11446 16883
33825 4841 11453 16887
33825 4841 11453 19775
33825 4841 12101 19518
33825 4841 12198 20051
33825 4841 12213 16806
33825 4841 12213 19710
33825 4841 12222 17259
33825 4842 9039 19607
33825 4842 9069 19582
33825 4842 9069 19667
33825 4842 9069 20341
33825 4842 9069 20440
33825 4842 9127 20057
33825 4842 9127 20341
33825 4842 9140 19811
33825 4842 9140 20396
33825 4842 9500 19822
33825 4842 9500 20057
33825 4842 9503 19100
33825 4842 9503 19811
33825 4842 10134 19667
33825 4842 10148 20440
33825 4842 10519 17826
33825 4842 10519 20057
33825 4842 10574 16887
33825 4842 10574 19100
33825 4842 10663 19061
33825 4842 10663 20217
33825 4842 10813 17795
33825 4842 10813 19811
33825 4842 11006 16802
33825 4842 11068 17285
33825 4842 11068 19570
33825 4842 11255 17285
33825 4842 11255 19061
33825 4842 11357 16803
33825 4842 11357 17285
33825 4842 11414 17285
33825 4842 11414 19811
33825 4842 12101 16786
33825 4842 12101 19607
33825 4842 12204 19582
33825 4842 12204 20057
33825 4852 9032 19539
33825 4852 9032 20243
33825 4852 9080 19603
33825 4852 9080 20127
33825 4852 9133 19638
33825 4852 9133 20127
33825 4852 9135 19734
33825 4852 9503 19127
33825 4852 9545 18811
33825 4852 9545 19026
33825 4852 9644 19099
33825 4852 9644 19127
33825 4852 10218 18771
33825 4852 10218 18806
33825 4852 10218 19603
33825 4852 10218 19638
33825 4852 10262 17263
33825 4852 10271 20354
33825 4852 10361 17822
33825 4852 10431 18771
33825 4852 10806 16746
33825 4852 10806 17822
33825 4852 10806 18811
33825 4852 10806 19855
33825 4852 10813 18806
33825 4852 11036 19026
33825 4852 11242 19539
33825 4852 11352 16746
33825 4852 11352 17263
33825 4852 11352 19734
33825 4852 11352 20243
33825 4852 11446 19855
33825 4852 12147 19518
33825 4852 12147 20127
33825 4852 12198 16698
33825 4852 12198 20127
33825 4854 9032 19547
33825 4854 9032 19771
33825 4854 9032 20092
33825 4854 9032 20252
33825 4854 9082 19615
33825 4854 9082 19918
33825 4854 9082 20120
33825 4854 9082 20425
33825 4854 9118 20092
33825 4854 9119 19506
33825 4854 9133 19615
33825 4854 9133 19646
33825 4854 9135 20252
33825 4854 9149 19918
33825 4854 9150 19547
33825 4854 9150 19906
33825 4854 9150 19996
33825 4854 9150 20357
33825 4854 9544 19996
33825 4854 9646 19100
33825 4854 9646 19771
33825 4854 10046 19100
33825 4854 10218 18782
33825 4854 10218 19646
33825 4854 10388 20425
33825 4854 10559 17771
33825 4854 10841 17771
33825 4854 10841 19906
33825 4854 11235 17823
33825 4854 11235 19646
33825 4854 11354 16750
33825 4854 11354 17256
33825 4854 11423 20357
33825 4854 12115 17256
33825 4854 12196 19646
33825 4854 12196 20120
33825 4857 9038 19547
33825 4857 9038 19762
33825 4857 9087 19603
33825 4857 9087 19915
33825 4857 9108 20086
33825 4857 9109 19855
33825 4857 9109 20430
33825 4857 9125 20286
33825 4857 9140 19911
33825 4857 9140 19990
33825 4857 9143 19547
33825 4857 9143 19915
33825 4857 9551 18811
33825 4857 9551 19987
33825 4857 9638 19099
33825 4857 9638 19738
33825 4857 10046 19099
33825 4857 10046 20354
33825 4857 10214 18811
33825 4857 10214 19642
33825 4857 10261 17847
33825 4857 10261 18782
33825 4857 10268 17263
33825 4857 10388 18806
33825 4857 10388 20430
33825 4857 10398 17346
33825 4857 10398 18811
33825 4857 10428 17183
33825 4857 10428 18782
33825 4857 10431 17179
33825 4857 10431 18819
33825 4857 10525 16774
33825 4857 10525 19031
33825 4857 10526 16747
33825 4857 10526 19026
33825 4857 10548 16774
33825 4857 10548 17775
33825 4857 10559 16771
33825 4857 10559 19099
33825 4857 10661 16702
33825 4857 10661 19990
33825 4857 10669 19127
33825 4857 10807 16747
33825 4857 10807 18811
33825 4857 10812 18806
33825 4857 10812 19855
33825 4857 10846 17842
33825 4857 10846 19915
33825 4857 10902 17786
33825 4857 10902 19915
33825 4857 10909 16702
33825 4857 10909 19911
33825 4857 11030 17770
33825 4857 11030 19547
33825 4857 11036 17775
33825 4857 11036 19031
33825 4857 11175 17179
33825 4857 11175 19099
33825 4857 11181 17183
33825 4857 11181 17847
33825 4857 11247 17811
33825 4857 11247 19547
33825 4857 11359 16747
33825 4857 11359 20243
33825 4857 11446 17179
33825 4857 11446 19850
33825 4857 12150 16747
33825 4857 12150 19514
33825 4857 12206 17179
33825 4857 12206 20114
33825 4859 9038 19539
33825 4859 9038 20092
33825 4859 9085 19615
33825 4859 9085 20425
33825 4859 9125 19766
33825 4859 9127 19615
33825 4859 9127 20117
33825 4859 9636 19100
33825 4859 9636 19129
33825 4859 9636 19731
33825 4859 9636 19766
33825 4859 10044 19615
33825 4859 10044 20357
33825 4859 10063 19510
33825 4859 10214 19615
33825 4859 10214 19634
33825 4859 10516 16774
33825 4859 10663 19129
33825 4859 10671 17810
33825 4859 10735 20092
33825 4859 10836 17846
33825 4859 10908 16703
33825 4859 11173 17180
33825 4859 11173 17846
33825 4859 11173 19100
33825 4859 11173 19510
33825 4859 11183 17176
33825 4859 11357 16751
33825 4859 11357 19731
33825 4859 11444 16774
33825 4859 11444 17180
33825 4859 12156 16751
33825 4859 12204 16703
33825 4859 12204 17176
33825 4859 12204 19634
33825 4859 12204 20117
33825 4938 8604 19582
33825 4938 8604 20421
33825 4938 8623 19799
33825 4938 8693 19570
33825 4938 8693 20396
33825 4938 8695 19582
33825 4938 8695 20057
33825 4938 9638 19582
33825 4938 9638 20181
33825 4938 9677 19582
33825 4938 9677 19603
33825 4938 9700 19543
33825 4938 9918 19257
33825 4938 9918 19292
33825 4938 9918 19762
33825 4938 9918 19799
33825 4938 10262 16846
33825 4938 10334 17879
33825 4938 10516 17048
33825 4938 10671 17116
33825 4938 10671 17879
33825 4938 10671 19292
33825 4938 10671 19543
33825 4938 10772 17827
33825 4938 10782 16887
33825 4938 10836 20396
33825 4938 10908 19257
33825 4938 11574 16846
33825 4938 11574 17048
33825 4938 11574 19603
33825 4938 11574 20421
33825 4938 11750 16798
33825 4938 12206 16887
33825 4938 12206 17116
33825 4938 12231 16798
33825 4938 12231 19762
33825 4939 8605 20021
33825 4939 8605 20425
33825 4939 8623 19794
33825 4939 8623 20092
33825 4939 8677 19702
33825 4939 8678 19615
33825 4939 8678 19698
33825 4939 8678 20021
33825 4939 8678 20056
33825 4939 9644 19698
33825 4939 9663 20056
33825 4939 9879 19855
33825 4939 9879 20425
33825 4939 9909 19292
33825 4939 9909 19794
33825 4939 10324 16771
33825 4939 10422 17826
33825 4939 10422 19794
33825 4939 10663 17109
33825 4939 10663 19539
33825 4939 10701 17109
33825 4939 10701 19253
33825 4939 10813 17795
33825 4939 10813 20425
33825 4939 10909 19253
33825 4939 10909 20345
33825 4939 10996 16774
33825 4939 10996 19292
33825 4939 11575 19615
33825 4939 11575 20425
33825 4939 11614 16803
33825 4939 11614 19702
33825 4939 12204 17109
33825 4939 12204 19794
33825 4939 12230 16786
33825 4939 12230 17109
33825 4940 8599 19582
33825 4940 8599 19855
33825 4940 8599 20031
33825 4940 8599 20430
33825 4940 8613 19551
33825 4940 8613 19803
33825 4940 8613 20086
33825 4940 8613 20338
33825 4940 8648 19506
33825 4940 8648 19766
33825 4940 8648 20086
33825 4940 8648 20338
33825 4940 8649 19514
33825 4940 8649 20350
33825 4940 8681 19607
33825 4940 8681 19706
33825 4940 8682 19710
33825 4940 8682 20018
33825 4940 8696 19570
33825 4940 8696 19846
33825 4940 8698 19582
33825 4940 8698 19855
33825 4940 8698 20050
33825 4940 8698 20387
33825 4940 9646 19706
33825 4940 9667 19607
33825 4940 9672 19570
33825 4940 9672 20018
33825 4940 9704 19506
33825 4940 9704 19551
33825 4940 9877 19334
33825 4940 9886 19338
33825 4940 9886 19846
33825 4940 9918 19258
33825 4940 9918 19287
33825 4940 9976 19334
33825 4940 10293 16783
33825 4940 10293 17862
33825 4940 10302 17879
33825 4940 10323 17879
33825 4940 10421 17830
33825 4940 10421 17867
33825 4940 10519 17054
33825 4940 10519 19710
33825 4940 10526 19607
33825 4940 10526 19706
33825 4940 10663 19551
33825 4940 10698 19506
33825 4940 10772 16883
33825 4940 10782 16791
33825 4940 10782 17862
33825 4940 10807 16834
33825 4940 10841 16803
33825 4940 10841 19338
33825 4940 10903 16783
33825 4940 10903 20350
33825 4940 10995 16778
33825 4940 11096 18859
33825 4940 11572 19607
33825 4940 11609 19706
33825 4940 11753 16791
33825 4940 11753 19514
33825 4940 11754 19506
33825 4940 11754 19551
33825 4940 12052 16803
33825 4940 12052 17054
33825 4940 12055 17043
33825 4940 12055 17150
33825 4940 12196 17114
33825 4940 12233 17114
33825 4941 8598 20418
33825 4941 8613 19547
33825 4941 8613 19806
33825 4941 8648 19510
33825 4941 8648 20095
33825 4941 8649 19518
33825 4941 8649 19762
33825 4941 9636 20051
33825 4941 9699 19287
33825 4941 9699 19510
33825 4941 9909 19287
33825 4941 9909 19762
33825 4941 10292 17866
33825 4941 10292 17878
33825 4941 10329 16882
33825 4941 10329 17831
33825 4941 10431 17866
33825 4941 10671 19287
33825 4941 10671 19547
33825 4941 10698 17107
33825 4941 10698 19518
33825 4941 10806 16846
33825 4941 10806 20418
33825 4941 10835 19338
33825 4941 10835 20391
33825 4941 11001 17831
33825 4941 11001 19287
33825 4941 11573 16846
33825 4941 11573 19611
33825 4941 11609 16802
33825 4941 11609 20391
33825 4941 12054 16802
33825 4941 12198 16882
33825 4941 12198 17107
33825 4941 12198 19806
33825 4941 12198 20095
33825 4969 8623 20435
33825 4969 8639 20051
33825 4969 8647 19547
33825 4969 8647 19634
33825 4969 8647 19731
33825 4969 8647 19962
33825 4969 8678 19578
33825 4969 9646 20210
33825 4969 9654 19402
33825 4969 9661 18831
33825 4969 9661 19543
33825 4969 9677 19479
33825 4969 9879 18714
33825 4969 9879 19363
33825 4969 9879 19915
33825 4969 9879 20338
33825 4969 9909 18782
33825 4969 9909 19734
33825 4969 9918 18770
33825 4969 9941 18830
33825 4969 10271 17795
33825 4969 10293 16863
33825 4969 10293 19918
33825 4969 10302 17826
33825 4969 10358 19962
33825 4969 10388 18711
33825 4969 10388 19734
33825 4969 10399 19731
33825 4969 10558 19634
33825 4969 10623 19363
33825 4969 10709 17806
33825 4969 10709 19543
33825 4969 10711 17795
33825 4969 10711 17826
33825 4969 10711 19547
33825 4969 10711 19578
33825 4969 10724 17878
33825 4969 10724 19487
33825 4969 10735 17075
33825 4969 10807 16834
33825 4969 10807 17883
33825 4969 10807 19402
33825 4969 10807 20435
33825 4969 10813 16839
33825 4969 10813 17878
33825 4969 10876 16774
33825 4969 10876 16863
33825 4969 10966 16778
33825 4969 11036 17806
33825 4969 11036 18831
33825 4969 11175 17114
33825 4969 11175 17883
33825 4969 11175 18770
33825 4969 11175 20051
33825 4969 11206 18714
33825 4969 11213 18711
33825 4969 11213 18782
33825 4969 11574 17114
33825 4969 11644 19679
33825 4969 11676 16839
33825 4969 11676 19487
33825 4969 11694 20338
33825 4969 12052 16774
33825 4969 12052 19918
33825 4969 12055 16778
33825 4969 12055 17075
33825 4969 12055 19915
33825 4969 12055 20210
33825 4969 12222 16834
33825 4969 12260 16854
33825 4970 8623 20216
33825 4970 8623 20444
33825 4970 8636 19906
33825 4970 8636 20357
33825 4970 8647 19646
33825 4970 8677 19570
33825 4970 8677 19671
33825 4970 8677 20345
33825 4970 8677 20444
33825 4970 9636 19671
33825 4970 9636 20216
33825 4970 9677 18867
33825 4970 9677 19646
33825 4970 9886 19372
33825 4970 9886 19906
33825 4970 9941 18818
33825 4970 9941 19372
33825 4970 10293 17826
33825 4970 10293 19906
33825 4970 10358 18819
33825 4970 10548 19372
33825 4970 10548 19667
33825 4970 10623 17116
33825 4970 10623 19372
33825 4970 11039 17795
33825 4970 11039 20216
33825 4970 11183 17116
33825 4970 11183 20056
33825 4970 11206 17077
33825 4970 11206 18782
33825 4970 11678 19570
33825 4970 11692 20345
33825 4970 12052 19911
33825 4970 12052 20216
33825 4970 12055 17077
33825 4970 12055 19906
33825 4973 8613 19675
33825 4973 8613 19966
33825 4973 8613 20210
33825 4973 8613 20439
33825 4973 8630 19475
33825 4973 8648 19551
33825 4973 8648 19638
33825 4973 8681 19582
33825 4973 8681 19675
33825 4973 9638 19582
33825 4973 9638 20210
33825 4973 9652 19398
33825 4973 9652 19551
33825 4973 9667 19483
33825 4973 9667 19638
33825 4973 9877 19367
33825 4973 9877 20350
33825 4973 10361 19966
33825 4973 10388 17830
33825 4973 10388 18710
33825 4973 10559 19367
33825 4973 10559 19638
33825 4973 10712 17830
33825 4973 10712 19551
33825 4973 10714 19539
33825 4973 10714 19582
33825 4973 10867 20439
33825 4973 11183 17114
33825 4973 11572 19638
33825 4973 11572 19679
33825 4973 11669 16846
33825 4973 11669 19582
33825 4973 11684 17139
33825 4973 11684 19551
33825 4973 12264 17114
33825 4973 12264 19987
33825 4974 8613 19671
33825 4974 8613 20440
33825 4974 8629 20057
33825 4974 8648 19642
33825 4974 8648 19962
33825 4974 8682 19574
33825 4974 8682 20440
33825 4974 9644 19574
33825 4974 9644 19671
33825 4974 9644 20057
33825 4974 9644 20216
33825 4974 9884 19368
33825 4974 9911 19397
33825 4974 9911 19731
33825 4974 9946 19321
33825 4974 9946 19368
33825 4974 10361 16803
33825 4974 10361 17882
33825 4974 10616 17116
33825 4974 10616 19667
33825 4974 10728 17084
33825 4974 10728 17882
33825 4974 10806 17882
33825 4974 10806 19397
33825 4974 10812 17879
33825 4974 10812 20440
33825 4974 10867 16774
33825 4974 10867 20440
33825 4974 11036 20216
33825 4974 11175 17116
33825 4974 11175 17882
33825 4974 11575 17116
33825 4974 11575 19642
33825 4974 11686 16851
33825 4974 12264 16858
33825 4974 12264 17116
33825 4985 8604 20191
33825 4985 8605 19878
33825 4985 8605 20327
33825 4985 8621 20247
33825 4985 8636 19822
33825 4985 8636 20031
33825 4985 8639 19706
33825 4985 8639 19818
33825 4985 8646 19706
33825 4985 8646 19731
33825 4985 8695 19634
33825 4985 8695 19818
33825 4985 9638 19258
33825 4985 9638 20147
33825 4985 9726 18890
33825 4985 9726 19483
33825 4985 9918 19258
33825 4985 9918 19883
33825 4985 9943 18890
33825 4985 9943 20274
33825 4985 10292 16863
33825 4985 10292 19878
33825 4985 10303 16858
33825 4985 10303 18890
33825 4985 10389 18711
33825 4985 10389 19822
33825 4985 10398 17883
33825 4985 10398 19818
33825 4985 10454 17811
33825 4985 10454 19818
33825 4985 10516 17150
33825 4985 10516 17862
33825 4985 10526 17867
33825 4985 10526 19706
33825 4985 10599 17842
33825 4985 10599 19706
33825 4985 10661 17822
33825 4985 10661 19254
33825 4985 10671 17082
33825 4985 10671 19258
33825 4985 10772 19398
33825 4985 10781 16887
33825 4985 10781 17822
33825 4985 10902 16858
33825 4985 10902 19299
33825 4985 10908 16863
33825 4985 10908 20327
33825 4985 10932 16887
33825 4985 10932 19254
33825 4985 10935 16802
33825 4985 10935 19258
33825 4985 11029 17150
33825 4985 11029 18863
33825 4985 11030 17139
33825 4985 11030 18890
33825 4985 11063 17082
33825 4985 11063 18850
33825 4985 11068 17862
33825 4985 11068 18863
33825 4985 11173 17054
33825 4985 11181 18711
33825 4985 11181 20031
33825 4985 11574 17082
33825 4985 11574 20387
33825 4985 11630 16858
33825 4985 11630 19611
33825 4985 12206 17082
33825 4985 12206 19771
33825 4985 12231 16858
33825 4985 12231 20018
33825 4987 8621 19743
33825 4987 8623 19638
33825 4987 8623 20156
33825 4987 8646 19698
33825 4987 8646 20181
33825 4987 8693 19638
33825 4987 8693 20328
33825 4987 9636 18710
33825 4987 9636 19257
33825 4987 9636 19603
33825 4987 9636 20156
33825 4987 9716 18886
33825 4987 9916 18863
33825 4987 9916 19253
33825 4987 9941 18886
33825 4987 9941 19762
33825 4987 10388 18710
33825 4987 10460 17823
33825 4987 10663 19257
33825 4987 10669 17077
33825 4987 10669 17823
33825 4987 10669 19253
33825 4987 10669 19487
33825 4987 11036 18863
33825 4987 11111 20181
33825 4987 11175 17843
33825 4987 11183 17048
33825 4987 11572 19638
33825 4987 11572 20396
33825 4987 11630 19603
33825 4987 11630 19638
33825 4987 11719 19487
33825 4987 12204 17048
33825 4987 12204 17077
33825 4987 12204 19743
33825 4987 12204 19762
33825 4988 8613 19615
33825 4988 8613 20150
33825 4988 8615 19775
33825 4988 8648 19698
33825 4988 8648 20274
33825 4988 8696 19634
33825 4988 8696 20150
33825 4988 9646 18715
33825 4988 9646 20150
33825 4988 9715 19479
33825 4988 9715 20150
33825 4988 9918 19878
33825 4988 9944 18891
33825 4988 9944 19398
33825 4988 9944 19775
33825 4988 9944 20274
33825 4988 10293 16863
33825 4988 10302 16858
33825 4988 10302 17847
33825 4988 10302 18891
33825 4988 10302 19878
33825 4988 10516 17139
33825 4988 10602 19698
33825 4988 10775 20387
33825 4988 10782 19398
33825 4988 10935 16882
33825 4988 11001 17847
33825 4988 11626 16863
33825 4988 11626 16882
33825 4988 11626 19615
33825 4988 11626 19634
33825 4988 12055 17054
33825 4988 12196 17054
33825 4988 12196 17082
33825 4988 12233 16858
33825 4988 12233 17139
33825 4990 8598 20181
33825 4990 8599 19475
33825 4990 8613 19607
33825 4990 8613 19638
33825 4990 8615 20277
33825 4990 8629 19815
33825 4990 8630 19706
33825 4990 8630 19811
33825 4990 8630 20021
33825 4990 8630 20396
33825 4990 8648 19706
33825 4990 8648 19738
33825 4990 8648 20181
33825 4990 8648 20277
33825 4990 8698 19638
33825 4990 8698 19815
33825 4990 8698 20153
33825 4990 8698 20328
33825 4990 9644 19607
33825 4990 9644 20153
33825 4990 9683 19401
33825 4990 9879 20396
33825 4990 9946 18887
33825 4990 9946 19401
33825 4990 10457 17866
33825 4990 10457 19811
33825 4990 10595 17846
33825 4990 10595 19607
33825 4990 10908 20328
33825 4990 11063 17866
33825 4990 11574 17077
33825 4990 11626 16887
33825 4990 11626 19607
33825 4990 12198 17077
33825 4990 12198 19738
33825 4990 12232 20021
33825 4996 8524 19506
33825 4996 8524 19966
33825 4996 8524 20210
33825 4996 8524 20286
33825 4996 8527 19510
33825 4996 8527 20274
33825 4996 8541 19642
33825 4996 8541 20150
33825 4996 8543 19638
33825 4996 8543 19911
33825 4996 8543 20147
33825 4996 8543 20418
33825 4996 8556 19698
33825 4996 8556 19806
33825 4996 8557 19551
33825 4996 8557 19706
33825 4996 8681 19607
33825 4996 8681 19803
33825 4996 8681 20210
33825 4996 8681 20286
33825 4996 8698 19638
33825 4996 8698 19911
33825 4996 8698 19990
33825 4996 8698 20327
33825 4996 9551 19506
33825 4996 9551 19607
33825 4996 9576 19551
33825 4996 9581 18783
33825 4996 9581 19642
33825 4996 9677 19706
33825 4996 9816 18867
33825 4996 9816 19398
33825 4996 9821 19402
33825 4996 9850 19254
33825 4996 9850 19347
33825 4996 9976 19402
33825 4996 10358 17823
33825 4996 10361 17822
33825 4996 10361 18887
33825 4996 10451 17823
33825 4996 10489 17774
33825 4996 10489 17867
33825 4996 10618 19398
33825 4996 10618 19510
33825 4996 10623 19506
33825 4996 10714 19607
33825 4996 10723 19551
33825 4996 10723 19706
33825 4996 10972 16699
33825 4996 11082 18770
33825 4996 11096 18787
33825 4996 11206 18714
33825 4996 11213 16922
33825 4996 11213 18867
33825 4996 11235 17822
33825 4996 11235 18783
33825 4996 11258 18887
33825 4996 11258 20150
33825 4996 11587 19706
33825 4996 11596 19698
33825 4996 11596 20274
33825 4996 11644 19506
33825 4996 11644 19607
33825 4996 11750 19551
33825 4996 12115 16927
33825 4996 12115 17082
33825 4996 12131 16922
33825 4996 12131 19806
33825 4996 12140 16990
33825 4996 12233 16990
33825 4999 8524 19518
33825 4999 8524 20217
33825 4999 8527 19514
33825 4999 8527 19962
33825 4999 8682 19615
33825 4999 8682 20217
33825 4999 8698 20328
33825 4999 9545 19253
33825 4999 9545 19514
33825 4999 9672 18771
33825 4999 9855 18890
33825 4999 9855 19253
33825 4999 10494 17866
33825 4999 10494 18867
33825 4999 10623 17866
33825 4999 10623 19397
33825 4999 10735 19253
33825 4999 10735 19539
33825 4999 10963 20425
33825 4999 10969 17866
33825 4999 10969 19253
33825 4999 11077 18782
33825 4999 11077 20217
33825 4999 11096 17084
33825 4999 11096 17866
33825 4999 11235 17823
33825 4999 11235 20217
33825 4999 11635 19518
33825 4999 11635 19615
33825 4999 11635 20328
33825 4999 11635 20425
33825 4999 12115 16921
33825 4999 12140 16921
33825 4999 12140 16984
33825 4999 12233 17084
33825 4999 12233 19731
33825 5005 8552 19702
33825 5005 8553 19547
33825 5005 8553 19710
33825 5005 8553 19794
33825 5005 8553 19959
33825 5005 8678 19794
33825 5005 8678 20211
33825 5005 8693 19918
33825 5005 8693 20327
33825 5005 9670 19710
33825 5005 9716 18794
33825 5005 9823 18874
33825 5005 9823 20327
33825 5005 9855 18794
33825 5005 9855 19258
33825 5005 10484 17770
33825 5005 10484 17862
33825 5005 10484 18710
33825 5005 10484 18874
33825 5005 10735 19258
33825 5005 10735 19351
33825 5005 10735 19547
33825 5005 10735 19702
33825 5005 10963 17862
33825 5005 10963 20327
33825 5005 10969 19351
33825 5005 11203 18710
33825 5005 11208 17075
33825 5005 11242 20211
33825 5005 11256 17770
33825 5005 11594 16991
33825 5005 11594 20274
33825 5005 11641 19611
33825 5005 11641 20327
33825 5005 12232 16991
33825 5005 12265 19959
33825 5006 8536 19642
33825 5006 8536 20421
33825 5006 8538 19638
33825 5006 8538 19911
33825 5006 8677 20216
33825 5006 8693 19638
33825 5006 8693 20328
33825 5006 9545 19603
33825 5006 9580 19543
33825 5006 9580 19638
33825 5006 9667 18710
33825 5006 9667 19638
33825 5006 9850 18791
33825 5006 9850 18886
33825 5006 9850 19257
33825 5006 9850 19352
33825 5006 10355 18886
33825 5006 10355 19911
33825 5006 10483 17863
33825 5006 10483 18710
33825 5006 10723 19352
33825 5006 10723 19543
33825 5006 10966 17770
33825 5006 10972 19257
33825 5006 10972 20328
33825 5006 11084 16953
33825 5006 11084 20216
33825 5006 11098 17863
33825 5006 11098 18791
33825 5006 11255 17770
33825 5006 11255 20156
33825 5006 11638 19603
33825 5006 11638 20421
33825 5006 12121 17077
33825 5006 12121 20156
33825 5006 12232 19955
33825 5013 8524 19574
33825 5013 8524 19762
33825 5013 8541 19710
33825 5013 8541 20391
33825 5013 8696 19547
33825 5013 8696 19846
33825 5013 8698 20050
33825 5013 9576 18710
33825 5013 9576 19483
33825 5013 9692 18850
33825 5013 9692 20095
33825 5013 9850 18850
33825 5013 9946 18802
33825 5013 9946 19283
33825 5013 9946 19846
33825 5013 9946 20391
33825 5013 10323 17882
33825 5013 10361 17806
33825 5013 10361 17882
33825 5013 10460 17791
33825 5013 10460 18802
33825 5013 10563 16927
33825 5013 10563 19547
33825 5013 10606 19283
33825 5013 10606 19574
33825 5013 11082 18710
33825 5013 11082 20050
33825 5013 11111 16922
33825 5013 11111 20095
33825 5013 11116 16927
33825 5013 11116 17791
33825 5013 11719 16927
33825 5013 11719 19710
33825 5013 11753 20435
33825 5013 12264 16927
33825 5013 12264 19762
33825 5015 8524 19582
33825 5015 8524 19775
33825 5015 8524 20057
33825 5015 8524 20248
33825 5015 8543 19706
33825 5015 8543 19850
33825 5015 8543 20188
33825 5015 8543 20396
33825 5015 8648 19706
33825 5015 8648 19955
33825 5015 8648 20181
33825 5015 8648 20444
33825 5015 8649 20188
33825 5015 8681 19475
33825 5015 8682 19775
33825 5015 8696 20396
33825 5015 8698 19551
33825 5015 8698 19582
33825 5015 9544 19292
33825 5015 9692 18863
33825 5015 9692 19551
33825 5015 9823 20444
33825 5015 9944 19292
33825 5015 9944 19850
33825 5015 10334 17882
33825 5015 10334 19955
33825 5015 10565 17790
33825 5015 10565 19551
33825 5015 10841 17882
33825 5015 11075 20057
33825 5015 11619 19551
33825 5015 11619 20248
33825 5015 11749 17144
33825 5015 12156 16783
33825 5015 12156 17144
33825 5015 12265 20181
33825 5020 8522 19582
33825 5020 8522 20243
33825 5020 8538 19710
33825 5020 8538 19855
33825 5020 8693 20086
33825 5020 8695 19582
33825 5020 8695 19855
33825 5020 9576 20018
33825 5020 9683 18859
33825 5020 9683 19338
33825 5020 9683 19543
33825 5020 9683 20086
33825 5020 9848 19334
33825 5020 9848 19855
33825 5020 9941 18811
33825 5020 9941 19855
33825 5020 10334 17879
33825 5020 10334 18859
33825 5020 10355 16887
33825 5020 10355 17879
33825 5020 10574 19543
33825 5020 10599 19487
33825 5020 10599 19582
33825 5020 10714 17023
33825 5020 10714 19582
33825 5020 10836 16803
33825 5020 10836 17879
33825 5020 10867 19334
33825 5020 10867 20439
33825 5020 10873 17879
33825 5020 10873 19338
33825 5020 11754 16703
33825 5020 11754 19487
33825 5020 12231 17139
33825 5020 12231 20018
33825 5020 12265 16883
33825 5022 8522 19574
33825 5022 8522 20057
33825 5022 8536 19706
33825 5022 8536 20181
33825 5022 8646 19706
33825 5022 8646 20181
33825 5022 8647 19962
33825 5022 8647 20188
33825 5022 8677 19766
33825 5022 8678 20021
33825 5022 8678 20252
33825 5022 8695 20357
33825 5022 9580 19479
33825 5022 9580 20024
33825 5022 9683 18854
33825 5022 9683 19337
33825 5022 9850 18854
33825 5022 9850 19337
33825 5022 9943 19843
33825 5022 9943 20396
33825 5022 10323 16774
33825 5022 10323 17879
33825 5022 10323 18854
33825 5022 10323 19959
33825 5022 10361 16883
33825 5022 10451 16806
33825 5022 10451 18806
33825 5022 10460 16807
33825 5022 10568 16924
33825 5022 10568 17786
33825 5022 10568 19253
33825 5022 10568 19539
33825 5022 10595 19288
33825 5022 10709 19337
33825 5022 10712 17020
33825 5022 10712 19333
33825 5022 10835 16806
33825 5022 10835 16887
33825 5022 10870 16771
33825 5022 10870 19333
33825 5022 10876 16774
33825 5022 10876 17879
33825 5022 10876 19337
33825 5022 10876 20440
33825 5022 10995 16807
33825 5022 11082 18711
33825 5022 11082 18806
33825 5022 11111 16924
33825 5022 11111 17786
33825 5022 11111 18714
33825 5022 11111 20092
33825 5022 11116 16921
33825 5022 11116 18711
33825 5022 11258 18854
33825 5022 11609 19706
33825 5022 11623 17020
33825 5022 11623 20252
33825 5022 11626 17017
33825 5022 11719 19706
33825 5022 11722 16887
33825 5022 11722 16921
33825 5022 11750 17141
33825 5022 12101 17017
33825 5022 12150 20181
33825 5022 12153 16771
33825 5022 12153 20188
33825 5022 12230 19962
33825 5022 12230 20021
33825 5022 12233 17141
33825 5022 12264 20181
33825 5028 8524 19634
33825 5028 8524 20350
33825 5028 8556 19570
33825 5028 8556 20018
33825 5028 8649 19671
33825 5028 8649 20350
33825 5028 8698 19815
33825 5028 9711 18711
33825 5028 9711 18802
33825 5028 9711 19634
33825 5028 9711 19671
33825 5028 9818 19398
33825 5028 9853 18890
33825 5028 9853 19299
33825 5028 9944 19258
33825 5028 9944 19398
33825 5028 10329 18711
33825 5028 10483 16843
33825 5028 10483 17775
33825 5028 10483 18890
33825 5028 10483 19822
33825 5028 10616 19299
33825 5028 10735 19570
33825 5028 11098 20147
33825 5028 11101 17775
33825 5028 11203 17054
33825 5028 11242 18802
33825 5028 11619 16795
33825 5028 11619 20350
33825 5028 11750 19679
33825 5028 11750 20350
33825 5028 12147 19822
33825 5028 12156 16843
33825 5028 12156 17054
33825 5028 12156 19815
33825 5028 12156 20018
33825 5029 8524 19638
33825 5029 8524 19675
33825 5029 8557 19582
33825 5029 8557 19607
33825 5029 8648 19675
33825 5029 8648 19766
33825 5029 8648 20127
33825 5029 8648 20338
33825 5029 8698 19475
33825 5029 9545 19479
33825 5029 9545 19582
33825 5029 9689 19299
33825 5029 9689 19607
33825 5029 9704 18710
33825 5029 9704 19638
33825 5029 9821 19402
33825 5029 9821 20243
33825 5029 10460 19766
33825 5029 10489 16846
33825 5029 10489 17774
33825 5029 10574 19638
33825 5029 10574 19667
33825 5029 10621 17774
33825 5029 10621 19607
33825 5029 10723 17023
33825 5029 10723 19582
33825 5029 10867 19402
33825 5029 11111 20127
33825 5029 11719 19582
33825 5029 11719 19611
33825 5029 11721 17054
33825 5029 11721 19607
33825 5029 11754 19638
33825 5029 11754 20338
33825 5029 12264 17023
33825 5029 12264 20150
33825 5036 8521 19642
33825 5036 8521 19671
33825 5036 8521 20243
33825 5036 8521 20350
33825 5036 8553 19578
33825 5036 8647 19775
33825 5036 8647 20350
33825 5036 8693 20150
33825 5036 8693 20418
33825 5036 9550 19578
33825 5036 9550 20150
33825 5036 9699 18715
33825 5036 9699 19671
33825 5036 9816 18715
33825 5036 9816 19398
33825 5036 9941 19398
33825 5036 9941 19775
33825 5036 10334 16746
33825 5036 10334 17847
33825 5036 10483 16839
33825 5036 10483 18891
33825 5036 10574 17846
33825 5036 10574 19642
33825 5036 10618 17043
33825 5036 10867 16746
33825 5036 10867 19398
33825 5036 10996 17847
33825 5036 10996 20243
33825 5036 11006 17846
33825 5036 11006 19398
33825 5036 11609 16839
33825 5036 11609 16922
33825 5036 11626 16786
33825 5036 11626 19679
33825 5036 12232 16786
33825 5036 12265 16922
33825 5037 8521 19646
33825 5037 8552 19574
33825 5037 8552 19615
33825 5037 8552 20031
33825 5037 8552 20182
33825 5037 8646 20338
33825 5037 8693 19822
33825 5037 9551 19483
33825 5037 9683 19303
33825 5037 9686 19603
33825 5037 9686 20018
33825 5037 9700 18714
33825 5037 9823 18714
33825 5037 9823 19402
33825 5037 9823 19911
33825 5037 9823 20247
33825 5037 9850 19822
33825 5037 9855 18890
33825 5037 9855 19815
33825 5037 9941 19762
33825 5037 10324 17846
33825 5037 10324 18714
33825 5037 10489 16834
33825 5037 10489 19822
33825 5037 10568 17846
33825 5037 10623 19303
33825 5037 10698 19667
33825 5037 10728 17023
33825 5037 10728 19487
33825 5037 10870 16750
33825 5037 10870 16786
33825 5037 10966 16834
33825 5037 10995 16747
33825 5037 10995 17846
33825 5037 10995 19402
33825 5037 10995 20247
33825 5037 11001 16750
33825 5037 11001 17847
33825 5037 11096 17770
33825 5037 11103 16922
33825 5037 11103 18890
33825 5037 11107 17879
33825 5037 11107 18811
33825 5037 11112 18806
33825 5037 11112 20127
33825 5037 11235 17847
33825 5037 11235 18806
33825 5037 11247 17846
33825 5037 11247 18714
33825 5037 11604 16922
33825 5037 11604 19487
33825 5037 11609 16834
33825 5037 11626 20338
33825 5037 11716 17018
33825 5037 11716 17043
33825 5037 11716 19574
33825 5037 11716 19615
33825 5037 11722 17023
33825 5037 11722 19603
33825 5037 11749 19646
33825 5037 12150 16834
33825 5037 12150 19822
33825 5037 12153 19815
33825 5037 12153 20018
33825 5037 12230 16786
33825 5037 12230 20127
33825 5037 12233 16958
33825 5037 12233 20114
33825 5037 12264 16927
33825 5037 12264 20147
33825 5076 8538 19638
33825 5076 8538 19911
33825 5076 8553 20286
33825 5076 8623 19638
33825 5076 8623 19987
33825 5076 8639 19510
33825 5076 8639 19911
33825 5076 9503 18791
33825 5076 9503 19543
33825 5076 9789 18787
33825 5076 9850 19299
33825 5076 9850 20274
33825 5076 10262 17823
33825 5076 10262 18863
33825 5076 10355 16699
33825 5076 10355 17823
33825 5076 10559 19367
33825 5076 10559 19638
33825 5076 10595 19487
33825 5076 10698 19543
33825 5076 10698 19638
33825 5076 11030 16990
33825 5076 11030 20127
33825 5076 11181 16922
33825 5076 11181 17823
33825 5076 11208 17823
33825 5076 11208 18867
33825 5076 11686 16699
33825 5076 11686 16922
33825 5076 11686 19487
33825 5076 11686 20286
33825 5076 11692 20274
33825 5076 12121 16747
33825 5076 12121 19911
33825 5076 12220 16990
33825 5076 12220 19911
33825 5077 8538 19906
33825 5077 8538 20323
33825 5077 8552 19734
33825 5077 8552 20031
33825 5077 8621 19646
33825 5077 8636 19510
33825 5077 8636 19547
33825 5077 8636 19887
33825 5077 8636 19906
33825 5077 9644 19483
33825 5077 9644 20031
33825 5077 9646 19351
33825 5077 9646 20018
33825 5077 9757 19351
33825 5077 9788 19887
33825 5077 10361 16698
33825 5077 10361 16846
33825 5077 10361 17770
33825 5077 10361 17822
33825 5077 10691 16991
33825 5077 10691 17082
33825 5077 10691 19547
33825 5077 10691 19646
33825 5077 10781 19363
33825 5077 10782 20323
33825 5077 10813 17770
33825 5077 10935 16846
33825 5077 11036 16991
33825 5077 11175 17822
33825 5077 11175 20031
33825 5077 11626 19510
33825 5077 11641 16746
33825 5077 12115 16746
33825 5077 12115 17082
33825 5077 12131 16698
33825 5077 12131 20031
33825 5082 8543 19911
33825 5082 8556 20277
33825 5082 8615 19506
33825 5082 8615 19646
33825 5082 8615 19993
33825 5082 8615 20117
33825 5082 8629 19506
33825 5082 9501 18787
33825 5082 9636 18871
33825 5082 9636 19352
33825 5082 9636 19479
33825 5082 9636 20024
33825 5082 9638 18878
33825 5082 9638 20021
33825 5082 9670 18782
33825 5082 9757 18771
33825 5082 9757 19304
33825 5082 9790 19874
33825 5082 9853 20277
33825 5082 9877 19321
33825 5082 10268 17774
33825 5082 10293 19874
33825 5082 10302 17826
33825 5082 10302 18791
33825 5082 10358 16702
33825 5082 10559 17831
33825 5082 10559 19372
33825 5082 10692 16984
33825 5082 10692 19539
33825 5082 10772 20332
33825 5082 10775 16750
33825 5082 10775 17826
33825 5082 10836 16839
33825 5082 10836 19304
33825 5082 10846 16834
33825 5082 10846 20425
33825 5082 10935 16702
33825 5082 10935 20277
33825 5082 10942 16839
33825 5082 10942 20281
33825 5082 11039 18791
33825 5082 11039 20120
33825 5082 11183 16924
33825 5082 11183 17811
33825 5082 11183 18871
33825 5082 11183 20024
33825 5082 11206 18771
33825 5082 11206 18878
33825 5082 11213 18782
33825 5082 11630 16953
33825 5082 11630 19506
33825 5082 11638 16750
33825 5082 11638 16952
33825 5082 11644 16953
33825 5082 11644 19506
33825 5082 11686 16702
33825 5082 11686 20277
33825 5082 11692 16921
33825 5082 11692 20281
33825 5082 12116 19911
33825 5082 12135 16702
33825 5082 12140 16921
33825 5082 12140 20021
33825 5082 12196 16952
33825 5082 12196 20120
33825 5082 12204 16953
33825 5082 12204 17077
33825 5082 12204 19993
33825 5082 12204 20117
33825 5082 12222 16953
33825 5083 8543 19638
33825 5083 8543 19906
33825 5083 8543 19996
33825 5083 8543 20328
33825 5083 8557 19475
33825 5083 8613 19506
33825 5083 8613 19638
33825 5083 8630 19506
33825 5083 8630 19551
33825 5083 9500 19368
33825 5083 9500 19551
33825 5083 9756 18783
33825 5083 9756 19352
33825 5083 9791 19368
33825 5083 9791 20328
33825 5083 9855 19308
33825 5083 9855 19352
33825 5083 10262 17775
33825 5083 10262 17810
33825 5083 10292 17827
33825 5083 10292 19878
33825 5083 10364 16703
33825 5083 10364 17775
33825 5083 10558 17827
33825 5083 10701 17077
33825 5083 10701 19551
33825 5083 10836 19308
33825 5083 11173 17810
33825 5083 11623 16953
33825 5083 11623 19551
33825 5083 12198 16952
33825 5083 12198 17077
33825 5083 12206 16953
33825 5083 12206 19996
33825 5083 12220 16952
33825 5083 12220 19906
33825 5093 8536 19878
33825 5093 8538 20210
33825 5093 8605 19518
33825 5093 8605 19671
33825 5093 8605 20327
33825 5093 8605 20366
33825 5093 8636 19702
33825 5093 9502 19367
33825 5093 9502 19603
33825 5093 9544 19702
33825 5093 9577 19322
33825 5093 9577 19347
33825 5093 9577 19518
33825 5093 9577 19671
33825 5093 9644 18770
33825 5093 9646 20210
33825 5093 9721 19338
33825 5093 9721 19543
33825 5093 9757 19287
33825 5093 9757 20387
33825 5093 9788 19318
33825 5093 9788 20354
33825 5093 9818 18818
33825 5093 9818 20439
33825 5093 9884 19775
33825 5093 9884 20274
33825 5093 9978 18770
33825 5093 9978 19878
33825 5093 10268 18770
33825 5093 10268 19878
33825 5093 10489 16778
33825 5093 10489 17790
33825 5093 10525 19367
33825 5093 10525 19543
33825 5093 10526 19539
33825 5093 10595 16959
33825 5093 10669 17790
33825 5093 10807 16747
33825 5093 10807 17823
33825 5093 10835 16858
33825 5093 10835 19338
33825 5093 10909 16702
33825 5093 10909 20439
33825 5093 10935 16702
33825 5093 10935 17775
33825 5093 10941 17770
33825 5093 10995 16778
33825 5093 10995 17790
33825 5093 11036 17775
33825 5093 11036 18854
33825 5093 11082 18770
33825 5093 11175 17114
33825 5093 11175 17790
33825 5093 11175 18811
33825 5093 11175 20191
33825 5093 11258 18818
33825 5093 11258 18854
33825 5093 11587 19611
33825 5093 11594 19603
33825 5093 11594 20274
33825 5093 11609 16778
33825 5093 11671 16959
33825 5093 12115 16778
33825 5093 12115 17114
33825 5093 12115 19855
33825 5093 12115 20191
33825 5093 12131 16858
33825 5093 12131 19775
33825 5093 12136 19762
33825 5093 12222 19878
33825 5095 8521 19962
33825 5095 8521 20277
33825 5095 8522 19966
33825 5095 8536 19706
33825 5095 8536 20396
33825 5095 8552 20085
33825 5095 8552 20444
33825 5095 8553 20092
33825 5095 8604 19518
33825 5095 8604 20328
33825 5095 8639 19706
33825 5095 8639 20396
33825 5095 9500 18863
33825 5095 9500 19368
33825 5095 9545 19706
33825 5095 9576 19356
33825 5095 9644 19288
33825 5095 9646 19706
33825 5095 9721 19333
33825 5095 9721 20085
33825 5095 9759 20396
33825 5095 9790 19356
33825 5095 9816 19962
33825 5095 9816 20444
33825 5095 9886 18819
33825 5095 9886 20277
33825 5095 9976 20396
33825 5095 9978 19288
33825 5095 10261 16750
33825 5095 10261 17823
33825 5095 10261 18782
33825 5095 10261 19887
33825 5095 10389 16702
33825 5095 10389 18798
33825 5095 10398 18787
33825 5095 10483 18815
33825 5095 10549 17017
33825 5095 10559 17020
33825 5095 10559 19333
33825 5095 10602 16952
33825 5095 10671 17116
33825 5095 10671 17786
33825 5095 10671 19317
33825 5095 10671 19667
33825 5095 10812 16750
33825 5095 10835 16863
33825 5095 10835 19368
33825 5095 10908 16702
33825 5095 10908 16863
33825 5095 11001 16778
33825 5095 11001 17786
33825 5095 11001 19317
33825 5095 11001 20357
33825 5095 11029 18798
33825 5095 11029 18863
33825 5095 11075 16952
33825 5095 11075 17823
33825 5095 11075 18782
33825 5095 11075 20217
33825 5095 11173 18815
33825 5095 11256 17020
33825 5095 11256 18819
33825 5095 11603 19679
33825 5095 11603 20361
33825 5095 11669 16750
33825 5095 11669 16952
33825 5095 12121 19843
33825 5095 12121 20181
33825 5095 12220 16750
33825 5095 12220 16952
33825 5097 8524 19551
33825 5097 8524 19966
33825 5097 8524 20127
33825 5097 8524 20286
33825 5097 8527 19547
33825 5097 8527 19962
33825 5097 8541 19671
33825 5097 8541 20391
33825 5097 8543 19675
33825 5097 8543 19706
33825 5097 8556 19615
33825 5097 8556 20095
33825 5097 8557 19607
33825 5097 8557 19766
33825 5097 8557 20086
33825 5097 8557 20439
33825 5097 8599 19506
33825 5097 8599 19675
33825 5097 8630 19506
33825 5097 8630 19706
33825 5097 9501 18863
33825 5097 9501 19367
33825 5097 9501 19607
33825 5097 9501 20127
33825 5097 9550 19283
33825 5097 9581 19351
33825 5097 9581 19671
33825 5097 9636 19318
33825 5097 9636 20182
33825 5097 9638 18802
33825 5097 9638 19322
33825 5097 9716 18863
33825 5097 9716 19334
33825 5097 9716 19551
33825 5097 9716 20086
33825 5097 9757 19351
33825 5097 9757 20391
33825 5097 9790 20323
33825 5097 9821 18830
33825 5097 9821 19367
33825 5097 9821 19966
33825 5097 9821 20439
33825 5097 9877 18830
33825 5097 9877 19334
33825 5097 9877 19766
33825 5097 9877 20286
33825 5097 9973 18782
33825 5097 9973 20366
33825 5097 9975 19883
33825 5097 9975 20354
33825 5097 10271 16746
33825 5097 10271 19883
33825 5097 10388 16703
33825 5097 10388 17774
33825 5097 10388 18791
33825 5097 10388 19766
33825 5097 10399 18794
33825 5097 10399 19771
33825 5097 10421 16703
33825 5097 10421 17830
33825 5097 10421 18791
33825 5097 10421 19966
33825 5097 10422 17826
33825 5097 10422 19962
33825 5097 10494 19843
33825 5097 10516 16990
33825 5097 10516 17830
33825 5097 10516 19367
33825 5097 10516 19551
33825 5097 10519 17826
33825 5097 10519 19547
33825 5097 10549 17023
33825 5097 10549 17774
33825 5097 10549 19334
33825 5097 10549 19607
33825 5097 10559 17018
33825 5097 10559 17771
33825 5097 10606 17811
33825 5097 10671 17787
33825 5097 10671 19322
33825 5097 10806 16746
33825 5097 10806 20354
33825 5097 10836 16854
33825 5097 10836 16887
33825 5097 10836 19334
33825 5097 10836 19367
33825 5097 10908 16703
33825 5097 10908 16854
33825 5097 10908 20286
33825 5097 10908 20439
33825 5097 10935 16882
33825 5097 10935 17771
33825 5097 10941 16703
33825 5097 10941 16887
33825 5097 10941 17774
33825 5097 10941 17830
33825 5097 10996 16774
33825 5097 10996 19318
33825 5097 11036 17774
33825 5097 11036 17830
33825 5097 11036 18791
33825 5097 11036 18863
33825 5097 11062 18794
33825 5097 11062 20114
33825 5097 11069 18791
33825 5097 11069 18830
33825 5097 11069 20086
33825 5097 11069 20127
33825 5097 11077 16958
33825 5097 11077 18782
33825 5097 11175 17787
33825 5097 11175 18802
33825 5097 11253 16990
33825 5097 11253 17023
33825 5097 11253 18830
33825 5097 11253 18863
33825 5097 11589 16887
33825 5097 11589 16990
33825 5097 11589 19607
33825 5097 11589 20286
33825 5097 11596 16991
33825 5097 11596 19615
33825 5097 11614 17107
33825 5097 11669 16958
33825 5097 11669 20366
33825 5097 11686 16882
33825 5097 11686 17018
33825 5097 11692 16887
33825 5097 11692 17023
33825 5097 11692 19551
33825 5097 11692 20439
33825 5097 12116 16774
33825 5097 12116 20182
33825 5097 12135 19771
33825 5097 12135 20114
33825 5097 12140 16854
33825 5097 12140 17023
33825 5097 12140 19766
33825 5097 12140 20127
33825 5097 12196 16854
33825 5097 12196 16990
33825 5097 12196 19966
33825 5097 12196 20086
33825 5097 12204 16991
33825 5097 12204 20095
33825 5097 12222 20211
33825 5099 8541 19855
33825 5099 8543 20188
33825 5099 8598 19506
33825 5099 8629 19506
33825 5099 8629 19702
33825 5099 8629 20332
33825 5099 8629 20392
33825 5099 9503 19368
33825 5099 9503 20120
33825 5099 9551 19352
33825 5099 9551 19506
33825 5099 9580 19352
33825 5099 9580 19506
33825 5099 9636 18806
33825 5099 9636 20188
33825 5099 9716 18854
33825 5099 9716 19337
33825 5099 9759 19292
33825 5099 9759 19352
33825 5099 9759 20332
33825 5099 9759 20392
33825 5099 9788 19352
33825 5099 9823 19368
33825 5099 9823 20444
33825 5099 9879 19337
33825 5099 9879 20281
33825 5099 9973 18806
33825 5099 9975 19855
33825 5099 10262 19874
33825 5099 10428 16703
33825 5099 10428 17826
33825 5099 10431 17830
33825 5099 10484 18806
33825 5099 10599 19321
33825 5099 10599 19667
33825 5099 10669 17109
33825 5099 10669 17791
33825 5099 10813 16751
33825 5099 10813 17811
33825 5099 10813 19317
33825 5099 10813 20361
33825 5099 10836 16851
33825 5099 10836 16886
33825 5099 10909 16703
33825 5099 10909 20281
33825 5099 11006 16774
33825 5099 11029 17826
33825 5099 11029 18854
33825 5099 11063 20117
33825 5099 11068 18831
33825 5099 11068 20120
33825 5099 11084 18770
33825 5099 11084 20216
33825 5099 11173 18806
33825 5099 11173 20188
33825 5099 11255 16985
33825 5099 11255 18831
33825 5099 11604 16774
33825 5099 11671 16751
33825 5099 11671 16953
33825 5099 11671 19679
33825 5099 11671 20361
33825 5099 11684 16886
33825 5099 11684 20444
33825 5099 11694 16883
33825 5099 12126 20188
33825 5099 12198 16984
33825 5099 12206 16851
33825 5099 12206 16985
33825 5099 12220 19874
33825 5108 8521 20050
33825 5108 8521 20350
33825 5108 8538 19815
33825 5108 8538 20150
33825 5108 8605 19578
33825 5108 8621 19514
33825 5108 8621 19615
33825 5108 8621 19987
33825 5108 8621 20150
33825 5108 9661 18831
33825 5108 9661 19338
33825 5108 9663 18818
33825 5108 9663 19479
33825 5108 9757 19338
33825 5108 9788 18818
33825 5108 10323 17775
33825 5108 10323 18794
33825 5108 10422 16843
33825 5108 10422 18831
33825 5108 10563 17790
33825 5108 10563 19514
33825 5108 10671 19347
33825 5108 11062 17054
33825 5108 11062 18794
33825 5108 11096 17775
33825 5108 11096 19987
33825 5108 11235 17054
33825 5108 11235 17790
33825 5108 11587 19578
33825 5108 11587 20350
33825 5108 11686 16795
33825 5108 11686 19615
33825 5108 12153 17054
33825 5108 12153 19815
33825 5108 12204 16795
33825 5108 12204 17054
33825 5111 8522 19582
33825 5111 8522 20057
33825 5111 8538 20425
33825 5111 8604 19582
33825 5111 8604 19855
33825 5111 8623 19514
33825 5111 8623 20156
33825 5111 9704 19603
33825 5111 9704 20156
33825 5111 9791 19811
33825 5111 9918 19292
33825 5111 9918 20421
33825 5111 10293 16798
33825 5111 10293 19855
33825 5111 10421 16846
33825 5111 10421 17807
33825 5111 10661 16953
33825 5111 10661 19487
33825 5111 10867 19352
33825 5111 10867 20425
33825 5111 10873 17770
33825 5111 10873 20421
33825 5111 10908 16703
33825 5111 10908 17807
33825 5111 11096 17770
33825 5111 11235 17048
33825 5111 11235 20057
33825 5111 11587 19487
33825 5111 11587 19582
33825 5111 11669 16846
33825 5111 11669 19582
33825 5111 11694 19603
33825 5111 12204 16703
33825 5111 12204 16798
33825 5111 12204 16953
33825 5111 12204 17048
33825 5113 8527 20050
33825 5113 8543 20418
33825 5113 8598 19506
33825 5113 8598 19578
33825 5113 8598 19843
33825 5113 8598 19915
33825 5113 8615 19506
33825 5113 9502 20050
33825 5113 9652 18831
33825 5113 9652 19990
33825 5113 9654 18818
33825 5113 9654 19338
33825 5113 9654 19483
33825 5113 9654 19987
33825 5113 9700 20150
33825 5113 9757 19287
33825 5113 9757 19806
33825 5113 9790 18818
33825 5113 9821 19303
33825 5113 9911 20418
33825 5113 10261 17846
33825 5113 10261 19806
33825 5113 10262 17795
33825 5113 10262 17842
33825 5113 10262 19803
33825 5113 10262 19818
33825 5113 10292 17790
33825 5113 10292 19846
33825 5113 10303 16786
33825 5113 10334 17842
33825 5113 10431 18818
33825 5113 10565 16927
33825 5113 10565 17790
33825 5113 10574 19506
33825 5113 10623 19506
33825 5113 10663 17842
33825 5113 10724 17846
33825 5113 10724 19287
33825 5113 10735 17842
33825 5113 10807 16786
33825 5113 10870 16698
33825 5113 10870 17771
33825 5113 10870 19347
33825 5113 10870 20418
33825 5113 10876 16703
33825 5113 10876 20430
33825 5113 10909 16703
33825 5113 10909 16839
33825 5113 11063 18818
33825 5113 11068 18791
33825 5113 11068 18831
33825 5113 11101 18791
33825 5113 11101 19990
33825 5113 11238 17043
33825 5113 11238 17787
33825 5113 11238 18874
33825 5113 11238 20050
33825 5113 11589 20350
33825 5113 11669 16839
33825 5113 11669 20430
33825 5113 11678 20418
33825 5113 11686 16786
33825 5113 11686 16922
33825 5113 11686 19611
33825 5113 11686 20243
33825 5113 12156 16959
33825 5113 12206 16786
33825 5113 12215 20050
33825 5113 12220 16927
33825 5113 12220 19846
33825 5114 8524 19582
33825 5114 8524 19794
33825 5114 8524 20057
33825 5114 8524 20341
33825 5114 8543 19475
33825 5114 8599 19506
33825 5114 8599 19582
33825 5114 8613 19506
33825 5114 8613 19607
33825 5114 9700 19352
33825 5114 9700 19607
33825 5114 9758 19337
33825 5114 9758 19794
33825 5114 9789 19352
33825 5114 9789 20341
33825 5114 9909 19292
33825 5114 9909 19337
33825 5114 10261 17794
33825 5114 10261 17847
33825 5114 10262 17843
33825 5114 10262 19822
33825 5114 10334 17847
33825 5114 10334 18791
33825 5114 10669 17843
33825 5114 10735 19292
33825 5114 10735 19607
33825 5114 10903 17794
33825 5114 11238 17045
33825 5114 11694 16921
33825 5114 11694 19607
33825 5114 12156 16953
33825 5114 12156 17045
33825 5114 12206 16791
33825 5114 12206 16953
33825 5114 12220 16921
33825 5114 12220 20057
33825 5482 9118 19367
33825 5482 9133 19160
33825 5482 9133 19288
33825 5482 9133 20051
33825 5482 9133 20435
33825 5482 9156 19288
33825 5482 9189 19321
33825 5482 9189 20439
33825 5482 10156 19026
33825 5482 10156 19321
33825 5482 10262 17294
33825 5482 10398 17346
33825 5482 10398 19321
33825 5482 10516 18168
33825 5482 10735 17075
33825 5482 10735 20092
33825 5482 11030 18101
33825 5482 11036 18377
33825 5482 11181 17368
33825 5482 11206 17075
33825 5482 11316 17368
33825 5482 11316 18348
33825 5482 11316 19367
33825 5482 11316 20435
33825 5482 11477 18313
33825 5482 11477 18348
33825 5482 11479 18309
33825 5482 11479 19321
33825 5482 11638 19160
33825 5482 11684 18168
33825 5482 11684 20051
33825 5482 12156 18313
33825 5482 12220 17294
33825 5482 12220 17346
33825 5482 12220 18309
33825 5482 12220 18377
33825 5483 9119 19368
33825 5483 9119 19398
33825 5483 9125 19158
33825 5483 9125 20050
33825 5483 9140 19398
33825 5483 9140 19990
33825 5483 9188 19318
33825 5483 9188 19987
33825 5483 10158 19033
33825 5483 10158 20444
33825 5483 10198 19368
33825 5483 10198 20050
33825 5483 10223 18968
33825 5483 10223 20440
33825 5483 10364 17375
33825 5483 10364 19368
33825 5483 10399 18344
33825 5483 10399 19318
33825 5483 10559 18108
33825 5483 10559 19158
33825 5483 11181 17139
33825 5483 11181 17375
33825 5483 11317 19368
33825 5483 11317 20444
33825 5483 11453 18373
33825 5483 11669 18968
33825 5483 11669 20092
33825 5483 11694 20092
33825 5483 11716 17139
33825 5483 11716 18108
33825 5483 11716 19033
33825 5483 11716 19990
33825 5483 11719 19987
33825 5483 12150 18165
33825 5483 12215 17353
33825 5483 12215 18373
33825 5486 9109 18968
33825 5486 9109 19401
33825 5486 9125 19160
33825 5486 9143 19036
33825 5486 9143 19987
33825 5486 9161 19292
33825 5486 9161 20211
33825 5486 9162 19127
33825 5486 9162 20216
33825 5486 9193 19987
33825 5486 10150 19036
33825 5486 10195 20057
33825 5486 10218 19160
33825 5486 10261 17289
33825 5486 10261 19401
33825 5486 10268 19398
33825 5486 10268 20361
33825 5486 10361 19363
33825 5486 10389 17353
33825 5486 10389 18344
33825 5486 10389 19321
33825 5486 10389 20248
33825 5486 10549 18135
33825 5486 10712 19036
33825 5486 10723 20086
33825 5486 10728 17082
33825 5486 10728 18138
33825 5486 11030 18373
33825 5486 11036 17144
33825 5486 11036 17289
33825 5486 11063 17082
33825 5486 11063 17107
33825 5486 11068 17353
33825 5486 11175 17114
33825 5486 11175 17139
33825 5486 11175 17372
33825 5486 11175 17397
33825 5486 11208 17077
33825 5486 11208 18170
33825 5486 11285 17353
33825 5486 11285 18310
33825 5486 11286 18314
33825 5486 11286 18357
33825 5486 11318 19363
33825 5486 11384 20435
33825 5486 11480 18314
33825 5486 11480 19292
33825 5486 11482 18310
33825 5486 11482 18344
33825 5486 11482 19287
33825 5486 11482 19321
33825 5486 11641 18138
33825 5486 11641 20211
33825 5486 11671 19987
33825 5486 11676 18968
33825 5486 11676 19990
33825 5486 11692 20086
33825 5486 11721 19036
33825 5486 11721 19987
33825 5486 11722 17144
33825 5486 11722 19990
33825 5486 12147 18310
33825 5486 12220 17353
33825 5486 12220 18310
33825 5486 12264 17114
33825 5486 12264 17372
33825 5486 12264 18108
33825 5486 12264 18362
33825 5486 12265 17107
33825 5486 12265 18357
33825 5487 9133 19158
33825 5487 9133 20440
33825 5487 9149 19031
33825 5487 10148 19031
33825 5487 10148 19318
33825 5487 10148 20217
33825 5487 10148 20440
33825 5487 10201 19068
33825 5487 10201 19372
33825 5487 10218 18969
33825 5487 10218 19158
33825 5487 10361 17371
33825 5487 10361 20444
33825 5487 10388 19318
33825 5487 10548 18136
33825 5487 10548 19158
33825 5487 11062 17116
33825 5487 11062 17346
33825 5487 11175 17116
33825 5487 11175 17371
33825 5487 11203 18167
33825 5487 11203 18358
33825 5487 11284 18358
33825 5487 11319 17371
33825 5487 11319 19372
33825 5487 11635 19158
33825 5487 11635 20217
33825 5487 11686 18133
33825 5487 12153 17116
33825 5487 12153 17323
33825 5487 12215 17285
33825 5487 12215 17346
33825 5487 12264 17116
33825 5487 12264 18101
33825 5487 12265 17109
33825 5487 12265 17371
33825 5498 9125 19090
33825 5498 9125 19257
33825 5498 9125 20156
33825 5498 9125 20247
33825 5498 9140 20216
33825 5498 9140 20396
33825 5498 9149 19368
33825 5498 9149 20387
33825 5498 9175 20425
33825 5498 10143 19303
33825 5498 10156 19122
33825 5498 10156 20281
33825 5498 10158 19090
33825 5498 10158 19127
33825 5498 10158 20247
33825 5498 10158 20274
33825 5498 10204 20425
33825 5498 10228 19127
33825 5498 10228 20156
33825 5498 10238 18967
33825 5498 10238 19122
33825 5498 10261 18425
33825 5498 10261 20396
33825 5498 10293 17330
33825 5498 10293 18361
33825 5498 10431 18348
33825 5498 10454 17358
33825 5498 10454 18373
33825 5498 10460 17349
33825 5498 10460 20281
33825 5498 10494 17330
33825 5498 10525 18078
33825 5498 10525 20216
33825 5498 10526 19193
33825 5498 10548 18103
33825 5498 10548 18136
33825 5498 10559 20156
33825 5498 10669 18069
33825 5498 10669 18110
33825 5498 10669 19987
33825 5498 10669 20024
33825 5498 10692 17116
33825 5498 10692 18135
33825 5498 11030 17139
33825 5498 11116 18361
33825 5498 11206 17150
33825 5498 11206 18136
33825 5498 11213 17368
33825 5498 11287 17397
33825 5498 11444 18348
33825 5498 11509 18361
33825 5498 11572 19127
33825 5498 11630 19127
33825 5498 11630 20156
33825 5498 11686 17054
33825 5498 11686 18110
33825 5498 11686 18968
33825 5498 11686 20024
33825 5498 11694 18103
33825 5498 11694 18967
33825 5498 12055 17150
33825 5498 12055 17349
33825 5498 12135 17330
33825 5498 12140 17342
33825 5498 12140 18425
33825 5498 12198 17342
33825 5498 12198 18078
33825 5498 12204 17330
33825 5498 12204 18361
33825 5498 12230 17368
33825 5499 9135 20252
33825 5499 9173 19308
33825 5499 9173 20018
33825 5499 10198 20018
33825 5499 10198 20418
33825 5499 10238 18969
33825 5499 10292 18358
33825 5499 10428 18351
33825 5499 10428 19304
33825 5499 10558 18108
33825 5499 10558 20147
33825 5499 10671 18108
33825 5499 10671 20018
33825 5499 10701 17109
33825 5499 10701 18969
33825 5499 11036 17144
33825 5499 11036 18351
33825 5499 11286 18335
33825 5499 11286 20418
33825 5499 11446 18351
33825 5499 11446 18421
33825 5499 11509 17346
33825 5499 11509 18358
33825 5499 11509 19304
33825 5499 11509 20252
33825 5499 11573 18108
33825 5499 11573 20188
33825 5499 11623 20147
33825 5499 11623 20217
33825 5499 11684 17043
33825 5499 11684 18108
33825 5499 11692 18101
33825 5499 11692 20018
33825 5499 12054 17346
33825 5499 12054 18351
33825 5499 12231 17141
33825 5502 9127 19100
33825 5502 9127 20243
33825 5502 9178 20024
33825 5502 9178 20425
33825 5502 10179 19191
33825 5502 10195 19303
33825 5502 10195 20425
33825 5502 10268 20392
33825 5502 10268 20425
33825 5502 10293 17337
33825 5502 10293 20392
33825 5502 10421 17401
33825 5502 10421 18344
33825 5502 10489 17333
33825 5502 10489 20243
33825 5502 10661 18071
33825 5502 10661 20024
33825 5502 11036 17048
33825 5502 11036 18344
33825 5502 11285 17401
33825 5502 11285 20425
33825 5502 11446 18426
33825 5502 11446 19299
33825 5502 11514 18358
33825 5502 11514 19303
33825 5502 11575 17109
33825 5502 11626 19191
33825 5502 11626 20150
33825 5502 12136 17372
33825 5502 12136 18426
33825 5502 12198 17333
33825 5502 12204 17048
33825 5502 12204 17337
33825 5502 12204 18071
33825 5502 12204 18358
33825 5502 12233 17372
33825 5503 9133 20153
33825 5503 9133 20248
33825 5503 9149 20216
33825 5503 10148 19127
33825 5503 10148 20248
33825 5503 10150 19100
33825 5503 10150 19122
33825 5503 10201 19100
33825 5503 10201 19308
33825 5503 10201 20018
33825 5503 10201 20418
33825 5503 10262 20418
33825 5503 10422 17397
33825 5503 10422 18347
33825 5503 10422 19308
33825 5503 10422 20274
33825 5503 10457 20274
33825 5503 10483 19304
33825 5503 10483 20248
33825 5503 10516 19190
33825 5503 10519 17045
33825 5503 10663 20018
33825 5503 10698 18135
33825 5503 11063 17116
33825 5503 11203 17368
33825 5503 11203 18135
33825 5503 11514 18361
33825 5503 11514 20248
33825 5503 11574 19122
33825 5503 11619 19127
33825 5503 11619 19190
33825 5503 11619 20153
33825 5503 11619 20216
33825 5503 12055 18347
33825 5503 12232 17116
33825 5503 12232 17397
33825 5510 9032 19003
33825 5510 9032 19292
33825 5510 9085 20127
33825 5510 9085 20430
33825 5510 9161 19122
33825 5510 9161 19292
33825 5510 10094 19026
33825 5510 10094 19292
33825 5510 10201 19003
33825 5510 10201 19093
33825 5510 10223 19292
33825 5510 10223 20277
33825 5510 10238 19122
33825 5510 10238 19397
33825 5510 10483 17263
33825 5510 10483 20248
33825 5510 10606 18012
33825 5510 10606 19122
33825 5510 10691 16991
33825 5510 11242 17406
33825 5510 11258 17263
33825 5510 11258 17944
33825 5510 11357 17263
33825 5510 11357 18361
33825 5510 11480 20421
33825 5510 11587 20127
33825 5510 11609 17084
33825 5510 11609 19122
33825 5510 12116 17263
33825 5510 12116 17353
33825 5510 12126 17084
33825 5510 12126 17260
33825 5510 12131 16991
33825 5510 12131 17406
33825 5510 12131 17944
33825 5510 12131 18361
33825 5511 9162 19288
33825 5511 9162 20216
33825 5511 10063 19036
33825 5511 10094 19036
33825 5511 10094 19987
33825 5511 10201 18997
33825 5511 10218 19193
33825 5511 10218 19288
33825 5511 10218 20127
33825 5511 10218 20286
33825 5511 10355 18280
33825 5511 10355 20286
33825 5511 10595 19129
33825 5511 10595 20216
33825 5511 10698 17945
33825 5511 10698 18168
33825 5511 10723 18168
33825 5511 10723 19193
33825 5511 10735 18170
33825 5511 10735 18997
33825 5511 11208 17180
33825 5511 11208 18170
33825 5511 11253 17945
33825 5511 11253 18280
33825 5511 11352 19397
33825 5511 11477 17358
33825 5511 11477 18335
33825 5511 11589 16990
33825 5511 11589 20127
33825 5511 11603 17945
33825 5511 11603 19129
33825 5511 11721 16922
33825 5511 11721 19987
33825 5511 12140 16990
33825 5511 12140 17945
33825 5511 12156 17358
33825 5518 9033 19292
33825 5518 9033 19347
33825 5518 9082 19398
33825 5518 9082 20120
33825 5518 9159 19132
33825 5518 9159 19292
33825 5518 9159 20211
33825 5518 9159 20243
33825 5518 10211 20120
33825 5518 10211 20281
33825 5518 10227 20328
33825 5518 10457 19347
33825 5518 10460 19351
33825 5518 10460 19398
33825 5518 10460 20281
33825 5518 10460 20328
33825 5518 10709 17977
33825 5518 10709 20120
33825 5518 11206 17077
33825 5518 11206 17180
33825 5518 11256 17946
33825 5518 11352 20243
33825 5518 11482 19351
33825 5518 11509 18358
33825 5518 11512 17349
33825 5518 11596 19192
33825 5518 11596 20120
33825 5518 11609 17077
33825 5518 11609 17946
33825 5518 11609 19132
33825 5518 11609 19987
33825 5518 11719 19987
33825 5518 11753 20211
33825 5518 12140 16984
33825 5518 12140 18358
33825 5518 12232 17180
33825 5519 9032 19356
33825 5519 9085 20425
33825 5519 9156 19288
33825 5519 10057 19356
33825 5519 10057 20274
33825 5519 10058 19033
33825 5519 10058 19352
33825 5519 10090 19288
33825 5519 10198 19100
33825 5519 10198 20418
33825 5519 10214 20274
33825 5519 10228 19398
33825 5519 10228 20328
33825 5519 10358 18283
33825 5519 10358 20418
33825 5519 10361 20274
33825 5519 10451 19352
33825 5519 10451 20327
33825 5519 10454 19356
33825 5519 10454 20274
33825 5519 10483 20247
33825 5519 10484 17256
33825 5519 10484 20327
33825 5519 10599 20210
33825 5519 10698 16985
33825 5519 10698 18167
33825 5519 10711 17979
33825 5519 10711 19100
33825 5519 10712 19090
33825 5519 10724 17976
33825 5519 10724 18167
33825 5519 10724 18998
33825 5519 10724 19193
33825 5519 10728 17979
33825 5519 10728 18165
33825 5519 11213 18167
33825 5519 11235 16985
33825 5519 11235 18167
33825 5519 11238 17394
33825 5519 11238 18165
33825 5519 11255 16924
33825 5519 11255 17259
33825 5519 11255 17947
33825 5519 11255 18284
33825 5519 11357 20247
33825 5519 11479 19356
33825 5519 11511 17179
33825 5519 11511 18283
33825 5519 11514 18358
33825 5519 11594 16985
33825 5519 11594 17976
33825 5519 11594 19193
33825 5519 11594 20120
33825 5519 11603 19127
33825 5519 11603 19993
33825 5519 11638 19090
33825 5519 11722 16921
33825 5519 11722 19033
33825 5519 12115 16921
33825 5519 12115 17256
33825 5519 12121 16924
33825 5519 12121 17077
33825 5519 12121 17259
33825 5519 12121 17346
33825 5519 12131 16985
33825 5519 12231 17397
33825 5519 12231 18267
33825 5519 12233 17179
33825 5519 12233 17394
33825 5519 12264 18069
33825 5526 9033 19292
33825 5526 9069 18968
33825 5526 9069 20350
33825 5526 10063 19061
33825 5526 10063 19292
33825 5526 10233 20050
33825 5526 10323 17375
33825 5526 10457 18267
33825 5526 10484 20350
33825 5526 10489 19333
33825 5526 10574 18011
33825 5526 10701 16952
33825 5526 10701 18136
33825 5526 10712 17020
33825 5526 10712 18011
33825 5526 10712 19061
33825 5526 10712 20050
33825 5526 10728 17979
33825 5526 11242 18136
33825 5526 11242 18425
33825 5526 11258 18344
33825 5526 11352 17371
33825 5526 11357 17294
33825 5526 11357 17375
33825 5526 11357 18344
33825 5526 11357 18425
33825 5526 11604 18136
33825 5526 11604 20217
33825 5526 12110 17020
33825 5526 12110 17180
33825 5526 12110 17979
33825 5526 12110 18267
33825 5526 12147 17294
33825 5526 12147 18136
33825 5526 12232 17180
33825 5526 12232 17371
33825 5527 9032 19258
33825 5527 9032 19283
33825 5527 9038 19253
33825 5527 9038 20243
33825 5527 9066 18969
33825 5527 9176 19036
33825 5527 9176 19061
33825 5527 9176 19338
33825 5527 9176 19363
33825 5527 9178 19033
33825 5527 9178 19368
33825 5527 9193 20181
33825 5527 10060 20031
33825 5527 10218 18969
33825 5527 10218 20031
33825 5527 10223 19258
33825 5527 10223 20021
33825 5527 10238 19036
33825 5527 10238 19363
33825 5527 10238 20051
33825 5527 10238 20396
33825 5527 10334 17372
33825 5527 10460 18271
33825 5527 10483 20350
33825 5527 10494 19283
33825 5527 10494 20387
33825 5527 10563 16921
33825 5527 10563 19033
33825 5527 10623 17114
33825 5527 10691 16953
33825 5527 10691 18136
33825 5527 10691 18969
33825 5527 10691 20216
33825 5527 10714 17023
33825 5527 10714 18009
33825 5527 11103 17116
33825 5527 11103 18314
33825 5527 11107 17176
33825 5527 11203 16921
33825 5527 11203 17368
33825 5527 11208 17372
33825 5527 11208 18426
33825 5527 11247 18426
33825 5527 11253 17294
33825 5527 11253 18344
33825 5527 11354 17368
33825 5527 11354 18351
33825 5527 11359 17372
33825 5527 11359 18426
33825 5527 11384 18426
33825 5527 11391 18314
33825 5527 11391 20387
33825 5527 11509 18351
33825 5527 11509 19368
33825 5527 11514 18271
33825 5527 11587 18969
33825 5527 11587 20031
33825 5527 11609 17114
33825 5527 11614 17116
33825 5527 11614 20211
33825 5527 11630 17978
33825 5527 11749 16953
33825 5527 11749 17150
33825 5527 11749 20031
33825 5527 11749 20216
33825 5527 11753 20021
33825 5527 11753 20211
33825 5527 12101 17176
33825 5527 12156 18313
33825 5527 12233 17372
33825 5534 9066 18967
33825 5534 9066 19254
33825 5534 9066 20056
33825 5534 9066 20345
33825 5534 9173 19337
33825 5534 9173 19367
33825 5534 9175 19068
33825 5534 9175 19372
33825 5534 10211 19254
33825 5534 10227 19367
33825 5534 10227 20056
33825 5534 10329 18309
33825 5534 10460 19367
33825 5534 10460 20345
33825 5534 10698 18135
33825 5534 10712 17018
33825 5534 10712 19068
33825 5534 11096 17109
33825 5534 11096 17139
33825 5534 11111 16922
33825 5534 11111 17180
33825 5534 11238 17180
33825 5534 11238 18421
33825 5534 11255 17018
33825 5534 11255 17285
33825 5534 11514 18264
33825 5534 11514 19367
33825 5534 11594 18967
33825 5534 11623 17018
33825 5534 11623 19996
33825 5534 12104 17018
33825 5534 12104 17180
33825 5534 12156 18135
33825 5534 12156 18310
33825 5534 12233 17139
33825 5534 12233 17180
33825 5535 9069 18966
33825 5535 9069 20057
33825 5535 9085 19334
33825 5535 10057 19292
33825 5535 10057 20018
33825 5535 10228 20057
33825 5535 10228 20392
33825 5535 10324 19334
33825 5535 10324 20439
33825 5535 10457 17285
33825 5535 10568 18011
33825 5535 10568 19026
33825 5535 10692 18135
33825 5535 10692 18966
33825 5535 10714 17017
33825 5535 10714 20057
33825 5535 11096 17141
33825 5535 11111 16924
33825 5535 11111 18011
33825 5535 11206 16924
33825 5535 11235 16953
33825 5535 11235 17176
33825 5535 11235 18135
33825 5535 11235 18422
33825 5535 11386 18422
33825 5535 11386 20392
33825 5535 11587 20024
33825 5535 11587 20057
33825 5535 11626 17017
33825 5535 11626 17976
33825 5535 11750 17141
33825 5535 11750 20018
33825 5535 11754 16953
33825 5535 11754 20024
33825 5535 12099 17176
33825 5535 12099 17976
33825 5570 9150 19190
33825 5570 9150 19338
33825 5570 10060 20341
33825 5570 10141 18969
33825 5570 10141 20181
33825 5570 10389 17263
33825 5570 10389 20396
33825 5570 10623 17144
33825 5570 10623 19190
33825 5570 10661 16991
33825 5570 10661 20216
33825 5570 11062 17263
33825 5570 11062 18347
33825 5570 11063 17023
33825 5570 11063 18351
33825 5570 11111 16991
33825 5570 11111 18426
33825 5570 11173 17023
33825 5570 11173 17144
33825 5570 11284 18284
33825 5570 11389 18426
33825 5570 11414 17368
33825 5570 11414 18284
33825 5570 11479 17289
33825 5570 11479 18351
33825 5570 11479 19338
33825 5570 11479 20396
33825 5570 11686 17144
33825 5570 11686 18012
33825 5570 11694 20181
33825 5570 12052 17289
33825 5570 12052 18012
33825 5570 12101 17368
33825 5570 12101 17944
33825 5570 12156 17144
33825 5570 12156 18347
33825 5571 9039 18968
33825 5571 9069 19287
33825 5571 9069 20248
33825 5571 9070 20217
33825 5571 9149 19338
33825 5571 10060 19163
33825 5571 10093 18968
33825 5571 10094 18967
33825 5571 10094 20153
33825 5571 10141 18967
33825 5571 10141 20391
33825 5571 10156 19157
33825 5571 10156 19287
33825 5571 10158 19163
33825 5571 10158 20217
33825 5571 10293 17337
33825 5571 10388 18348
33825 5571 10399 18344
33825 5571 10399 20391
33825 5571 10422 20248
33825 5571 10422 20366
33825 5571 10431 18280
33825 5571 10431 18426
33825 5571 10431 20247
33825 5571 10431 20357
33825 5571 10454 19292
33825 5571 10454 20350
33825 5571 10516 20156
33825 5571 10519 18108
33825 5571 10519 20153
33825 5571 10565 19163
33825 5571 10574 18041
33825 5571 10574 19157
33825 5571 10621 19191
33825 5571 10621 20181
33825 5571 10663 19163
33825 5571 10663 20217
33825 5571 11062 18108
33825 5571 11062 18344
33825 5571 11063 17017
33825 5571 11063 17259
33825 5571 11063 18110
33825 5571 11063 18348
33825 5571 11116 17945
33825 5571 11183 17144
33825 5571 11183 18138
33825 5571 11285 17342
33825 5571 11285 20366
33825 5571 11421 17368
33825 5571 11421 18280
33825 5571 11421 19367
33825 5571 11421 20247
33825 5571 11446 17294
33825 5571 11477 17294
33825 5571 11477 18348
33825 5571 11574 20156
33825 5571 11623 20217
33825 5571 11692 19061
33825 5571 12053 17259
33825 5571 12053 17294
33825 5571 12053 18011
33825 5571 12053 18110
33825 5571 12101 17342
33825 5571 12101 17371
33825 5571 12110 17945
33825 5571 12150 17294
33825 5571 12150 18348
33825 5571 12196 16990
33825 5571 12206 17371
33825 5571 12206 18041
33825 5578 9069 20211
33825 5578 9069 20243
33825 5578 9173 19337
33825 5578 10063 19132
33825 5578 10063 20243
33825 5578 10132 20188
33825 5578 10302 17330
33825 5578 10302 18284
33825 5578 10422 18421
33825 5578 10422 20243
33825 5578 10431 18284
33825 5578 10431 20252
33825 5578 10460 20345
33825 5578 10460 20354
33825 5578 10525 18014
33825 5578 10525 18101
33825 5578 10623 17139
33825 5578 10623 18135
33825 5578 10623 19192
33825 5578 10623 20188
33825 5578 10669 18046
33825 5578 10669 20211
33825 5578 11116 17333
33825 5578 11181 17139
33825 5578 11181 18014
33825 5578 11285 18284
33825 5578 11285 20354
33825 5578 11412 18284
33825 5578 11412 20243
33825 5578 11479 17285
33825 5578 11479 19337
33825 5578 11686 18014
33825 5578 11686 19192
33825 5578 11694 18135
33825 5578 12054 17256
33825 5578 12054 18014
33825 5579 9143 19193
33825 5579 9143 19299
33825 5579 10063 19160
33825 5579 10094 19193
33825 5579 10094 20150
33825 5579 10148 19158
33825 5579 10150 19160
33825 5579 10150 19288
33825 5579 10150 20210
33825 5579 10150 20338
33825 5579 10303 18280
33825 5579 10303 20338
33825 5579 10460 19288
33825 5579 10574 17945
33825 5579 10574 18044
33825 5579 10621 18133
33825 5579 10621 19193
33825 5579 10671 16984
33825 5579 10671 18044
33825 5579 10671 19158
33825 5579 10671 20210
33825 5579 11111 17945
33825 5579 11175 17023
33825 5579 11175 17139
33825 5579 11175 18009
33825 5579 11175 18133
33825 5579 11423 18280
33825 5579 11477 17282
33825 5579 11477 20396
33825 5579 11684 17139
33825 5579 11684 19193
33825 5579 11692 17023
33825 5579 12055 18009
33825 5579 12156 17282
33825 5579 12198 16984
33825 5579 12204 18421
33825 5586 9119 19368
33825 5586 9119 19990
33825 5586 10093 19317
33825 5586 10156 19003
33825 5586 10156 19990
33825 5586 10261 18267
33825 5586 10261 20396
33825 5586 10334 17353
33825 5586 10334 19397
33825 5586 10388 18378
33825 5586 10388 20396
33825 5586 10663 20127
33825 5586 10671 16952
33825 5586 10671 19990
33825 5586 11029 18076
33825 5586 11206 17020
33825 5586 11206 18267
33825 5586 11319 19322
33825 5586 11319 20396
33825 5586 11357 18361
33825 5586 11357 18378
33825 5586 11446 18268
33825 5586 11446 20396
33825 5586 11455 18267
33825 5586 11455 20277
33825 5586 11638 16952
33825 5586 11638 18076
33825 5586 11638 19003
33825 5586 11638 20127
33825 5586 11676 19990
33825 5586 11676 20085
33825 5586 11692 17979
33825 5586 11692 20150
33825 5586 12116 17353
33825 5586 12140 17979
33825 5586 12140 18267
33825 5587 9085 19402
33825 5587 9118 19993
33825 5587 9133 20277
33825 5587 9135 18968
33825 5587 10094 20057
33825 5587 10158 19003
33825 5587 10158 19127
33825 5587 10158 19993
33825 5587 10158 20117
33825 5587 10262 20392
33825 5587 10324 18284
33825 5587 10324 19402
33825 5587 10661 16953
33825 5587 10661 19003
33825 5587 10669 19127
33825 5587 11111 16953
33825 5587 11111 18046
33825 5587 11173 17054
33825 5587 11183 17048
33825 5587 11183 17176
33825 5587 11183 17978
33825 5587 11183 18362
33825 5587 11206 17048
33825 5587 11318 18362
33825 5587 11318 20392
33825 5587 11357 17176
33825 5587 11644 16953
33825 5587 11644 20117
33825 5587 11686 17054
33825 5587 11686 17978
33825 5587 11686 18968
33825 5587 11686 20156
33825 5587 11719 20057
33825 5587 11719 20156
33825 5587 12222 16953
33825 5587 12222 17323
33825 5594 9085 19000
33825 5594 9085 20323
33825 5594 9109 19401
33825 5594 9109 19996
33825 5594 9156 19352
33825 5594 9156 20056
33825 5594 10046 19127
33825 5594 10046 20327
33825 5594 10047 19367
33825 5594 10047 20323
33825 5594 10094 18967
33825 5594 10094 20274
33825 5594 10148 19000
33825 5594 10148 19127
33825 5594 10271 19352
33825 5594 10271 20396
33825 5594 10334 17346
33825 5594 10334 18284
33825 5594 10334 19401
33825 5594 10334 20327
33825 5594 10364 20274
33825 5594 10389 20396
33825 5594 10663 18069
33825 5594 10671 19000
33825 5594 10671 19996
33825 5594 11036 16985
33825 5594 11036 18069
33825 5594 11213 18357
33825 5594 11284 18284
33825 5594 11284 19367
33825 5594 11638 16958
33825 5594 11638 19000
33825 5594 11684 17976
33825 5594 11684 18967
33825 5594 12215 16958
33825 5594 12215 17346
33825 5595 9087 19398
33825 5595 9087 20332
33825 5595 9108 19363
33825 5595 9108 19398
33825 5595 9108 19987
33825 5595 9108 20086
33825 5595 9125 18966
33825 5595 9127 19347
33825 5595 9127 20153
33825 5595 9156 19318
33825 5595 9156 19347
33825 5595 9159 20057
33825 5595 10046 19129
33825 5595 10046 19363
33825 5595 10046 20086
33825 5595 10046 20332
33825 5595 10047 20092
33825 5595 10047 20328
33825 5595 10093 20057
33825 5595 10150 19000
33825 5595 10150 20114
33825 5595 10268 17263
33825 5595 10268 18271
33825 5595 10268 19352
33825 5595 10268 20392
33825 5595 10324 19398
33825 5595 10324 20332
33825 5595 10388 18374
33825 5595 10388 19318
33825 5595 10431 19398
33825 5595 10559 18044
33825 5595 10606 17977
33825 5595 10669 17077
33825 5595 11036 16991
33825 5595 11036 18287
33825 5595 11111 16991
33825 5595 11111 18041
33825 5595 11116 16984
33825 5595 11175 17043
33825 5595 11175 17977
33825 5595 11181 17045
33825 5595 11181 17183
33825 5595 11213 17043
33825 5595 11285 20332
33825 5595 11286 18287
33825 5595 11286 20328
33825 5595 11316 19321
33825 5595 11359 17180
33825 5595 11359 18358
33825 5595 11446 18271
33825 5595 11446 18373
33825 5595 11446 20274
33825 5595 11446 20392
33825 5595 11455 18264
33825 5595 11455 18374
33825 5595 11644 16959
33825 5595 11644 18069
33825 5595 11669 18044
33825 5595 11678 18041
33825 5595 11678 20092
33825 5595 11694 17043
33825 5595 11694 17977
33825 5595 11716 17043
33825 5595 11719 17045
33825 5595 11719 20153
33825 5595 12135 17977
33825 5595 12140 17183
33825 5595 12140 18264
33825 5595 12220 17346
33825 5595 12230 16984
33825 5602 9039 19352
33825 5602 9069 19318
33825 5602 9069 20281
33825 5602 9070 19322
33825 5602 9118 18998
33825 5602 9118 19333
33825 5602 9133 19322
33825 5602 9133 20345
33825 5602 9135 19318
33825 5602 9135 20182
33825 5602 10060 19352
33825 5602 10063 18998
33825 5602 10063 20120
33825 5602 10093 20345
33825 5602 10143 19003
33825 5602 10398 19253
33825 5602 10421 20332
33825 5602 10484 20345
33825 5602 10549 17023
33825 5602 10599 17023
33825 5602 10599 18044
33825 5602 10663 16991
33825 5602 10663 20095
33825 5602 10671 16984
33825 5602 10671 18168
33825 5602 10671 19158
33825 5602 10671 20086
33825 5602 11030 17327
33825 5602 11101 18313
33825 5602 11175 17023
33825 5602 11175 17114
33825 5602 11175 18271
33825 5602 11175 18426
33825 5602 11181 17018
33825 5602 11181 18425
33825 5602 11253 17023
33825 5602 11253 18044
33825 5602 11255 16991
33825 5602 11255 17018
33825 5602 11316 19322
33825 5602 11316 20345
33825 5602 11357 18425
33825 5602 11357 19333
33825 5602 11359 19334
33825 5602 11359 20357
33825 5602 11412 18284
33825 5602 11412 20281
33825 5602 11446 20332
33825 5602 11511 19322
33825 5602 11573 20095
33825 5602 11573 20120
33825 5602 11574 18044
33825 5602 11589 19100
33825 5602 11589 20127
33825 5602 11671 16953
33825 5602 11676 17976
33825 5602 11676 20182
33825 5602 11692 18011
33825 5602 11692 18168
33825 5602 11692 20086
33825 5602 11692 20181
33825 5602 12126 18313
33825 5602 12196 17114
33825 5602 12196 17401
33825 5602 12196 18044
33825 5602 12196 18271
33825 5602 12213 17976
33825 5602 12213 18284
33825 5602 12220 17256
33825 5602 12220 18283
33825 5603 9038 18997
33825 5603 9119 19338
33825 5603 9119 20327
33825 5603 10141 19000
33825 5603 10141 20327
33825 5603 10399 18314
33825 5603 10399 20439
33825 5603 10431 20277
33825 5603 10431 20327
33825 5603 10484 17320
33825 5603 10484 18268
33825 5603 10484 19338
33825 5603 10484 20350
33825 5603 10548 18076
33825 5603 10548 20092
33825 5603 10606 17977
33825 5603 10606 18043
33825 5603 10661 19163
33825 5603 10661 20092
33825 5603 10669 18170
33825 5603 10669 20085
33825 5603 11103 18170
33825 5603 11103 18314
33825 5603 11255 16985
33825 5603 11317 20350
33825 5603 11453 17320
33825 5603 11453 20327
33825 5603 11575 18043
33825 5603 11575 20092
33825 5603 11596 16985
33825 5603 11596 19093
33825 5603 11686 18170
33825 5603 11686 20092
33825 5603 12116 17324
33825 5603 12116 18170
33825 5603 12198 18268
33825 5606 9032 19356
33825 5606 9065 19356
33825 5606 9065 20274
33825 5606 9133 19160
33825 5606 9133 19321
33825 5606 9133 20191
33825 5606 9133 20350
33825 5606 9135 19317
33825 5606 10141 19160
33825 5606 10141 20328
33825 5606 10388 18313
33825 5606 10388 19257
33825 5606 10431 17323
33825 5606 10431 20274
33825 5606 10483 17327
33825 5606 10483 20350
33825 5606 10558 19093
33825 5606 10595 16959
33825 5606 10595 18046
33825 5606 11082 16959
33825 5606 11098 17327
33825 5606 11098 18313
33825 5606 11316 18280
33825 5606 11316 19321
33825 5606 11421 18280
33825 5606 11421 18313
33825 5606 11444 19257
33825 5606 11444 20328
33825 5606 11512 18267
33825 5606 11512 19317
33825 5606 11684 18168
33825 5606 11684 20191
33825 5606 12115 18168
33825 5606 12115 18313
33825 5606 12206 17116
33825 5606 12206 18267
33825 5607 9033 19100
33825 5607 9033 19253
33825 5607 9118 20323
33825 5607 10046 19100
33825 5607 10058 19352
33825 5607 10058 20127
33825 5607 10483 18264
33825 5607 10483 20345
33825 5607 10559 17018
33825 5607 10602 16958
33825 5607 10602 17023
33825 5607 10602 17976
33825 5607 10602 18041
33825 5607 11096 17116
33825 5607 11096 17324
33825 5607 11096 18170
33825 5607 11096 18314
33825 5607 11173 17023
33825 5607 11173 18264
33825 5607 11183 17018
33825 5607 11183 17116
33825 5607 11352 18426
33825 5607 11423 18314
33825 5607 11455 17324
33825 5607 11455 18426
33825 5607 11455 19253
33825 5607 11455 20323
33825 5607 11514 17320
33825 5607 11514 18264
33825 5607 11587 20127
33825 5607 11669 16958
33825 5607 11678 19157
33825 5607 11694 18170
33825 5607 12204 18041
33825 5607 12204 18264
33825 5607 12220 17976
33825 5618 9085 20425
33825 5618 9149 19338
33825 5618 9149 19398
33825 5618 9149 20361
33825 5618 9149 20421
33825 5618 10063 19067
33825 5618 10141 20361
33825 5618 10143 20085
33825 5618 10156 19352
33825 5618 10293 17263
33825 5618 10293 18331
33825 5618 10293 19352
33825 5618 10293 20332
33825 5618 10324 20332
33825 5618 10324 20425
33825 5618 10334 17337
33825 5618 10334 20421
33825 5618 10623 17048
33825 5618 10661 17947
33825 5618 10661 20024
33825 5618 11181 16922
33825 5618 11181 17337
33825 5618 11287 17337
33825 5618 11287 19338
33825 5618 11423 19398
33825 5618 11669 20024
33825 5618 11750 18108
33825 5618 11750 19067
33825 5618 12055 17263
33825 5618 12101 17176
33825 5618 12204 17048
33825 5618 12204 17176
33825 5618 12204 17947
33825 5618 12204 18331
33825 5618 12260 17337
33825 5618 12260 18335
33825 5619 9087 20021
33825 5619 9150 19337
33825 5619 9150 20357
33825 5619 10156 19003
33825 5619 10156 19351
33825 5619 10292 17256
33825 5619 10292 18332
33825 5619 10428 20357
33825 5619 10516 16984
33825 5619 10516 18108
33825 5619 10565 16921
33825 5619 10565 18014
33825 5619 10565 19003
33825 5619 10565 20092
33825 5619 10574 18011
33825 5619 10663 18108
33825 5619 11103 17256
33825 5619 11103 17946
33825 5619 11175 16921
33825 5619 11175 18332
33825 5619 11238 16984
33825 5619 11238 18328
33825 5619 11286 17342
33825 5619 11286 20328
33825 5619 11389 17256
33825 5619 11389 19351
33825 5619 11574 17054
33825 5619 11574 20092
33825 5619 12054 17256
33825 5619 12054 17294
33825 5619 12196 17054
33825 5619 12196 17946
33825 5619 12213 17294
33825 5619 12213 18014
33825 5619 12261 17342
33825 5619 12261 18011
33825 5622 9082 20430
33825 5622 9149 19337
33825 5622 9149 20430
33825 5622 9192 19099
33825 5622 9192 20341
33825 5622 9193 19090
33825 5622 9193 19356
33825 5622 9193 20092
33825 5622 9193 20338
33825 5622 10045 19337
33825 5622 10046 19058
33825 5622 10046 19099
33825 5622 10057 19061
33825 5622 10057 20018
33825 5622 10141 19000
33825 5622 10141 19401
33825 5622 10143 20357
33825 5622 10158 19003
33825 5622 10158 19090
33825 5622 10158 19253
33825 5622 10158 19356
33825 5622 10303 17259
33825 5622 10323 17183
33825 5622 10323 17337
33825 5622 10323 20328
33825 5622 10323 20430
33825 5622 10329 17180
33825 5622 10329 20418
33825 5622 10361 18331
33825 5622 10388 19337
33825 5622 10388 20430
33825 5622 10399 20341
33825 5622 10399 20418
33825 5622 10525 16984
33825 5622 10525 18014
33825 5622 10526 18011
33825 5622 10563 18014
33825 5622 10563 19000
33825 5622 10568 16924
33825 5622 10568 18011
33825 5622 10616 17979
33825 5622 10616 20114
33825 5622 10669 18110
33825 5622 11098 17945
33825 5622 11183 16924
33825 5622 11235 17048
33825 5622 11284 17337
33825 5622 11284 18264
33825 5622 11284 19337
33825 5622 11284 20328
33825 5622 11384 17259
33825 5622 11412 17289
33825 5622 11412 19401
33825 5622 11421 17294
33825 5622 11421 18377
33825 5622 11572 20127
33825 5622 11609 16924
33825 5622 11753 19058
33825 5622 11753 20114
33825 5622 11754 18110
33825 5622 12052 16984
33825 5622 12052 17289
33825 5622 12099 17023
33825 5622 12099 17976
33825 5622 12104 17180
33825 5622 12104 17979
33825 5622 12196 17048
33825 5622 12222 16924
33825 5622 12222 18011
33825 5622 12264 18011
33825 5623 9080 19100
33825 5623 9080 19299
33825 5623 9150 19338
33825 5623 9150 19397
33825 5623 9192 19093
33825 5623 9192 19347
33825 5623 9193 19100
33825 5623 9193 20085
33825 5623 10047 19100
33825 5623 10047 19338
33825 5623 10058 20031
33825 5623 10058 20350
33825 5623 10158 19100
33825 5623 10158 19347
33825 5623 10302 17260
33825 5623 10302 19347
33825 5623 10389 20350
33825 5623 10618 17054
33825 5623 10618 17977
33825 5623 10671 20117
33825 5623 11096 17084
33825 5623 11096 17260
33825 5623 11173 16927
33825 5623 11173 17342
33825 5623 11173 17977
33825 5623 11173 18328
33825 5623 11235 16985
33825 5623 11235 17054
33825 5623 11285 17342
33825 5623 11384 18332
33825 5623 11384 19347
33825 5623 11573 17054
33825 5623 11573 20120
33825 5623 12204 17054
33825 5623 12204 18328
33825 5623 12220 16927
33825 5692 9156 19578
33825 5692 9176 19026
33825 5692 9176 19547
33825 5692 9189 19547
33825 5692 9189 19634
33825 5692 10201 18830
33825 5692 10201 19367
33825 5692 10201 19578
33825 5692 10201 20051
33825 5692 10218 20127
33825 5692 10334 16774
33825 5692 10334 19962
33825 5692 10355 19367
33825 5692 10355 19962
33825 5692 10361 18426
33825 5692 10361 19363
33825 5692 10836 18830
33825 5692 10836 19962
33825 5692 10873 16858
33825 5692 10873 19962
33825 5692 11096 17826
33825 5692 11096 19675
33825 5692 11208 18358
33825 5692 11208 19547
33825 5692 11253 17826
33825 5692 11253 19547
33825 5692 11255 20051
33825 5692 11386 17826
33825 5692 11386 19363
33825 5692 11479 17826
33825 5692 11479 18782
33825 5692 11589 19158
33825 5692 11589 20127
33825 5692 11619 16854
33825 5692 12136 16786
33825 5692 12136 19634
33825 5693 8648 18867
33825 5693 8648 20095
33825 5693 8677 19127
33825 5693 8677 20050
33825 5693 8678 19122
33825 5693 8678 19794
33825 5693 9161 19122
33825 5693 9161 19582
33825 5693 9188 19318
33825 5693 9188 19539
33825 5693 10198 18831
33825 5693 10198 20050
33825 5693 10218 18867
33825 5693 10218 19646
33825 5693 10841 19959
33825 5693 10867 19883
33825 5693 10867 19959
33825 5693 10966 18783
33825 5693 10966 19794
33825 5693 11103 18314
33825 5693 11103 19675
33825 5693 11206 17823
33825 5693 11206 19539
33825 5693 11256 20095
33825 5693 11258 17827
33825 5693 11258 19582
33825 5693 11384 18831
33825 5693 11480 17827
33825 5693 11480 18314
33825 5693 11480 18783
33825 5693 11480 19318
33825 5693 11626 17823
33825 5693 11626 19122
33825 5693 12101 19122
33825 5693 12101 19675
33825 5693 12131 18422
33825 5694 8648 18771
33825 5694 8648 18874
33825 5694 8677 18871
33825 5694 8677 19129
33825 5694 8677 19799
33825 5694 8677 20057
33825 5694 8678 18874
33825 5694 8678 19132
33825 5694 8696 18819
33825 5694 9162 19129
33825 5694 9162 19352
33825 5694 9162 19574
33825 5694 9162 19799
33825 5694 9175 19372
33825 5694 9178 19033
33825 5694 9178 19368
33825 5694 9193 19317
33825 5694 10201 18819
33825 5694 10201 19372
33825 5694 10214 19642
33825 5694 10214 20117
33825 5694 10329 16771
33825 5694 10329 16858
33825 5694 10358 16803
33825 5694 10358 18421
33825 5694 10358 19372
33825 5694 10358 19962
33825 5694 10364 16806
33825 5694 10364 19368
33825 5694 10489 16778
33825 5694 10841 16803
33825 5694 10841 17882
33825 5694 10841 18819
33825 5694 10841 19962
33825 5694 10867 16854
33825 5694 10966 16778
33825 5694 10969 16771
33825 5694 10969 18771
33825 5694 11077 17879
33825 5694 11077 20217
33825 5694 11084 19671
33825 5694 11084 20216
33825 5694 11098 19671
33825 5694 11098 20216
33825 5694 11111 17811
33825 5694 11116 18361
33825 5694 11116 20120
33825 5694 11208 19539
33825 5694 11208 20092
33825 5694 11253 18344
33825 5694 11384 18819
33825 5694 11384 19372
33825 5694 11477 17830
33825 5694 11477 18313
33825 5694 11587 19160
33825 5694 11596 17879
33825 5694 11596 20120
33825 5694 11626 20216
33825 5694 11635 16806
33825 5694 11635 20217
33825 5694 11644 20216
33825 5694 11719 19036
33825 5694 12101 19671
33825 5694 12104 16858
33825 5694 12104 19132
33825 5694 12115 19671
33825 5694 12140 19160
33825 5694 12261 18361
33825 5694 12261 19033
33825 5694 12264 19036
33825 5695 8649 20092
33825 5695 9159 19570
33825 5695 9159 19803
33825 5695 10186 19321
33825 5695 10198 18818
33825 5695 10198 19570
33825 5695 10323 19959
33825 5695 10836 17878
33825 5695 10836 19959
33825 5695 11075 20217
33825 5695 11082 17878
33825 5695 11082 18425
33825 5695 11082 19671
33825 5695 11082 20216
33825 5695 11101 17831
33825 5695 11101 18313
33825 5695 11101 19671
33825 5695 11101 20217
33825 5695 11107 19638
33825 5695 11112 17810
33825 5695 11206 17810
33825 5695 11206 18357
33825 5695 11206 19547
33825 5695 11206 20092
33825 5695 11256 19547
33825 5695 11256 19570
33825 5695 11258 18313
33825 5695 11357 18425
33825 5695 11482 17831
33825 5695 11482 19321
33825 5695 11619 20216
33825 5695 11638 16802
33825 5695 11638 19157
33825 5695 12135 19157
33825 5695 12265 18357
33825 5695 12265 19570
33825 5705 8598 18818
33825 5705 8598 18890
33825 5705 8598 19843
33825 5705 8598 19915
33825 5705 8613 18783
33825 5705 8613 19806
33825 5705 8636 18887
33825 5705 8636 20031
33825 5705 8639 18859
33825 5705 8639 18890
33825 5705 8639 20018
33825 5705 8639 20051
33825 5705 8647 18811
33825 5705 8647 19099
33825 5705 8695 18818
33825 5705 8695 18859
33825 5705 8695 19026
33825 5705 8695 19067
33825 5705 9109 19582
33825 5705 9109 19855
33825 5705 9118 19067
33825 5705 9118 19338
33825 5705 9118 19570
33825 5705 9118 19843
33825 5705 9133 19287
33825 5705 9133 19806
33825 5705 9143 19026
33825 5705 9143 19363
33825 5705 9143 19514
33825 5705 9143 19915
33825 5705 9149 19031
33825 5705 9149 19918
33825 5705 9188 19766
33825 5705 10143 18818
33825 5705 10143 19338
33825 5705 10143 19514
33825 5705 10143 20018
33825 5705 10156 18783
33825 5705 10156 19287
33825 5705 10158 19283
33825 5705 10158 20211
33825 5705 10180 19318
33825 5705 10223 19258
33825 5705 10223 19706
33825 5705 10238 18818
33825 5705 10238 19363
33825 5705 10238 19570
33825 5705 10238 20051
33825 5705 10262 16786
33825 5705 10262 16883
33825 5705 10262 18331
33825 5705 10262 18426
33825 5705 10293 16863
33825 5705 10293 19918
33825 5705 10303 16786
33825 5705 10303 16858
33825 5705 10303 19843
33825 5705 10303 19915
33825 5705 10334 16858
33825 5705 10334 16883
33825 5705 10334 19338
33825 5705 10334 19363
33825 5705 10428 16839
33825 5705 10428 18351
33825 5705 10494 16803
33825 5705 10494 19283
33825 5705 10781 17822
33825 5705 10781 18887
33825 5705 10782 16786
33825 5705 10782 17811
33825 5705 10782 18890
33825 5705 10782 19915
33825 5705 10807 16786
33825 5705 10807 17883
33825 5705 10807 18890
33825 5705 10807 19843
33825 5705 10812 17879
33825 5705 10812 19855
33825 5705 10909 16839
33825 5705 10909 17806
33825 5705 10996 17830
33825 5705 11029 19615
33825 5705 11029 19710
33825 5705 11068 19615
33825 5705 11068 19671
33825 5705 11101 19671
33825 5705 11101 19710
33825 5705 11103 18314
33825 5705 11103 19706
33825 5705 11206 17883
33825 5705 11206 18331
33825 5705 11206 19570
33825 5705 11206 20018
33825 5705 11213 17879
33825 5705 11213 19582
33825 5705 11238 19506
33825 5705 11238 20050
33825 5705 11247 17811
33825 5705 11247 18426
33825 5705 11247 19514
33825 5705 11247 20051
33825 5705 11287 17811
33825 5705 11287 18331
33825 5705 11287 18859
33825 5705 11287 19363
33825 5705 11359 17883
33825 5705 11359 18426
33825 5705 11359 18859
33825 5705 11359 19338
33825 5705 11423 18314
33825 5705 11423 19258
33825 5705 11444 18374
33825 5705 11509 17806
33825 5705 11509 18351
33825 5705 11511 18347
33825 5705 11511 18811
33825 5705 11572 20182
33825 5705 11614 16803
33825 5705 11614 20211
33825 5705 11686 19058
33825 5705 11686 20050
33825 5705 11694 16883
33825 5705 11694 17883
33825 5705 11694 19067
33825 5705 11694 20051
33825 5705 11749 17822
33825 5705 11749 20031
33825 5705 11750 16883
33825 5705 11750 17811
33825 5705 11750 19026
33825 5705 11750 20018
33825 5705 12055 18347
33825 5705 12055 19099
33825 5705 12116 19190
33825 5705 12198 16858
33825 5705 12198 18426
33825 5705 12198 19026
33825 5705 12198 19570
33825 5705 12204 16863
33825 5705 12204 19031
33825 5705 12230 19058
33825 5705 12230 19506
33825 5705 12231 16858
33825 5705 12231 18331
33825 5705 12231 19067
33825 5705 12231 19514
33825 5707 8599 18819
33825 5707 8599 19855
33825 5707 8615 18771
33825 5707 8615 20217
33825 5707 8629 20024
33825 5707 8630 18850
33825 5707 8630 20021
33825 5707 8646 18815
33825 5707 8646 20181
33825 5707 8693 18850
33825 5707 8693 19068
33825 5707 9135 19192
33825 5707 9135 19794
33825 5707 9189 19292
33825 5707 9189 19702
33825 5707 10141 19333
33825 5707 10141 20021
33825 5707 10158 18771
33825 5707 10158 20217
33825 5707 10189 19253
33825 5707 10189 19615
33825 5707 10214 19253
33825 5707 10214 19615
33825 5707 10238 18819
33825 5707 10238 19372
33825 5707 10271 16786
33825 5707 10271 18332
33825 5707 10334 16851
33825 5707 10334 16886
33825 5707 10431 16834
33825 5707 10431 18348
33825 5707 10431 19288
33825 5707 10431 19766
33825 5707 10484 16803
33825 5707 10806 16786
33825 5707 10806 19855
33825 5707 10813 19843
33825 5707 10908 17807
33825 5707 11006 18771
33825 5707 11036 19615
33825 5707 11063 18309
33825 5707 11063 18377
33825 5707 11063 19615
33825 5707 11063 19667
33825 5707 11101 20217
33825 5707 11103 17826
33825 5707 11285 18332
33825 5707 11285 19372
33825 5707 11357 18425
33825 5707 11357 19333
33825 5707 11421 18309
33825 5707 11421 18377
33825 5707 11421 19253
33825 5707 11421 19321
33825 5707 11446 19253
33825 5707 11509 17826
33825 5707 11511 18771
33825 5707 11574 17807
33825 5707 11604 20217
33825 5707 11684 16886
33825 5707 11684 19068
33825 5707 11692 19061
33825 5707 12053 16834
33825 5707 12053 18348
33825 5707 12053 19100
33825 5707 12053 19698
33825 5707 12126 16803
33825 5707 12196 16854
33825 5707 12206 16851
33825 5707 12206 18425
33825 5709 8598 18819
33825 5709 8598 19906
33825 5709 8613 18782
33825 5709 8613 19191
33825 5709 8613 19803
33825 5709 8613 20210
33825 5709 8648 18815
33825 5709 8696 18819
33825 5709 8696 18863
33825 5709 9108 19574
33825 5709 9119 19338
33825 5709 9119 19578
33825 5709 9135 19803
33825 5709 9193 19090
33825 5709 10132 19338
33825 5709 10132 19510
33825 5709 10148 20191
33825 5709 10150 18815
33825 5709 10186 19667
33825 5709 10211 19254
33825 5709 10211 19287
33825 5709 10211 19611
33825 5709 10211 19706
33825 5709 10227 19367
33825 5709 10227 19578
33825 5709 10271 16795
33825 5709 10271 18426
33825 5709 10293 16795
33825 5709 10293 19906
33825 5709 10303 19911
33825 5709 10329 16887
33825 5709 10329 19367
33825 5709 10421 16846
33825 5709 10421 19762
33825 5709 10489 16807
33825 5709 10489 19803
33825 5709 10902 17795
33825 5709 10902 18815
33825 5709 10995 16807
33825 5709 10995 19803
33825 5709 11039 18347
33825 5709 11039 18378
33825 5709 11039 19611
33825 5709 11039 19706
33825 5709 11062 19667
33825 5709 11096 20191
33825 5709 11098 17795
33825 5709 11286 17810
33825 5709 11286 18335
33825 5709 11352 18426
33825 5709 11352 18863
33825 5709 11423 18310
33825 5709 11423 19322
33825 5709 11446 18351
33825 5709 11446 19283
33825 5709 11512 17795
33825 5709 11512 18815
33825 5709 11572 17795
33825 5709 11609 16807
33825 5709 11609 17826
33825 5709 11609 19191
33825 5709 11609 20210
33825 5709 11753 16887
33825 5709 11753 17810
33825 5709 11754 17823
33825 5709 12053 19090
33825 5709 12115 16807
33825 5709 12232 18335
33825 5709 12232 19510
33825 5709 12233 19518
33825 5711 8599 18818
33825 5711 8599 18891
33825 5711 8615 18770
33825 5711 8649 18811
33825 5711 8649 19093
33825 5711 8649 19762
33825 5711 8649 20188
33825 5711 8698 18854
33825 5711 8698 19033
33825 5711 9133 19193
33825 5711 9133 19288
33825 5711 9133 19702
33825 5711 9133 19799
33825 5711 9143 19036
33825 5711 9149 19033
33825 5711 9149 19368
33825 5711 9192 19093
33825 5711 10134 18818
33825 5711 10134 19333
33825 5711 10148 19671
33825 5711 10150 19317
33825 5711 10179 19671
33825 5711 10218 19257
33825 5711 10227 19368
33825 5711 10227 20056
33825 5711 10262 16795
33825 5711 10262 16882
33825 5711 10329 16882
33825 5711 10329 19333
33825 5711 10422 16843
33825 5711 10483 16807
33825 5711 10483 18344
33825 5711 10483 19288
33825 5711 10483 19799
33825 5711 10772 18886
33825 5711 10775 16795
33825 5711 10775 18891
33825 5711 10903 16843
33825 5711 10903 17794
33825 5711 10903 18811
33825 5711 10903 19762
33825 5711 11001 18770
33825 5711 11030 18373
33825 5711 11030 19611
33825 5711 11069 18313
33825 5711 11069 19671
33825 5711 11098 18313
33825 5711 11098 19671
33825 5711 11203 17879
33825 5711 11203 18328
33825 5711 11208 17883
33825 5711 11235 20057
33825 5711 11242 18425
33825 5711 11242 20056
33825 5711 11284 18328
33825 5711 11284 18854
33825 5711 11354 17879
33825 5711 11354 18425
33825 5711 11421 18313
33825 5711 11444 19257
33825 5711 11512 19317
33825 5711 11514 18313
33825 5711 11574 16843
33825 5711 11574 19093
33825 5711 11603 17830
33825 5711 11603 20216
33825 5711 12055 16843
33825 5711 12055 19093
33825 5711 12121 18348
33825 5711 12121 19698
33825 5721 8599 18818
33825 5721 8599 19163
33825 5721 8604 18791
33825 5721 8604 19158
33825 5721 8615 19003
33825 5721 8623 18874
33825 5721 8623 20114
33825 5721 8629 18831
33825 5721 8629 18967
33825 5721 8630 18818
33825 5721 8630 19811
33825 5721 9108 19671
33825 5721 9108 19822
33825 5721 9118 19163
33825 5721 9118 19811
33825 5721 9127 19347
33825 5721 9127 19771
33825 5721 9133 18967
33825 5721 9133 19351
33825 5721 9189 19671
33825 5721 9189 19743
33825 5721 10156 19351
33825 5721 10156 19990
33825 5721 10228 18791
33825 5721 10228 19646
33825 5721 10262 16882
33825 5721 10262 18378
33825 5721 10268 16887
33825 5721 10268 19398
33825 5721 10293 16783
33825 5721 10293 19351
33825 5721 10302 16858
33825 5721 10302 19347
33825 5721 10398 19299
33825 5721 10399 16858
33825 5721 10399 19771
33825 5721 10772 17863
33825 5721 10772 19966
33825 5721 10775 17867
33825 5721 10775 18874
33825 5721 10941 16887
33825 5721 10941 18791
33825 5721 10942 16882
33825 5721 10942 17795
33825 5721 10972 17863
33825 5721 10972 19766
33825 5721 11030 20210
33825 5721 11039 17795
33825 5721 11039 18378
33825 5721 11062 17867
33825 5721 11062 20114
33825 5721 11069 17863
33825 5721 11069 19671
33825 5721 11084 17846
33825 5721 11084 19671
33825 5721 11183 18362
33825 5721 11253 17863
33825 5721 11253 19487
33825 5721 11316 17806
33825 5721 11316 19351
33825 5721 11477 18335
33825 5721 11477 18791
33825 5721 11589 16887
33825 5721 11589 20127
33825 5721 11684 17822
33825 5721 11684 18967
33825 5721 12220 18310
33825 5721 12220 18967
33825 5721 12260 16887
33825 5721 12260 19518
33825 5723 8598 18818
33825 5723 8613 19734
33825 5723 8621 18997
33825 5723 8677 20216
33825 5723 9125 19356
33825 5723 9135 18968
33825 5723 9135 19352
33825 5723 9135 19634
33825 5723 9135 19762
33825 5723 10158 18867
33825 5723 10158 19356
33825 5723 10158 19510
33825 5723 10158 19993
33825 5723 10238 18787
33825 5723 10782 18867
33825 5723 10966 19762
33825 5723 11084 19679
33825 5723 11084 20216
33825 5723 11181 19475
33825 5723 11181 19993
33825 5723 11183 17842
33825 5723 11255 18373
33825 5723 11255 19475
33825 5723 11318 18818
33825 5723 11318 19352
33825 5723 11479 17823
33825 5723 11479 18787
33825 5723 11686 17823
33825 5723 11686 17842
33825 5723 11686 18968
33825 5723 11686 18997
33825 5723 12101 19634
33825 5723 12222 18313
33825 5723 12222 19475
33825 5723 12260 19475
33825 5723 12260 19510
33825 5724 9118 19158
33825 5724 9192 19679
33825 5724 10148 18878
33825 5724 10148 19987
33825 5724 10233 19642
33825 5724 10233 19987
33825 5724 10293 16863
33825 5724 10388 19299
33825 5724 10389 18310
33825 5724 10483 19738
33825 5724 10932 16887
33825 5724 10932 17795
33825 5724 10932 18798
33825 5724 10932 19738
33825 5724 10935 16882
33825 5724 11082 18335
33825 5724 11082 19679
33825 5724 11173 17810
33825 5724 11175 19506
33825 5724 11175 19987
33825 5724 11258 19487
33825 5724 11258 19987
33825 5724 11316 17795
33825 5724 11482 17810
33825 5724 11482 18335
33825 5724 11482 18798
33825 5724 11482 19299
33825 5724 11587 16887
33825 5724 11587 19158
33825 5724 11669 19003
33825 5724 11694 18967
33825 5724 11694 19003
33825 5724 12264 16863
33825 5724 12264 16882
33825 5724 12264 19487
33825 5724 12264 19506
33825 5726 8629 19815
33825 5726 9193 19514
33825 5726 9193 19731
33825 5726 10150 19514
33825 5726 10150 19996
33825 5726 10201 19308
33825 5726 10262 18373
33825 5726 10963 17862
33825 5726 10963 19815
33825 5726 11029 19638
33825 5726 11036 20216
33825 5726 11063 17866
33825 5726 11068 17862
33825 5726 11068 18313
33825 5726 11068 19671
33825 5726 11068 20120
33825 5726 11082 17847
33825 5726 11082 18328
33825 5726 11082 19671
33825 5726 11082 20216
33825 5726 11173 18328
33825 5726 11175 19475
33825 5726 11175 19514
33825 5726 11256 17866
33825 5726 11256 18373
33825 5726 11256 19475
33825 5726 11256 19996
33825 5726 11285 18313
33825 5726 11480 18794
33825 5726 11480 19308
33825 5726 11594 20120
33825 5726 11692 17847
33825 5726 11692 18968
33825 5726 12220 18968
33825 5726 12264 16858
33825 5726 12264 19514
33825 5764 8521 19003
33825 5764 8536 19990
33825 5764 8543 19906
33825 5764 8552 18783
33825 5764 9069 19551
33825 5764 9082 19398
33825 5764 10093 18783
33825 5764 10093 18874
33825 5764 10093 19487
33825 5764 10093 19706
33825 5764 10835 18874
33825 5764 11001 16750
33825 5764 11001 17867
33825 5764 11001 18791
33825 5764 11001 19906
33825 5764 11075 18267
33825 5764 11075 19706
33825 5764 11206 18267
33825 5764 11206 19487
33825 5764 11238 19551
33825 5764 11238 20127
33825 5764 11256 17866
33825 5764 11352 19299
33825 5764 11391 18791
33825 5764 11391 19398
33825 5764 11482 19299
33825 5764 11482 19351
33825 5764 11638 16750
33825 5764 11638 17866
33825 5764 11638 19003
33825 5764 11638 20127
33825 5764 11641 17867
33825 5764 12140 18267
33825 5764 12140 19698
33825 5764 12265 16702
33825 5764 12265 18267
33825 5765 8538 19911
33825 5765 8541 18791
33825 5765 8541 19127
33825 5765 8553 18771
33825 5765 8553 19738
33825 5765 8557 18871
33825 5765 8557 19731
33825 5765 8681 18782
33825 5765 8681 19962
33825 5765 8682 18771
33825 5765 8682 20018
33825 5765 9032 19702
33825 5765 9066 19026
33825 5765 9066 19634
33825 5765 9085 19402
33825 5765 9162 19731
33825 5765 10094 18871
33825 5765 10189 19646
33825 5765 10201 19402
33825 5765 10204 19510
33825 5765 10204 20127
33825 5765 10364 16703
33825 5765 10364 16843
33825 5765 10460 16751
33825 5765 10483 16843
33825 5765 10483 19738
33825 5765 10489 16846
33825 5765 10489 18362
33825 5765 10489 19303
33825 5765 10489 19731
33825 5765 10846 18871
33825 5765 10846 19731
33825 5765 10995 16751
33825 5765 10995 17867
33825 5765 11084 18271
33825 5765 11203 19483
33825 5765 11242 19506
33825 5765 11242 19539
33825 5765 11242 20114
33825 5765 11242 20211
33825 5765 11255 17867
33825 5765 11357 17770
33825 5765 11357 18362
33825 5765 11357 18871
33825 5765 11357 19303
33825 5765 11384 17867
33825 5765 11389 17866
33825 5765 11389 18791
33825 5765 11479 17823
33825 5765 11587 19099
33825 5765 11587 20031
33825 5765 11596 16703
33825 5765 11596 20018
33825 5765 11626 19122
33825 5765 11626 19990
33825 5765 11635 17866
33825 5765 11635 20127
33825 5765 11644 16751
33825 5765 11644 17867
33825 5765 12104 19026
33825 5765 12104 19510
33825 5765 12110 18998
33825 5765 12110 19031
33825 5765 12110 19506
33825 5765 12110 19539
33825 5765 12115 16751
33825 5765 12126 19127
33825 5765 12126 19634
33825 5765 12135 19483
33825 5765 12264 18271
33825 5772 9080 18998
33825 5772 9156 19479
33825 5772 9156 19731
33825 5772 10089 18878
33825 5772 10089 19706
33825 5772 10180 19543
33825 5772 10180 19987
33825 5772 10361 16839
33825 5772 10361 19299
33825 5772 10484 19299
33825 5772 10484 19731
33825 5772 10494 18358
33825 5772 10494 19738
33825 5772 10836 16839
33825 5772 10836 19738
33825 5772 11001 16746
33825 5772 11001 18798
33825 5772 11077 17810
33825 5772 11077 18267
33825 5772 11203 18267
33825 5772 11203 18358
33825 5772 11203 19479
33825 5772 11203 19706
33825 5772 11235 19543
33825 5772 11255 18287
33825 5772 11255 19987
33825 5772 11354 18878
33825 5772 11354 19299
33825 5772 11479 17810
33825 5772 11479 19299
33825 5772 11594 16703
33825 5772 11619 19127
33825 5772 12115 16746
33825 5772 12115 19127
33825 5772 12264 16703
33825 5772 12264 19698
33825 5773 8677 20018
33825 5773 9065 19026
33825 5773 9065 19547
33825 5773 9087 19514
33825 5773 9087 19915
33825 5773 9156 19475
33825 5773 9156 19702
33825 5773 10090 18867
33825 5773 10090 19475
33825 5773 10179 19547
33825 5773 10179 19642
33825 5773 10195 19398
33825 5773 10195 19514
33825 5773 10361 19303
33825 5773 10966 17811
33825 5773 10995 16747
33825 5773 10995 19915
33825 5773 11082 17811
33825 5773 11082 18271
33825 5773 11082 19710
33825 5773 11082 20018
33825 5773 11206 19475
33825 5773 11206 19710
33825 5773 11247 19514
33825 5773 11247 19547
33825 5773 11256 19638
33825 5773 11359 18358
33825 5773 11359 19303
33825 5773 11626 19026
33825 5773 11626 19987
33825 5773 12099 19003
33825 5773 12099 19514
33825 5773 12101 19518
33825 5773 12101 19547
33825 5773 12136 18271
33825 5773 12136 19475
33825 5796 8524 18871
33825 5796 8527 18710
33825 5796 8527 19127
33825 5796 8538 18886
33825 5796 8553 18802
33825 5796 8553 19771
33825 5796 8648 18815
33825 5796 8696 18794
33825 5796 8696 19987
33825 5796 9065 19570
33825 5796 9065 19671
33825 5796 9080 19299
33825 5796 9080 19603
33825 5796 9085 19615
33825 5796 9176 19514
33825 5796 10063 19671
33825 5796 10189 19514
33825 5796 10189 19615
33825 5796 10218 19570
33825 5796 10223 18802
33825 5796 10223 19479
33825 5796 10454 16798
33825 5796 10867 18794
33825 5796 10867 19771
33825 5796 10876 19762
33825 5796 10969 19762
33825 5796 10995 19822
33825 5796 10995 19915
33825 5796 11101 17770
33825 5796 11101 18287
33825 5796 11101 19475
33825 5796 11101 19990
33825 5796 11103 19479
33825 5796 11103 19987
33825 5796 11107 17790
33825 5796 11107 18331
33825 5796 11107 19514
33825 5796 11107 20191
33825 5796 11206 17883
33825 5796 11206 18331
33825 5796 11206 19615
33825 5796 11206 20191
33825 5796 11213 18335
33825 5796 11213 19603
33825 5796 11238 17787
33825 5796 11238 19679
33825 5796 11247 19570
33825 5796 11247 19671
33825 5796 11256 17770
33825 5796 11256 18378
33825 5796 11256 19475
33825 5796 11256 20147
33825 5796 11354 18710
33825 5796 11354 19299
33825 5796 11359 19303
33825 5796 11384 19254
33825 5796 11384 19347
33825 5796 11514 19303
33825 5796 11587 19067
33825 5796 11609 18967
33825 5796 11609 19122
33825 5796 11750 19067
33825 5796 11753 17787
33825 5796 11753 19127
33825 5796 12140 19570
33825 5796 12150 19514
33825 5796 12150 19615
33825 5796 12230 18335
33825 5796 12230 19679
33825 5796 12233 19671
33825 5797 8521 18867
33825 5797 8522 18966
33825 5797 8552 20182
33825 5797 8698 19911
33825 5797 9069 19258
33825 5797 9069 19351
33825 5797 9069 19582
33825 5797 9069 19667
33825 5797 10060 19675
33825 5797 10238 18887
33825 5797 10451 19258
33825 5797 10457 18378
33825 5797 10457 19811
33825 5797 11006 18711
33825 5797 11006 18867
33825 5797 11006 19811
33825 5797 11006 19911
33825 5797 11116 17791
33825 5797 11116 20182
33825 5797 11235 17791
33825 5797 11235 17882
33825 5797 11235 19582
33825 5797 11235 19675
33825 5797 11242 19667
33825 5797 11255 17771
33825 5797 11255 18378
33825 5797 11357 18378
33825 5797 11357 18711
33825 5797 11389 18887
33825 5797 11389 19351
33825 5797 11594 19058
33825 5797 11619 17882
33825 5797 12147 18378
33825 5797 12147 19518
33825 5797 12232 18335
33825 5797 12232 19058
33825 5806 8536 18890
33825 5806 8536 19818
33825 5806 8646 19100
33825 5806 8646 20181
33825 5806 8693 19911
33825 5806 8693 19993
33825 5806 9065 19253
33825 5806 9065 19578
33825 5806 10057 18867
33825 5806 10057 19475
33825 5806 10179 19510
33825 5806 10214 19475
33825 5806 10214 19578
33825 5806 10454 18373
33825 5806 10454 19356
33825 5806 10460 19911
33825 5806 10873 17770
33825 5806 10873 18787
33825 5806 11001 18867
33825 5806 11001 19818
33825 5806 11096 17770
33825 5806 11096 19475
33825 5806 11098 18280
33825 5806 11098 19479
33825 5806 11111 20181
33825 5806 11255 18373
33825 5806 11255 19475
33825 5806 11384 18787
33825 5806 11384 18890
33825 5806 11384 19253
33825 5806 11384 19356
33825 5806 11594 17878
33825 5806 11603 18968
33825 5806 11603 19993
33825 5806 12156 18280
33825 5806 12156 19510
33825 5807 8538 18969
33825 5807 8538 19815
33825 5807 8553 19762
33825 5807 8553 20188
33825 5807 8647 18811
33825 5807 8647 20188
33825 5807 9069 19352
33825 5807 9069 19574
33825 5807 9085 19304
33825 5807 9085 19815
33825 5807 10058 18806
33825 5807 10179 19352
33825 5807 10179 19607
33825 5807 10451 19352
33825 5807 10451 19815
33825 5807 10457 18284
33825 5807 10996 18710
33825 5807 10996 19815
33825 5807 11112 19506
33825 5807 11112 20188
33825 5807 11206 19611
33825 5807 11206 20188
33825 5807 11213 17879
33825 5807 11213 19607
33825 5807 11256 18373
33825 5807 11389 18791
33825 5807 11389 19352
33825 5807 11587 17846
33825 5807 11587 18969
33825 5807 11609 19132
33825 5807 11750 19061
33825 5807 11750 19132
33825 5807 12153 18284
33825 5807 12153 18373
33825 5807 12153 19506
33825 5807 12153 19611
33825 5826 8524 18811
33825 5826 8524 18968
33825 5826 8605 19878
33825 5826 8605 20181
33825 5826 8621 19193
33825 5826 8621 20085
33825 5826 9085 19193
33825 5826 9085 19337
33825 5826 9150 19337
33825 5826 9150 19702
33825 5826 10063 18710
33825 5826 10063 19483
33825 5826 10158 19706
33825 5826 10158 20181
33825 5826 10876 18854
33825 5826 10935 17775
33825 5826 10935 19855
33825 5826 11062 17775
33825 5826 11062 18344
33825 5826 11077 19483
33825 5826 11111 18268
33825 5826 11111 18425
33825 5826 11111 19551
33825 5826 11111 19706
33825 5826 11181 18425
33825 5826 11181 20181
33825 5826 11284 17775
33825 5826 11284 19337
33825 5826 11479 18863
33825 5826 11479 19337
33825 5826 11669 17775
33825 5826 11669 18968
33825 5826 11678 17770
33825 5826 11678 20181
33825 5826 12052 19551
33825 5826 12198 18268
33825 5829 8621 19191
33825 5829 9149 19338
33825 5829 9149 19475
33825 5829 9176 19547
33825 5829 9176 19574
33825 5829 9178 19570
33825 5829 9178 19843
33825 5829 10046 19299
33825 5829 10046 19570
33825 5829 10057 19475
33825 5829 10057 19646
33825 5829 10156 19547
33825 5829 10156 20191
33825 5829 10361 18426
33825 5829 10782 18867
33825 5829 10782 19843
33825 5829 10867 17883
33825 5829 11068 19638
33825 5829 11082 19475
33825 5829 11082 19570
33825 5829 11107 19547
33825 5829 11107 19710
33825 5829 11175 17883
33825 5829 11175 18426
33825 5829 11175 19710
33825 5829 11175 20191
33825 5829 11287 18267
33825 5829 11287 19338
33825 5829 11626 19191
33825 5829 11626 20150
33825 5829 12055 16747
33825 5829 12055 19547
33825 5829 12206 19158
33825 5829 12206 19570
33825 5829 12222 19475
33825 5829 12222 19698
33825 5833 8524 18871
33825 5833 8527 18811
33825 5833 8527 18874
33825 5833 8598 18850
33825 5833 8598 19883
33825 5833 8613 18815
33825 5833 8613 19191
33825 5833 8613 19966
33825 5833 8613 20086
33825 5833 9069 18966
33825 5833 9070 19634
33825 5833 9070 19955
33825 5833 9085 19334
33825 5833 9140 19487
33825 5833 9173 19543
33825 5833 9173 19582
33825 5833 9173 19855
33825 5833 9173 19878
33825 5833 9175 19578
33825 5833 9175 19883
33825 5833 10044 19303
33825 5833 10047 18850
33825 5833 10047 19578
33825 5833 10063 19642
33825 5833 10148 20191
33825 5833 10358 16803
33825 5833 10358 16882
33825 5833 10421 16751
33825 5833 10421 18422
33825 5833 10421 19303
33825 5833 10421 19966
33825 5833 10431 16746
33825 5833 10431 19955
33825 5833 10460 16807
33825 5833 10781 17846
33825 5833 10782 17843
33825 5833 10782 18874
33825 5833 10876 17879
33825 5833 10909 19878
33825 5833 10932 19855
33825 5833 10935 16882
33825 5833 10935 17771
33825 5833 11069 20086
33825 5833 11077 17846
33825 5833 11077 17879
33825 5833 11077 19487
33825 5833 11077 19582
33825 5833 11116 19543
33825 5833 11181 18422
33825 5833 11285 17774
33825 5833 11285 18271
33825 5833 11285 18871
33825 5833 11285 19334
33825 5833 11316 18815
33825 5833 11319 17843
33825 5833 11319 18811
33825 5833 11479 18859
33825 5833 11572 16751
33825 5833 11630 16883
33825 5833 11669 16807
33825 5833 11669 17774
33825 5833 11669 18966
33825 5833 11669 20191
33825 5833 11678 16803
33825 5833 11678 17771
33825 5833 12054 16746
33825 5833 12054 19634
33825 5833 12150 19698
33825 5833 12196 18271
33825 5833 12220 19191
33825 5838 8598 20181
33825 5838 8613 19193
33825 5838 8613 19959
33825 5838 9066 18969
33825 5838 9066 19959
33825 5838 9082 19193
33825 5838 9082 19702
33825 5838 10150 19539
33825 5838 10150 19706
33825 5838 10150 20092
33825 5838 10150 20181
33825 5838 10361 16803
33825 5838 10361 18421
33825 5838 10422 18421
33825 5838 10422 19962
33825 5838 10428 19304
33825 5838 10428 19959
33825 5838 10867 16774
33825 5838 10867 19959
33825 5838 11063 20092
33825 5838 11082 17879
33825 5838 11082 19479
33825 5838 11112 18421
33825 5838 11112 19539
33825 5838 11175 18421
33825 5838 11175 19706
33825 5838 11286 19333
33825 5838 11317 17846
33825 5838 11317 19304
33825 5838 11480 19292
33825 5838 11480 19333
33825 5838 11626 16887
33825 5838 11626 19193
33825 5838 12204 16886
33825 5838 12213 19193
33825 5838 12213 19479
33825 5842 8556 19000
33825 5842 9069 19321
33825 5842 9069 19514
33825 5842 9135 19734
33825 5842 10094 19253
33825 5842 10094 19514
33825 5842 10261 19887
33825 5842 10836 18890
33825 5842 10836 19738
33825 5842 10903 19738
33825 5842 10903 19887
33825 5842 10908 17867
33825 5842 10908 19734
33825 5842 11029 19547
33825 5842 11029 19615
33825 5842 11101 19638
33825 5842 11175 19514
33825 5842 11175 19615
33825 5842 11206 17791
33825 5842 11206 18264
33825 5842 11206 19547
33825 5842 11206 20092
33825 5842 11319 19321
33825 5842 11319 19372
33825 5842 11412 17791
33825 5842 11412 19372
33825 5842 11455 18264
33825 5842 11455 19253
33825 5842 11574 19132
33825 5842 11574 20092
33825 5842 11638 19000
33825 5842 11638 19100
33825 5842 11684 16698
33825 5842 11684 19100
33825 5842 12196 19132
33825 5842 12196 19514
33825 5844 8538 19906
33825 5844 8538 20150
33825 5844 8553 19003
33825 5844 8553 19803
33825 5844 8636 18887
33825 5844 8636 19003
33825 5844 9133 19254
33825 5844 9161 19607
33825 5844 9161 19803
33825 5844 10045 18863
33825 5844 10045 19642
33825 5844 10047 18850
33825 5844 10047 19367
33825 5844 10812 16750
33825 5844 10812 18850
33825 5844 10841 18887
33825 5844 10841 19906
33825 5844 11039 19543
33825 5844 11096 17866
33825 5844 11096 19987
33825 5844 11183 19506
33825 5844 11183 19607
33825 5844 11183 19987
33825 5844 11183 20150
33825 5844 11203 18267
33825 5844 11203 20095
33825 5844 11423 19367
33825 5844 11446 18863
33825 5844 11635 17866
33825 5844 11635 19003
33825 5844 11686 16702
33825 5844 11686 19003
33825 5844 12204 16702
33825 5844 12204 19506
33825 5844 12233 18267
33825 5844 12233 19543
33825 5849 8543 18890
33825 5849 8543 20147
33825 5849 8556 18711
33825 5849 8556 18998
33825 5849 8556 19806
33825 5849 8556 20095
33825 5849 8629 18863
33825 5849 8630 18850
33825 5849 8630 18890
33825 5849 9069 19743
33825 5849 9070 19322
33825 5849 9070 19731
33825 5849 9085 19615
33825 5849 9125 19743
33825 5849 9156 19615
33825 5849 9159 19122
33825 5849 9159 19803
33825 5849 10044 18863
33825 5849 10044 19367
33825 5849 10044 19646
33825 5849 10044 20150
33825 5849 10046 18850
33825 5849 10046 20147
33825 5849 10094 19987
33825 5849 10132 20095
33825 5849 10271 16746
33825 5849 10271 16786
33825 5849 10358 16786
33825 5849 10358 18283
33825 5849 10364 16791
33825 5849 10364 18287
33825 5849 10364 19254
33825 5849 10364 19918
33825 5849 10421 16703
33825 5849 10813 18863
33825 5849 10836 19743
33825 5849 10903 17787
33825 5849 10903 19731
33825 5849 10908 17790
33825 5849 10908 17863
33825 5849 10908 19743
33825 5849 10908 19878
33825 5849 10941 16703
33825 5849 10942 17827
33825 5849 10942 19803
33825 5849 11036 17774
33825 5849 11036 17830
33825 5849 11036 19543
33825 5849 11036 19615
33825 5849 11101 18287
33825 5849 11173 19615
33825 5849 11213 20095
33825 5849 11317 18287
33825 5849 11359 19402
33825 5849 11423 17787
33825 5849 11423 19322
33825 5849 11444 18863
33825 5849 11573 20095
33825 5849 11574 17827
33825 5849 11574 19122
33825 5849 11638 19090
33825 5849 11684 16703
33825 5849 12052 18287
33825 5849 12055 16746
33825 5849 12055 18283
33825 5849 12204 16703
33825 5849 12204 18358
33825 5849 12204 19127
33825 5849 12204 19518
33825 5849 12231 18267
33825 5855 8538 19911
33825 5855 8553 18997
33825 5855 8553 20092
33825 5855 9127 19100
33825 5855 9127 19634
33825 5855 10090 19510
33825 5855 10090 19993
33825 5855 10262 16786
33825 5855 10262 19874
33825 5855 10355 18280
33825 5855 10355 19911
33825 5855 10361 18284
33825 5855 10361 19253
33825 5855 10807 16747
33825 5855 10807 19874
33825 5855 10935 16699
33825 5855 10935 17826
33825 5855 11030 17826
33825 5855 11030 19547
33825 5855 11096 18284
33825 5855 11181 19607
33825 5855 11181 19993
33825 5855 11208 19547
33825 5855 11208 20092
33825 5855 11316 18280
33825 5855 11316 19321
33825 5855 11453 17862
33825 5855 11686 16699
33825 5855 11686 16786
33825 5855 11686 18997
33825 5855 11686 19100
33825 5855 12055 16747
33825 5855 12055 19547
33825 5855 12196 19510
33825 5855 12233 19547
33825 5855 12233 19634
33825 5858 9118 18997
33825 5858 9133 19193
33825 5858 9133 19321
33825 5858 9133 19578
33825 5858 9133 19962
33825 5858 10063 19510
33825 5858 10063 19547
33825 5858 10094 19578
33825 5858 10156 19547
33825 5858 10156 20216
33825 5858 10262 19356
33825 5858 10334 18313
33825 5858 10388 16858
33825 5858 10398 19846
33825 5858 10836 19962
33825 5858 10908 16747
33825 5858 11030 18280
33825 5858 11030 19547
33825 5858 11181 17786
33825 5858 11253 19547
33825 5858 11253 20092
33825 5858 11255 18313
33825 5858 11255 19551
33825 5858 11316 17786
33825 5858 11316 17823
33825 5858 11316 19321
33825 5858 11316 19356
33825 5858 11589 16699
33825 5858 11589 17823
33825 5858 11684 16858
33825 5858 11684 19193
33825 5858 12140 16699
33825 5858 12220 16747
33825 5858 12220 18280
33825 5858 12220 18997
33825 5858 12220 19510
33825 5861 9032 19190
33825 5861 9032 19611
33825 5861 9133 19322
33825 5861 9133 19582
33825 5861 10089 19322
33825 5861 10089 19603
33825 5861 10158 20086
33825 5861 10329 18314
33825 5861 10329 19367
33825 5861 10428 16747
33825 5861 10428 18287
33825 5861 10483 19322
33825 5861 10483 19850
33825 5861 10813 19815
33825 5861 10835 16863
33825 5861 10835 19850
33825 5861 10942 19815
33825 5861 10942 19955
33825 5861 11036 18287
33825 5861 11075 17823
33825 5861 11075 19611
33825 5861 11082 19603
33825 5861 11082 20050
33825 5861 11175 17787
33825 5861 11175 19582
33825 5861 11319 17823
33825 5861 11319 19322
33825 5861 11676 16783
33825 5861 11692 16863
33825 5861 11692 17787
33825 5861 11692 19190
33825 5861 11692 20050
33825 5861 12115 16783
33825 5861 12115 18314
33825 5861 12215 16747
33825 5861 12215 19518
33825 5867 9039 19192
33825 5867 9039 19352
33825 5867 9125 19192
33825 5867 9125 19574
33825 5867 10045 20085
33825 5867 10150 19679
33825 5867 10271 18268
33825 5867 10271 19352
33825 5867 10431 18284
33825 5867 10431 19878
33825 5867 10494 16803
33825 5867 10494 19321
33825 5867 10812 17791
33825 5867 10812 19855
33825 5867 10846 16806
33825 5867 11039 18284
33825 5867 11039 20120
33825 5867 11111 19667
33825 5867 11116 19506
33825 5867 11116 19679
33825 5867 11116 20085
33825 5867 11116 20120
33825 5867 11181 17791
33825 5867 11181 20057
33825 5867 11285 17826
33825 5867 11285 18284
33825 5867 11319 17791
33825 5867 11319 19321
33825 5867 11596 16703
33825 5867 11596 19192
33825 5867 11686 17791
33825 5867 11686 19192
33825 5867 12116 16774
33825 5867 12116 19667
33825 5867 12213 18284
33825 5867 12213 19506
33825 5868 8538 18830
33825 5868 9032 19615
33825 5868 9108 19514
33825 5868 9108 19671
33825 5868 9109 19003
33825 5868 9109 19675
33825 5868 9125 19570
33825 5868 10057 19514
33825 5868 10058 19551
33825 5868 10058 20127
33825 5868 10090 19570
33825 5868 10090 19615
33825 5868 10148 19671
33825 5868 10261 16802
33825 5868 10261 18267
33825 5868 10323 16774
33825 5868 10323 19367
33825 5868 10388 16698
33825 5868 10388 19811
33825 5868 10398 16854
33825 5868 10421 16751
33825 5868 10489 16807
33825 5868 10807 19822
33825 5868 10807 19843
33825 5868 10841 19962
33825 5868 10932 19962
33825 5868 10935 16802
33825 5868 10935 19811
33825 5868 11029 17826
33825 5868 11029 18283
33825 5868 11029 19547
33825 5868 11029 20114
33825 5868 11075 18267
33825 5868 11075 19607
33825 5868 11082 17811
33825 5868 11082 18271
33825 5868 11082 19615
33825 5868 11082 20051
33825 5868 11107 19514
33825 5868 11107 19671
33825 5868 11112 19675
33825 5868 11112 20127
33825 5868 11175 17790
33825 5868 11175 18271
33825 5868 11175 19570
33825 5868 11175 20051
33825 5868 11256 17826
33825 5868 11256 18310
33825 5868 11256 19547
33825 5868 11256 20095
33825 5868 11258 17827
33825 5868 11258 19551
33825 5868 11284 17827
33825 5868 11284 19367
33825 5868 11287 19363
33825 5868 11316 19322
33825 5868 11316 19351
33825 5868 11514 19363
33825 5868 11587 19191
33825 5868 11669 18998
33825 5868 11669 19163
33825 5868 11678 16774
33825 5868 11678 19003
33825 5868 11694 19191
33825 5868 12115 19671
33825 5868 12131 16698
33825 5868 12131 19607
33825 5868 12136 19570
33825 5868 12136 19615
33825 5868 12222 19514
33825 5874 8524 18715
33825 5874 8524 18806
33825 5874 8527 18811
33825 5874 8605 18890
33825 5874 8605 20021
33825 5874 8621 18714
33825 5874 8621 19129
33825 5874 8621 19766
33825 5874 8621 20117
33825 5874 9038 19061
33825 5874 9038 19574
33825 5874 9149 19337
33825 5874 9149 19850
33825 5874 10060 18811
33825 5874 10143 18886
33825 5874 10156 18715
33825 5874 10156 20120
33825 5874 10158 18714
33825 5874 10158 19253
33825 5874 10158 19642
33825 5874 10158 20117
33825 5874 10292 16746
33825 5874 10292 18332
33825 5874 10293 16795
33825 5874 10293 18328
33825 5874 10324 16751
33825 5874 10324 18284
33825 5874 10334 16746
33825 5874 10334 19397
33825 5874 10389 16843
33825 5874 10389 19855
33825 5874 10398 18377
33825 5874 10876 16795
33825 5874 10902 19915
33825 5874 10932 18890
33825 5874 10932 19855
33825 5874 10935 17807
33825 5874 11063 19615
33825 5874 11101 17770
33825 5874 11173 19483
33825 5874 11173 19615
33825 5874 11173 20024
33825 5874 11173 20156
33825 5874 11238 18328
33825 5874 11287 19292
33825 5874 11391 18328
33825 5874 11423 18806
33825 5874 11423 19397
33825 5874 11444 17807
33825 5874 11572 19100
33825 5874 11614 17770
33825 5874 11686 18968
33825 5874 11686 19100
33825 5874 11686 20024
33825 5874 11686 20156
33825 5874 11694 19093
33825 5874 11694 20021
33825 5874 11749 16795
33825 5874 11750 19132
33825 5874 11750 20120
33825 5874 12150 19100
33825 5874 12150 19615
33825 5874 12156 16843
33825 5874 12156 19093
33825 5874 12198 18332
33825 5874 12198 19132
33825 5874 12204 16795
33825 5874 12204 18328
33825 5874 12260 19100
33825 5874 12260 19615
33825 5876 8522 18710
33825 5876 8522 19762
33825 5876 8604 19067
33825 5876 8604 20018
33825 5876 8623 19127
33825 5876 8623 19762
33825 5876 9032 19475
33825 5876 9032 19578
33825 5876 9149 19338
33825 5876 9149 19475
33825 5876 9193 19634
33825 5876 10141 18890
33825 5876 10141 19578
33825 5876 10873 16798
33825 5876 10873 19762
33825 5876 10908 18818
33825 5876 10908 19762
33825 5876 11069 17770
33825 5876 11069 19603
33825 5876 11096 17770
33825 5876 11096 19475
33825 5876 11181 19475
33825 5876 11181 20150
33825 5876 11235 18331
33825 5876 11384 18335
33825 5876 11384 19398
33825 5876 11455 18886
33825 5876 11574 17770
33825 5876 11574 19067
33825 5876 11603 16846
33825 5876 11603 17770
33825 5876 12198 18335
33825 5876 12204 16798
33825 5876 12204 18331
33825 5876 12204 19127
33825 5876 12204 19634
33825 5883 8615 19775
33825 5883 9039 18968
33825 5883 9039 19570
33825 5883 9140 19846
33825 5883 10134 19333
33825 5883 10134 19570
33825 5883 10334 19401
33825 5883 10870 16786
33825 5883 10870 19906
33825 5883 10908 19775
33825 5883 10908 19906
33825 5883 10942 17795
33825 5883 10942 19846
33825 5883 11068 19570
33825 5883 11068 19615
33825 5883 11101 17775
33825 5883 11101 18373
33825 5883 11101 19475
33825 5883 11101 20153
33825 5883 11175 19475
33825 5883 11175 19615
33825 5883 11247 19638
33825 5883 11389 19253
33825 5883 11389 19401
33825 5883 11414 18802
33825 5883 11414 19253
33825 5883 11453 18373
33825 5883 11453 19333
33825 5883 11574 17775
33825 5883 11574 19093
33825 5883 11684 19100
33825 5883 11684 20153
33825 5883 11692 18968
33825 5883 11692 19093
33825 5883 12261 19100
33825 5883 12261 19570
33825 5885 8598 19058
33825 5885 8613 19771
33825 5885 8613 20114
33825 5885 9033 18967
33825 5885 9033 19058
33825 5885 9033 19483
33825 5885 9033 19582
33825 5885 10148 19258
33825 5885 10148 20127
33825 5885 10150 19646
33825 5885 10150 20114
33825 5885 10293 16747
33825 5885 10388 18374
33825 5885 10399 19334
33825 5885 10431 19911
33825 5885 10867 16747
33825 5885 10867 16791
33825 5885 10867 19771
33825 5885 10867 19911
33825 5885 11062 17775
33825 5885 11062 17794
33825 5885 11062 19582
33825 5885 11062 19603
33825 5885 11096 17775
33825 5885 11096 18374
33825 5885 11183 19483
33825 5885 11242 17843
33825 5885 11242 20114
33825 5885 11423 19258
33825 5885 11446 17794
33825 5885 11609 16839
33825 5885 11609 18967
33825 5885 11753 16791
33825 5885 11753 20114
33825 5885 12147 16839
33825 5885 12264 19603
33825 5948 8647 19646
33825 5948 8647 20350
33825 5948 8648 19638
33825 5948 8677 19611
33825 5948 8695 19539
33825 5948 8695 19582
33825 5948 9689 19539
33825 5948 9704 19611
33825 5948 9704 19638
33825 5948 9716 19582
33825 5948 9721 19338
33825 5948 9721 19578
33825 5948 9943 18815
33825 5948 10574 19638
33825 5948 10595 19611
33825 5948 10606 16795
33825 5948 10606 19702
33825 5948 10692 19539
33825 5948 10692 19582
33825 5948 10835 16887
33825 5948 10835 19338
33825 5948 10846 19334
33825 5948 10867 19334
33825 5948 11001 19287
33825 5948 11001 19322
33825 5948 11082 19090
33825 5948 11096 19163
33825 5948 11096 19190
33825 5948 11111 19090
33825 5948 11112 17810
33825 5948 11112 19158
33825 5948 11386 19855
33825 5948 11386 19874
33825 5948 11480 19803
33825 5948 11509 19803
33825 5948 11514 16771
33825 5948 11514 19794
33825 5948 11604 17795
33825 5948 11604 18167
33825 5948 11604 19706
33825 5948 11604 20366
33825 5948 11614 18170
33825 5948 11614 19702
33825 5948 11623 17810
33825 5948 11623 19646
33825 5948 11630 19611
33825 5948 11630 19638
33825 5948 11641 17795
33825 5948 11641 18138
33825 5948 11641 19706
33825 5948 11641 20387
33825 5948 11716 19578
33825 5948 11716 20350
33825 5948 11719 17842
33825 5948 11719 18110
33825 5948 11719 19582
33825 5948 11719 20338
33825 5948 11754 17823
33825 5948 11754 18110
33825 5948 11754 19539
33825 5948 11754 20338
33825 5948 12101 16854
33825 5948 12110 16887
33825 5948 12110 19158
33825 5948 12115 16807
33825 5948 12153 16771
33825 5948 12153 18170
33825 5948 12233 16798
33825 5948 12264 16795
33825 5948 12264 19794
33825 5949 8649 19099
33825 5949 8649 20350
33825 5949 8698 19551
33825 5949 8698 20387
33825 5949 9700 19283
33825 5949 9700 19318
33825 5949 9700 19615
33825 5949 9700 19642
33825 5949 9944 19850
33825 5949 9944 20387
33825 5949 9946 19283
33825 5949 10565 19634
33825 5949 10623 16806
33825 5949 10836 16886
33825 5949 10836 20387
33825 5949 10996 16806
33825 5949 10996 19318
33825 5949 11075 19099
33825 5949 11242 17843
33825 5949 11391 16858
33825 5949 11391 16886
33825 5949 11391 19850
33825 5949 11391 19878
33825 5949 11619 19642
33825 5949 11626 17822
33825 5949 11626 17843
33825 5949 11626 19615
33825 5949 11626 19634
33825 5949 11638 17794
33825 5949 11638 20387
33825 5949 11749 17822
33825 5949 11749 18103
33825 5949 12099 19191
33825 5949 12104 16858
33825 5949 12147 19878
33825 5949 12265 18103
33825 5950 8693 19543
33825 5950 8693 20361
33825 5950 9704 19292
33825 5950 9704 19603
33825 5950 9941 19878
33825 5950 9943 19317
33825 5950 9943 20396
33825 5950 10568 16858
33825 5950 10568 19706
33825 5950 10599 19603
33825 5950 10599 19706
33825 5950 10698 19543
33825 5950 11001 16778
33825 5950 11001 16803
33825 5950 11001 19292
33825 5950 11001 19317
33825 5950 11075 17847
33825 5950 11098 18168
33825 5950 11098 19193
33825 5950 11384 16858
33825 5950 11384 19843
33825 5950 11512 16778
33825 5950 11512 17795
33825 5950 11603 19702
33825 5950 11603 20361
33825 5950 11609 17795
33825 5950 11609 19706
33825 5950 11638 19706
33825 5950 11638 20396
33825 5950 11750 18108
33825 5950 12121 16803
33825 5950 12121 19843
33825 5950 12156 18168
33825 5950 12156 19878
33825 5950 12231 18108
33825 5950 12231 19061
33825 5951 8696 19547
33825 5951 8696 19570
33825 5951 8696 20357
33825 5951 8696 20396
33825 5951 9700 19321
33825 5951 9700 19607
33825 5951 9716 19337
33825 5951 9716 19846
33825 5951 9944 20357
33825 5951 9946 19321
33825 5951 9946 19846
33825 5951 10563 16791
33825 5951 10698 19321
33825 5951 10698 19574
33825 5951 10996 16774
33825 5951 10996 19321
33825 5951 11082 17879
33825 5951 11082 19192
33825 5951 11096 19157
33825 5951 11111 19100
33825 5951 11111 19157
33825 5951 11389 16887
33825 5951 11389 19846
33825 5951 11641 20396
33825 5951 11716 17846
33825 5951 11716 19574
33825 5951 11719 18101
33825 5951 11719 19570
33825 5951 11753 18101
33825 5951 11753 19547
33825 5951 12115 19192
33825 5951 12115 19846
33825 5951 12230 16786
33825 5951 12230 18101
33825 5951 12264 18101
33825 5951 12264 19803
33825 5961 8598 18819
33825 5961 8598 20354
33825 5961 8605 20366
33825 5961 8613 18782
33825 5961 8613 19158
33825 5961 8613 19551
33825 5961 8613 20439
33825 5961 8646 20274
33825 5961 9644 19966
33825 5961 9670 19163
33825 5961 9670 19762
33825 5961 9677 19582
33825 5961 9700 19966
33825 5961 9711 19347
33825 5961 9711 19962
33825 5961 9716 19582
33825 5961 9886 18811
33825 5961 9886 18819
33825 5961 9916 18782
33825 5961 9973 18806
33825 5961 9973 19287
33825 5961 9973 19887
33825 5961 9973 20366
33825 5961 9975 18811
33825 5961 9975 20354
33825 5961 10525 18078
33825 5961 10549 16846
33825 5961 10549 18135
33825 5961 10549 19398
33825 5961 10549 19679
33825 5961 10559 16843
33825 5961 10559 18138
33825 5961 10735 18170
33825 5961 10782 17810
33825 5961 10782 19347
33825 5961 10812 20366
33825 5961 10846 19363
33825 5961 10941 16846
33825 5961 11063 17866
33825 5961 11063 19163
33825 5961 11068 18078
33825 5961 11181 18782
33825 5961 11255 19067
33825 5961 11285 17823
33825 5961 11285 17830
33825 5961 11285 19911
33825 5961 11285 19966
33825 5961 11286 17810
33825 5961 11286 19962
33825 5961 11316 16846
33825 5961 11357 19966
33825 5961 11444 18782
33825 5961 11455 17866
33825 5961 11455 19762
33825 5961 11604 20366
33825 5961 11669 17807
33825 5961 11669 17863
33825 5961 11669 19510
33825 5961 11669 19582
33825 5961 11692 19582
33825 5961 11716 18078
33825 5961 12126 16803
33825 5961 12126 18138
33825 5961 12215 16803
33825 5961 12215 16843
33825 5961 12220 16846
33825 5961 12261 16886
33825 5961 12261 18078
33825 5961 12261 19031
33825 5961 12261 19775
33825 5962 8621 19157
33825 5962 8621 19539
33825 5962 9646 19959
33825 5962 9700 19352
33825 5962 9700 19539
33825 5962 9884 19918
33825 5962 10735 19292
33825 5962 10735 19539
33825 5962 10781 17822
33825 5962 10781 19397
33825 5962 10806 19352
33825 5962 10806 19397
33825 5962 10942 19292
33825 5962 10942 20281
33825 5962 11063 18069
33825 5962 11063 19157
33825 5962 11181 18771
33825 5962 11181 19061
33825 5962 11255 19033
33825 5962 11255 19061
33825 5962 11285 17826
33825 5962 11285 19959
33825 5962 11286 19918
33825 5962 11286 19955
33825 5962 11357 16803
33825 5962 11357 19955
33825 5962 11604 19671
33825 5962 11676 19506
33825 5962 11676 19582
33825 5962 11686 19539
33825 5962 11686 19582
33825 5962 11719 17822
33825 5962 11719 18069
33825 5962 11719 19506
33825 5962 11719 20281
33825 5962 12261 19033
33825 5964 8613 18783
33825 5964 8613 19547
33825 5964 8648 19510
33825 5964 8648 20274
33825 5964 9636 19287
33825 5964 9672 19574
33825 5964 9672 19762
33825 5964 10548 16846
33825 5964 10548 19667
33825 5964 10558 16843
33825 5964 10558 19398
33825 5964 10782 19398
33825 5964 10935 16846
33825 5964 11175 18783
33825 5964 11175 19026
33825 5964 11258 17827
33825 5964 11258 19026
33825 5964 11317 16843
33825 5964 11317 18831
33825 5964 11352 16806
33825 5964 11352 19883
33825 5964 11609 17827
33825 5964 11609 18170
33825 5964 11678 19510
33825 5964 11694 18135
33825 5964 11694 18170
33825 5964 11694 19547
33825 5964 11694 19574
33825 5964 11722 18078
33825 5964 11722 20274
33825 5964 12115 18135
33825 5964 12115 19883
33825 5964 12213 16806
33825 5964 12213 19026
33825 5964 12264 19026
33825 5964 12264 19762
33825 5967 8598 18818
33825 5967 8598 19506
33825 5967 8621 19543
33825 5967 8648 19506
33825 5967 8648 19675
33825 5967 9638 19061
33825 5967 9638 19675
33825 5967 9879 18811
33825 5967 9879 19915
33825 5967 9976 19292
33825 5967 9976 20357
33825 5967 9978 19878
33825 5967 9978 20361
33825 5967 10723 18168
33825 5967 10723 19543
33825 5967 10813 19352
33825 5967 10813 20361
33825 5967 10932 17831
33825 5967 11175 18770
33825 5967 11175 18811
33825 5967 11175 19036
33825 5967 11175 19061
33825 5967 11318 18818
33825 5967 11318 19915
33825 5967 11446 17867
33825 5967 11446 18770
33825 5967 11609 20357
33825 5967 11671 17867
33825 5967 11671 19506
33825 5967 11684 18168
33825 5967 11684 19574
33825 5967 11721 18069
33825 5967 11721 19506
33825 5967 12115 19878
33825 5967 12264 18069
33825 5967 12264 19036
33825 5977 8599 18819
33825 5977 8599 19675
33825 5977 8621 20286
33825 5977 8629 18966
33825 5977 8695 19483
33825 5977 9661 19710
33825 5977 9686 19603
33825 5977 9686 19906
33825 5977 9692 19510
33825 5977 9692 19615
33825 5977 9692 19822
33825 5977 9692 19911
33825 5977 9700 19191
33825 5977 9711 19675
33825 5977 9711 19738
33825 5977 9716 19303
33825 5977 9916 18830
33825 5977 9916 19334
33825 5977 9916 19743
33825 5977 9916 20247
33825 5977 9918 18819
33825 5977 9918 19738
33825 5977 9941 18886
33825 5977 9975 18715
33825 5977 9975 18890
33825 5977 10549 19334
33825 5977 10558 16843
33825 5977 10558 19603
33825 5977 10574 19667
33825 5977 10669 18110
33825 5977 10806 16786
33825 5977 10806 17882
33825 5977 10813 16798
33825 5977 10908 16854
33825 5977 10908 17807
33825 5977 10908 19303
33825 5977 10908 20286
33825 5977 10966 16834
33825 5977 11036 17807
33825 5977 11036 18110
33825 5977 11036 18886
33825 5977 11036 19191
33825 5977 11039 17794
33825 5977 11039 18890
33825 5977 11069 18830
33825 5977 11247 18714
33825 5977 11284 19911
33825 5977 11412 17879
33825 5977 11423 16851
33825 5977 11423 17882
33825 5977 11446 17794
33825 5977 11446 18715
33825 5977 11453 19822
33825 5977 11509 17846
33825 5977 11572 18071
33825 5977 11596 17846
33825 5977 11596 17879
33825 5977 11596 19615
33825 5977 11596 19710
33825 5977 11684 20247
33825 5977 11749 19510
33825 5977 12055 16843
33825 5977 12055 19906
33825 5977 12101 16854
33825 5977 12110 16786
33825 5977 12110 16851
33825 5977 12204 16798
33825 5977 12204 18071
33825 5977 12204 18966
33825 5977 12204 19743
33825 5978 8605 19518
33825 5978 8615 20277
33825 5978 9663 19304
33825 5978 9663 19479
33825 5978 9716 18968
33825 5978 9716 19304
33825 5978 10574 16887
33825 5978 10574 19698
33825 5978 10671 18108
33825 5978 10671 19475
33825 5978 10909 17806
33825 5978 10909 19304
33825 5978 10966 16846
33825 5978 10966 19304
33825 5978 11036 17806
33825 5978 11036 19193
33825 5978 11039 17795
33825 5978 11039 18108
33825 5978 11446 17806
33825 5978 11446 19822
33825 5978 11509 16839
33825 5978 11575 17806
33825 5978 11575 20425
33825 5978 11596 19698
33825 5978 11684 18108
33825 5978 11684 20248
33825 5978 11750 19475
33825 5978 11750 19518
33825 5978 11750 20248
33825 5978 11750 20277
33825 5978 12052 18108
33825 5978 12052 19911
33825 5978 12101 16786
33825 5978 12101 19193
33825 5978 12196 18076
33825 5978 12196 18968
33825 5981 8598 18818
33825 5981 8598 19506
33825 5981 8623 19127
33825 5981 8623 19611
33825 5981 8639 19483
33825 5981 8639 19706
33825 5981 9652 19299
33825 5981 9652 19706
33825 5981 9683 19611
33825 5981 9683 19818
33825 5981 9689 19506
33825 5981 9689 19607
33825 5981 9976 20243
33825 5981 10559 19338
33825 5981 10559 19611
33825 5981 10568 19679
33825 5981 10568 19706
33825 5981 10661 18110
33825 5981 10661 19506
33825 5981 10902 19299
33825 5981 10902 20274
33825 5981 11235 18135
33825 5981 11235 18966
33825 5981 11423 16858
33825 5981 11423 19818
33825 5981 11514 17842
33825 5981 11573 19671
33825 5981 11587 19611
33825 5981 11587 19706
33825 5981 11686 17842
33825 5981 11686 18110
33825 5981 11686 19487
33825 5981 11686 20243
33825 5981 11754 19487
33825 5981 11754 19506
33825 5981 12196 18966
33825 5982 8613 18711
33825 5982 8636 18968
33825 5982 8636 19702
33825 5982 9699 19192
33825 5982 9699 19734
33825 5982 9715 18968
33825 5982 9715 19479
33825 5982 9909 19337
33825 5982 9909 19734
33825 5982 9911 19731
33825 5982 9911 20252
33825 5982 9976 18890
33825 5982 9976 20252
33825 5982 10663 18069
33825 5982 10663 18108
33825 5982 10663 19475
33825 5982 10663 19514
33825 5982 10812 17879
33825 5982 10812 19337
33825 5982 10903 19308
33825 5982 10969 19253
33825 5982 10969 19308
33825 5982 11235 18710
33825 5982 11235 18968
33825 5982 11514 18791
33825 5982 11514 19734
33825 5982 11574 18069
33825 5982 11587 17846
33825 5982 11587 19702
33825 5982 11686 19475
33825 5982 11686 20252
33825 5982 11753 19514
33825 5982 11753 20252
33825 5982 12055 18108
33825 5982 12204 18968
33825 5982 12204 19734
33825 6036 8538 18819
33825 6036 8538 19158
33825 6036 8553 18782
33825 6036 8553 19483
33825 6036 9677 19702
33825 6036 9677 19962
33825 6036 9721 19031
33825 6036 9853 19338
33825 6036 9853 19962
33825 6036 9855 19955
33825 6036 9855 20439
33825 6036 9976 18854
33825 6036 9976 19338
33825 6036 10701 18170
33825 6036 10701 19510
33825 6036 10728 16863
33825 6036 10728 19475
33825 6036 10835 16863
33825 6036 10835 19338
33825 6036 10966 17787
33825 6036 10966 19338
33825 6036 11075 18782
33825 6036 11242 19158
33825 6036 11357 18854
33825 6036 11357 19955
33825 6036 11384 16783
33825 6036 11384 18819
33825 6036 11596 17787
33825 6036 11596 20274
33825 6036 11626 19510
33825 6036 11638 18170
33825 6036 11638 20366
33825 6036 11722 19475
33825 6036 11722 19702
33825 6036 11722 20274
33825 6036 11722 20439
33825 6037 8522 19026
33825 6037 8522 19539
33825 6037 8524 19506
33825 6037 8524 19551
33825 6037 8681 19706
33825 6037 8681 20286
33825 6037 9677 19479
33825 6037 9677 19706
33825 6037 9704 19003
33825 6037 9704 19506
33825 6037 9726 19539
33825 6037 9726 19874
33825 6037 9976 19334
33825 6037 10698 19506
33825 6037 10698 19667
33825 6037 10714 19367
33825 6037 10714 19539
33825 6037 10723 16858
33825 6037 10723 19706
33825 6037 10846 19334
33825 6037 10846 20439
33825 6037 11235 18170
33825 6037 11235 19003
33825 6037 11386 18818
33825 6037 11386 19874
33825 6037 11479 17786
33825 6037 11587 17786
33825 6037 11587 18011
33825 6037 11587 19487
33825 6037 11587 20286
33825 6037 11630 19506
33825 6037 11630 19539
33825 6037 11641 19671
33825 6037 11719 19487
33825 6037 11719 19706
33825 6037 12140 18011
33825 6044 8552 18783
33825 6044 8552 20274
33825 6044 8677 19483
33825 6044 8677 20274
33825 6044 9700 19518
33825 6044 9715 19367
33825 6044 10724 16702
33825 6044 10724 16851
33825 6044 10724 19475
33825 6044 10724 19710
33825 6044 10841 19338
33825 6044 10963 19318
33825 6044 10963 19338
33825 6044 11006 16774
33825 6044 11006 19367
33825 6044 11255 17827
33825 6044 11255 18046
33825 6044 11255 18831
33825 6044 11255 19026
33825 6044 11256 17826
33825 6044 11354 16851
33825 6044 11384 16774
33825 6044 11384 17826
33825 6044 11384 18831
33825 6044 11384 19883
33825 6044 11594 19475
33825 6044 11594 20274
33825 6044 11623 18046
33825 6044 11623 19518
33825 6044 11641 17827
33825 6044 11719 19710
33825 6044 11719 20274
33825 6044 12104 19026
33825 6044 12121 18167
33825 6044 12126 19883
33825 6044 12265 16702
33825 6045 8521 19003
33825 6045 8521 19543
33825 6045 8527 18998
33825 6045 8527 19031
33825 6045 8527 19514
33825 6045 8527 19547
33825 6045 8538 18830
33825 6045 8543 19158
33825 6045 8543 19675
33825 6045 8553 20286
33825 6045 8678 19698
33825 6045 9545 19479
33825 6045 9667 19962
33825 6045 9699 19003
33825 6045 9699 19675
33825 6045 9716 19363
33825 6045 9848 18863
33825 6045 9848 19334
33825 6045 9848 19962
33825 6045 9848 20435
33825 6045 9850 18850
33825 6045 9850 19955
33825 6045 9941 18830
33825 6045 9973 18782
33825 6045 9973 18850
33825 6045 10692 19679
33825 6045 10709 18046
33825 6045 10709 19543
33825 6045 10712 19363
33825 6045 10735 16854
33825 6045 10836 16854
33825 6045 10836 17795
33825 6045 10836 19334
33825 6045 10836 20435
33825 6045 10966 17790
33825 6045 10996 16774
33825 6045 10996 17827
33825 6045 11001 17826
33825 6045 11077 18011
33825 6045 11077 18782
33825 6045 11082 18014
33825 6045 11082 19058
33825 6045 11235 18167
33825 6045 11235 19163
33825 6045 11253 17826
33825 6045 11253 18830
33825 6045 11258 17827
33825 6045 11258 18046
33825 6045 11359 16854
33825 6045 11359 19962
33825 6045 11386 17826
33825 6045 11386 18830
33825 6045 11589 20286
33825 6045 11619 17946
33825 6045 11619 18043
33825 6045 11619 19514
33825 6045 11619 19547
33825 6045 11638 17826
33825 6045 11722 19698
33825 6045 12115 19878
33825 6045 12116 16774
33825 6045 12116 19158
33825 6045 12131 16698
33825 6045 12131 18011
33825 6045 12136 16703
33825 6045 12136 19731
33825 6045 12260 16854
33825 6045 12260 19962
33825 6045 12264 16698
33825 6045 12264 19955
33825 6052 8681 18811
33825 6052 8681 19675
33825 6052 9580 19506
33825 6052 9580 19675
33825 6052 9677 19603
33825 6052 9689 19003
33825 6052 9689 19506
33825 6052 9823 18791
33825 6052 9823 19731
33825 6052 9976 19402
33825 6052 9976 20243
33825 6052 9978 19398
33825 6052 9978 19731
33825 6052 10595 18046
33825 6052 10712 16751
33825 6052 10712 17978
33825 6052 10712 19398
33825 6052 10712 19603
33825 6052 10966 16703
33825 6052 10966 17867
33825 6052 10995 17867
33825 6052 10995 19402
33825 6052 11084 18046
33825 6052 11084 19127
33825 6052 11242 18871
33825 6052 11357 16751
33825 6052 11357 19731
33825 6052 11512 18867
33825 6052 11512 19731
33825 6052 11609 17867
33825 6052 11609 19634
33825 6052 11638 17978
33825 6052 11644 17867
33825 6052 11644 19506
33825 6052 11721 19506
33825 6052 11721 20439
33825 6053 8524 19163
33825 6053 8524 19634
33825 6053 8682 20247
33825 6053 9581 19351
33825 6053 9581 19514
33825 6053 9672 19163
33825 6053 9672 19615
33825 6053 10595 16858
33825 6053 10595 19679
33825 6053 10711 16750
33825 6053 10711 17979
33825 6053 10969 16702
33825 6053 10969 17866
33825 6053 10969 19351
33825 6053 10969 20323
33825 6053 11001 16750
33825 6053 11235 17790
33825 6053 11235 19163
33825 6053 11352 19734
33825 6053 11479 16702
33825 6053 11479 19771
33825 6053 11514 19734
33825 6053 11514 19906
33825 6053 11614 19634
33825 6053 11614 20323
33825 6053 11635 17866
33825 6053 11635 19615
33825 6053 11641 18078
33825 6053 11719 17790
33825 6053 11719 19514
33825 6053 12135 19163
33825 6053 12135 19771
33825 6053 12140 17979
33825 6053 12140 19158
33825 6053 12233 16858
33825 6053 12233 18078
33825 6062 8521 18867
33825 6062 8521 19157
33825 6062 8524 19638
33825 6062 8538 19638
33825 6062 8553 18997
33825 6062 8556 19000
33825 6062 8556 20440
33825 6062 8677 19129
33825 6062 9576 19356
33825 6062 9667 19160
33825 6062 9667 19321
33825 6062 9667 19607
33825 6062 9667 19766
33825 6062 9683 19000
33825 6062 9683 19401
33825 6062 9686 19397
33825 6062 9816 18794
33825 6062 9816 18867
33825 6062 9848 18787
33825 6062 9973 18887
33825 6062 9973 19401
33825 6062 9975 18890
33825 6062 9975 19397
33825 6062 9975 19731
33825 6062 9975 20252
33825 6062 10599 18044
33825 6062 10599 19667
33825 6062 10712 16746
33825 6062 10712 19397
33825 6062 10972 17863
33825 6062 10972 20328
33825 6062 11001 16746
33825 6062 11001 19397
33825 6062 11077 17846
33825 6062 11077 18041
33825 6062 11082 19129
33825 6062 11206 18997
33825 6062 11235 17945
33825 6062 11253 17945
33825 6062 11258 17944
33825 6062 11258 18887
33825 6062 11352 16746
33825 6062 11352 17843
33825 6062 11352 18890
33825 6062 11352 19731
33825 6062 11479 18787
33825 6062 11480 16698
33825 6062 11480 18794
33825 6062 11514 18871
33825 6062 11589 17945
33825 6062 11589 19638
33825 6062 11596 17846
33825 6062 11596 17944
33825 6062 11603 17945
33825 6062 11603 19638
33825 6062 11644 20425
33825 6062 11721 18069
33825 6062 11721 19514
33825 6062 11749 18041
33825 6062 11749 20440
33825 6062 11750 17786
33825 6062 12135 16851
33825 6062 12135 19157
33825 6062 12140 16854
33825 6062 12140 17976
33825 6062 12140 19160
33825 6062 12140 19766
33825 6062 12153 16746
33825 6062 12233 16698
33825 6062 12233 16851
33825 6063 8552 19611
33825 6063 8552 20444
33825 6063 8678 19132
33825 6063 9670 19611
33825 6063 9670 19762
33825 6063 9818 19734
33825 6063 10691 19352
33825 6063 10711 16747
33825 6063 10711 19611
33825 6063 10836 20248
33825 6063 10963 17862
33825 6063 10963 19352
33825 6063 11242 17945
33825 6063 11255 18891
33825 6063 11255 19132
33825 6063 11357 17847
33825 6063 11357 19734
33825 6063 11587 17847
33825 6063 11587 17945
33825 6063 11587 19638
33825 6063 11587 20248
33825 6063 11594 17944
33825 6063 11604 17862
33825 6063 11604 17944
33825 6063 11604 19638
33825 6063 11604 20328
33825 6063 11635 20328
33825 6063 11641 19506
33825 6063 11641 19611
33825 6063 11719 17787
33825 6063 11719 18069
33825 6063 11719 19506
33825 6063 11719 20444
33825 6063 11753 17787
33825 6063 11754 19671
33825 6063 12232 18069
33825 6083 8524 19675
33825 6083 8557 19543
33825 6083 8557 19706
33825 6083 8639 19706
33825 6083 8639 20328
33825 6083 9644 19317
33825 6083 9646 19193
33825 6083 9646 19321
33825 6083 9646 19675
33825 6083 9646 19803
33825 6083 10623 16778
33825 6083 10671 16858
33825 6083 10671 18168
33825 6083 10671 19317
33825 6083 10671 19543
33825 6083 10807 16747
33825 6083 10807 19321
33825 6083 10966 16778
33825 6083 10966 17790
33825 6083 11175 17790
33825 6083 11175 17883
33825 6083 11175 19036
33825 6083 11175 19193
33825 6083 11423 16858
33825 6083 11479 19803
33825 6083 11589 17945
33825 6083 11589 19646
33825 6083 11638 19706
33825 6083 11638 20396
33825 6083 11684 18168
33825 6083 11684 19706
33825 6083 11694 17883
33825 6083 12055 16747
33825 6083 12140 17945
33825 6083 12196 19036
33825 6083 12204 19959
33825 6084 8553 18715
33825 6084 8553 18878
33825 6084 8553 19547
33825 6084 8553 19710
33825 6084 9503 19127
33825 6084 9577 19646
33825 6084 9756 20327
33825 6084 9757 19338
33825 6084 9788 18878
33825 6084 9850 19955
33825 6084 10616 18170
33825 6084 10616 19667
33825 6084 10669 16863
33825 6084 10669 18170
33825 6084 10813 17770
33825 6084 10963 16783
33825 6084 10963 17787
33825 6084 10963 19338
33825 6084 10963 20350
33825 6084 11036 19026
33825 6084 11082 18710
33825 6084 11082 19127
33825 6084 11183 19026
33825 6084 11183 19190
33825 6084 11446 18715
33825 6084 11453 16783
33825 6084 11453 17770
33825 6084 11453 18710
33825 6084 11453 19955
33825 6084 11587 19646
33825 6084 11587 20350
33825 6084 11635 18170
33825 6084 11635 19710
33825 6084 11686 18170
33825 6084 11686 19547
33825 6084 11692 17787
33825 6089 8557 18710
33825 6089 8557 19551
33825 6089 8629 19190
33825 6089 8629 20327
33825 6089 9501 19638
33825 6089 9501 19855
33825 6089 9503 19122
33825 6089 9503 19850
33825 6089 9580 19638
33825 6089 9580 19966
33825 6089 9636 19190
33825 6089 9636 19318
33825 6089 9638 19322
33825 6089 9638 19794
33825 6089 9758 18867
33825 6089 9758 19794
33825 6089 9759 19338
33825 6089 9788 18798
33825 6089 9788 19318
33825 6089 9791 18867
33825 6089 9791 19322
33825 6089 9877 18710
33825 6089 9877 19367
33825 6089 9879 18715
33825 6089 9879 20387
33825 6089 10621 16774
33825 6089 10621 19679
33825 6089 10661 18167
33825 6089 10661 19318
33825 6089 10813 17775
33825 6089 10813 19318
33825 6089 10972 16774
33825 6089 10972 20350
33825 6089 11084 18046
33825 6089 11084 18710
33825 6089 11181 17791
33825 6089 11181 19190
33825 6089 11414 16851
33825 6089 11414 17826
33825 6089 11421 17830
33825 6089 11421 19743
33825 6089 11444 16774
33825 6089 11444 18710
33825 6089 11455 17770
33825 6089 11455 18715
33825 6089 11477 17830
33825 6089 11477 19799
33825 6089 11572 17830
33825 6089 11572 19638
33825 6089 11575 17826
33825 6089 11575 18043
33825 6089 11589 17879
33825 6089 11589 19638
33825 6089 11644 17830
33825 6089 11644 19710
33825 6089 11671 17947
33825 6089 11678 17770
33825 6089 11678 20387
33825 6089 11694 20435
33825 6089 12053 16774
33825 6089 12053 19127
33825 6089 12054 16747
33825 6089 12054 19122
33825 6089 12198 19026
33825 6089 12206 16851
33825 6089 12206 18043
33825 6089 12215 16747
33825 6089 12215 19850
33825 6089 12220 16750
33825 6089 12220 19190
33825 6094 8553 18867
33825 6094 8553 19539
33825 6094 8629 19193
33825 6094 9576 19539
33825 6094 9576 19962
33825 6094 9879 20396
33825 6094 10663 18165
33825 6094 10663 19539
33825 6094 10712 19333
33825 6094 10908 20328
33825 6094 10969 16771
33825 6094 10969 19333
33825 6094 11075 18041
33825 6094 11173 17878
33825 6094 11173 19193
33825 6094 11482 17831
33825 6094 11482 19846
33825 6094 11573 17831
33825 6094 11573 18041
33825 6094 11573 19638
33825 6094 11573 20328
33825 6094 11574 17827
33825 6094 11587 17878
33825 6094 11587 17945
33825 6094 11587 19638
33825 6094 11587 20345
33825 6094 11641 17827
33825 6094 11641 18165
33825 6094 11641 19706
33825 6094 11641 20396
33825 6094 11669 17945
33825 6094 11676 19671
33825 6094 11686 19539
33825 6094 11686 19706
33825 6094 11692 20345
33825 6094 12220 19846
33825 6099 8543 18890
33825 6099 8604 18859
33825 6099 8604 19061
33825 6099 8604 19483
33825 6099 8604 20421
33825 6099 8621 18871
33825 6099 8623 18874
33825 6099 8623 20248
33825 6099 9580 19253
33825 6099 9580 19479
33825 6099 9646 18969
33825 6099 9646 19771
33825 6099 9823 18711
33825 6099 9823 18874
33825 6099 9853 18890
33825 6099 9886 18811
33825 6099 9886 20341
33825 6099 9918 18859
33825 6099 9918 19257
33825 6099 9918 19799
33825 6099 9918 20421
33825 6099 10516 18012
33825 6099 10516 19308
33825 6099 10599 19292
33825 6099 10599 19582
33825 6099 10623 16746
33825 6099 10623 19397
33825 6099 10671 16698
33825 6099 10671 17944
33825 6099 10692 19292
33825 6099 10692 19582
33825 6099 10772 19292
33825 6099 10772 19352
33825 6099 10772 20332
33825 6099 10772 20392
33825 6099 10836 19308
33825 6099 10836 20248
33825 6099 10870 16698
33825 6099 10876 17867
33825 6099 10908 19397
33825 6099 10908 20341
33825 6099 10935 19292
33825 6099 11063 17774
33825 6099 11101 17944
33825 6099 11173 19100
33825 6099 11181 18711
33825 6099 11181 19093
33825 6099 11285 17774
33825 6099 11316 19818
33825 6099 11319 18811
33825 6099 11319 19822
33825 6099 11391 16698
33825 6099 11574 19582
33825 6099 11574 19642
33825 6099 11574 20332
33825 6099 11574 20392
33825 6099 11604 17944
33825 6099 11614 17867
33825 6099 11669 19582
33825 6099 12054 16746
33825 6099 12054 19822
33825 6099 12156 16843
33825 6099 12156 19093
33825 6099 12198 16698
33825 6099 12198 17944
33825 6099 12215 16843
33825 6099 12215 18012
33825 6099 12220 18009
33825 6099 12231 16798
33825 6099 12231 18108
33825 6101 8538 18886
33825 6101 8604 19067
33825 6101 8648 19551
33825 6101 8649 19543
33825 6101 8649 20350
33825 6101 9501 19607
33825 6101 9502 19299
33825 6101 9502 19603
33825 6101 9576 19067
33825 6101 9646 19762
33825 6101 9788 18802
33825 6101 9788 19883
33825 6101 9790 19878
33825 6101 9816 18710
33825 6101 9816 19398
33825 6101 9848 18886
33825 6101 9848 19762
33825 6101 9886 18802
33825 6101 9886 20243
33825 6101 9916 18863
33825 6101 9916 19803
33825 6101 10525 19299
33825 6101 10525 19543
33825 6101 10602 19254
33825 6101 10602 19287
33825 6101 10602 19475
33825 6101 10602 19570
33825 6101 10618 19398
33825 6101 10618 19603
33825 6101 10663 16798
33825 6101 10669 18110
33825 6101 10691 19642
33825 6101 10782 19347
33825 6101 10782 20327
33825 6101 10841 16846
33825 6101 10841 20243
33825 6101 10873 16798
33825 6101 10873 17770
33825 6101 10903 17787
33825 6101 10903 20350
33825 6101 10935 19258
33825 6101 10935 20430
33825 6101 11069 17770
33825 6101 11096 17867
33825 6101 11096 17947
33825 6101 11096 18886
33825 6101 11096 18966
33825 6101 11107 17790
33825 6101 11112 17787
33825 6101 11112 18710
33825 6101 11287 16798
33825 6101 11287 17770
33825 6101 11386 18886
33825 6101 11386 19762
33825 6101 11575 19642
33825 6101 11603 17770
33825 6101 11609 18110
33825 6101 11678 19475
33825 6101 11678 19570
33825 6101 11678 20387
33825 6101 11678 20418
33825 6101 12055 16746
33825 6101 12055 19883
33825 6101 12153 16746
33825 6101 12153 16846
33825 6101 12204 16703
33825 6101 12204 17947
33825 6101 12204 18966
33825 6101 12204 19762
33825 6101 12233 16798
33825 6105 8541 18967
33825 6105 8598 19058
33825 6105 8598 20418
33825 6105 8613 18878
33825 6105 8613 18998
33825 6105 8615 18867
33825 6105 8615 19003
33825 6105 8615 19611
33825 6105 8615 20243
33825 6105 8646 18867
33825 6105 8646 19090
33825 6105 8646 19539
33825 6105 8646 20338
33825 6105 8647 19099
33825 6105 8647 19547
33825 6105 9500 19615
33825 6105 9500 19822
33825 6105 9503 19090
33825 6105 9503 19299
33825 6105 9503 19611
33825 6105 9503 19818
33825 6105 9581 19799
33825 6105 9636 19254
33825 6105 9636 19775
33825 6105 9652 18998
33825 6105 9652 19887
33825 6105 9654 19003
33825 6105 9654 19402
33825 6105 9654 19539
33825 6105 9654 19874
33825 6105 9788 18878
33825 6105 9788 19887
33825 6105 9790 18811
33825 6105 9790 18867
33825 6105 9790 19818
33825 6105 9790 19874
33825 6105 9823 18714
33825 6105 9823 18867
33825 6105 9823 19299
33825 6105 9823 19402
33825 6105 9855 18890
33825 6105 9855 19258
33825 6105 9879 18714
33825 6105 9879 18811
33825 6105 9879 20243
33825 6105 9879 20338
33825 6105 9909 18854
33825 6105 9909 20430
33825 6105 10526 16747
33825 6105 10526 18011
33825 6105 10526 19299
33825 6105 10526 19539
33825 6105 10606 19283
33825 6105 10606 19475
33825 6105 10623 16747
33825 6105 10623 17978
33825 6105 10623 19402
33825 6105 10623 19611
33825 6105 10661 16702
33825 6105 10661 19254
33825 6105 10671 17946
33825 6105 10671 19258
33825 6105 10701 19351
33825 6105 10782 19283
33825 6105 10782 20323
33825 6105 10846 16834
33825 6105 10846 17842
33825 6105 10846 19299
33825 6105 10846 20243
33825 6105 10870 16786
33825 6105 10870 20418
33825 6105 10876 17775
33825 6105 10876 20430
33825 6105 10902 16834
33825 6105 10902 17786
33825 6105 10902 19402
33825 6105 10902 20338
33825 6105 10941 20391
33825 6105 11069 18103
33825 6105 11103 17946
33825 6105 11103 18890
33825 6105 11111 17786
33825 6105 11111 18011
33825 6105 11111 18714
33825 6105 11111 19003
33825 6105 11116 17791
33825 6105 11116 18014
33825 6105 11175 17979
33825 6105 11175 19099
33825 6105 11183 17842
33825 6105 11183 17978
33825 6105 11183 18714
33825 6105 11183 19090
33825 6105 11284 17775
33825 6105 11284 18854
33825 6105 11317 17846
33825 6105 11317 19822
33825 6105 11318 16803
33825 6105 11318 17842
33825 6105 11318 18811
33825 6105 11318 19818
33825 6105 11389 17863
33825 6105 11412 16806
33825 6105 11412 17791
33825 6105 11423 16803
33825 6105 11423 17786
33825 6105 11423 18811
33825 6105 11423 19874
33825 6105 11573 19582
33825 6105 11573 19638
33825 6105 11604 19487
33825 6105 11604 19638
33825 6105 11614 19475
33825 6105 11614 20323
33825 6105 11623 17979
33825 6105 11623 19547
33825 6105 11630 17786
33825 6105 11630 17978
33825 6105 11630 19539
33825 6105 11630 20243
33825 6105 11676 19487
33825 6105 11676 19582
33825 6105 11716 17846
33825 6105 11716 19615
33825 6105 11719 17842
33825 6105 11719 18011
33825 6105 11719 19611
33825 6105 11719 20338
33825 6105 12055 16747
33825 6105 12055 16803
33825 6105 12055 19818
33825 6105 12055 19874
33825 6105 12150 16747
33825 6105 12150 16834
33825 6105 12150 19003
33825 6105 12150 19090
33825 6105 12204 16702
33825 6105 12204 19775
33825 6105 12213 16806
33825 6105 12213 18014
33825 6105 12222 16803
33825 6105 12222 16834
33825 6105 12222 17978
33825 6105 12222 18011
33825 6105 12230 16786
33825 6105 12230 19058
33825 6111 8536 19483
33825 6111 8536 20421
33825 6111 8598 18850
33825 6111 8598 19068
33825 6111 9577 19068
33825 6111 9636 18968
33825 6111 9636 19257
33825 6111 9636 19479
33825 6111 9636 19766
33825 6111 9652 19000
33825 6111 9652 19401
33825 6111 9654 18997
33825 6111 9816 18715
33825 6111 9816 19308
33825 6111 9850 18886
33825 6111 9850 19257
33825 6111 9850 19766
33825 6111 9850 20425
33825 6111 9879 18715
33825 6111 9879 18802
33825 6111 9911 18850
33825 6111 10519 16747
33825 6111 10519 19308
33825 6111 10595 19288
33825 6111 10618 17977
33825 6111 10618 19401
33825 6111 10663 19356
33825 6111 10669 19638
33825 6111 10698 19638
33825 6111 10772 20328
33825 6111 10835 17846
33825 6111 10835 20248
33825 6111 10867 20328
33825 6111 10873 19356
33825 6111 10909 16839
33825 6111 10909 20345
33825 6111 10941 19288
33825 6111 11063 18850
33825 6111 11063 19068
33825 6111 11098 17863
33825 6111 11098 17945
33825 6111 11286 16786
33825 6111 11286 17771
33825 6111 11286 18850
33825 6111 11286 19803
33825 6111 11384 16699
33825 6111 11414 16802
33825 6111 11414 18802
33825 6111 11421 16807
33825 6111 11572 19638
33825 6111 11572 20328
33825 6111 11603 19638
33825 6111 11603 20328
33825 6111 11619 17977
33825 6111 11619 20248
33825 6111 11626 17976
33825 6111 11671 19570
33825 6111 11671 20396
33825 6111 11721 17842
33825 6111 11722 17846
33825 6111 11722 20345
33825 6111 12054 16747
33825 6111 12054 16802
33825 6111 12147 16839
33825 6111 12147 19000
33825 6111 12198 16699
33825 6111 12232 16786
33825 6111 12232 18101
33825 6111 12232 19068
33825 6111 12232 19803
33825 6115 8556 19061
33825 6115 8556 19611
33825 6115 9550 19193
33825 6115 9550 19611
33825 6115 9661 19815
33825 6115 9823 19368
33825 6115 10519 19308
33825 6115 10519 19611
33825 6115 10775 16795
33825 6115 10775 19292
33825 6115 10932 19308
33825 6115 10932 20396
33825 6115 10996 19292
33825 6115 10996 19368
33825 6115 11063 17806
33825 6115 11063 19068
33825 6115 11173 19068
33825 6115 11173 19193
33825 6115 11181 18136
33825 6115 11181 19061
33825 6115 11285 19806
33825 6115 11285 19883
33825 6115 11455 17770
33825 6115 11455 19815
33825 6115 11511 18811
33825 6115 11511 19883
33825 6115 11573 19582
33825 6115 11573 19611
33825 6115 11604 17806
33825 6115 11604 18136
33825 6115 11604 19706
33825 6115 11604 20396
33825 6115 11630 19671
33825 6115 11686 19582
33825 6115 11686 19706
33825 6115 12198 19806
33825 6117 8553 19578
33825 6117 8698 18854
33825 6117 9544 19099
33825 6117 9544 19190
33825 6117 9544 19615
33825 6117 9544 19698
33825 6117 9757 20391
33825 6117 9758 19303
33825 6117 9788 18818
33825 6117 9918 19878
33825 6117 10663 18043
33825 6117 10663 19679
33825 6117 10669 18046
33825 6117 10669 19283
33825 6117 10782 19283
33825 6117 10935 17771
33825 6117 11096 18854
33825 6117 11096 19190
33825 6117 11112 18043
33825 6117 11112 18806
33825 6117 11514 18806
33825 6117 11514 18818
33825 6117 11514 19794
33825 6117 11514 19878
33825 6117 11575 17771
33825 6117 11575 17806
33825 6117 11575 19578
33825 6117 11575 19615
33825 6117 11609 17806
33825 6117 11609 20391
33825 6117 11619 17882
33825 6117 11619 18043
33825 6117 11694 19698
33825 6117 12055 19099
33825 6117 12204 18043
33825 6117 12204 19794
33825 6122 8557 19061
33825 6122 8557 19582
33825 6122 8613 18802
33825 6122 8613 20345
33825 6122 8615 19157
33825 6122 8615 20341
33825 6122 8693 18850
33825 6122 8693 19068
33825 6122 8695 19061
33825 6122 8695 19582
33825 6122 9551 19100
33825 6122 9551 19607
33825 6122 9652 19304
33825 6122 9652 19811
33825 6122 9756 18850
33825 6122 9756 19822
33825 6122 9759 20392
33825 6122 9788 18802
33825 6122 9788 20345
33825 6122 9789 18819
33825 6122 9789 20341
33825 6122 9821 18830
33825 6122 9821 20357
33825 6122 9823 18819
33825 6122 9823 19372
33825 6122 10526 16807
33825 6122 10565 16786
33825 6122 10661 16882
33825 6122 10661 18041
33825 6122 10671 16883
33825 6122 10671 18044
33825 6122 10671 19292
33825 6122 10671 19667
33825 6122 10782 16791
33825 6122 10782 19372
33825 6122 10902 19253
33825 6122 10941 17774
33825 6122 11006 20345
33825 6122 11069 19061
33825 6122 11103 17795
33825 6122 11111 18041
33825 6122 11111 19157
33825 6122 11116 18802
33825 6122 11175 18009
33825 6122 11175 18133
33825 6122 11175 19061
33825 6122 11175 19193
33825 6122 11183 18012
33825 6122 11183 19068
33825 6122 11287 19874
33825 6122 11446 17774
33825 6122 11453 16803
33825 6122 11453 19822
33825 6122 11509 18802
33825 6122 11574 19582
33825 6122 11604 17795
33825 6122 11623 20345
33825 6122 11692 18009
33825 6122 11692 18133
33825 6122 11692 19582
33825 6122 11692 19698
33825 6122 12052 16803
33825 6122 12052 18012
33825 6122 12101 16791
33825 6122 12101 16882
33825 6122 12110 16786
33825 6122 12196 16883
33825 6122 12196 18044
33825 6122 12196 19160
33825 6122 12196 19799
33825 6124 8613 18815
33825 6124 8613 19158
33825 6124 8613 19675
33825 6124 8613 20338
33825 6124 8615 20350
33825 6124 9545 19603
33825 6124 9545 19706
33825 6124 9576 19675
33825 6124 9652 19299
33825 6124 9652 19706
33825 6124 10516 16803
33825 6124 10516 19603
33825 6124 10942 16807
33825 6124 11001 19367
33825 6124 11001 20350
33825 6124 11063 17795
33825 6124 11063 19090
33825 6124 11098 17795
33825 6124 11098 18863
33825 6124 11285 16747
33825 6124 11285 19803
33825 6124 11512 18815
33825 6124 11512 19803
33825 6124 11572 17795
33825 6124 11572 19578
33825 6124 11609 17795
33825 6124 11609 19706
33825 6124 11626 20338
33825 6124 11684 18135
33825 6124 11684 19706
33825 6124 12053 18011
33825 6124 12053 19090
33825 6124 12099 16887
33825 6124 12099 19803
33825 6124 12206 19158
33825 6124 12206 19803
33825 6131 8541 18791
33825 6131 8541 19642
33825 6131 8636 19547
33825 6131 8636 20357
33825 6131 9550 18969
33825 6131 9550 19321
33825 6131 9644 18969
33825 6131 9644 19607
33825 6131 9855 18890
33825 6131 9855 19352
33825 6131 9886 19321
33825 6131 9886 20277
33825 6131 9918 19911
33825 6131 9918 20357
33825 6131 10548 18076
33825 6131 10663 19646
33825 6131 10806 17822
33825 6131 10806 19352
33825 6131 10908 17867
33825 6131 10908 20357
33825 6131 11077 18782
33825 6131 11077 18969
33825 6131 11175 17822
33825 6131 11175 18969
33825 6131 11317 17822
33825 6131 11317 19822
33825 6131 11359 18887
33825 6131 11678 18041
33825 6131 11678 20357
33825 6131 11684 17822
33825 6131 11684 17976
33825 6131 11749 18041
33825 6131 11749 18076
33825 6131 11749 19547
33825 6131 11749 19646
33825 6131 11750 19642
33825 6132 8538 19638
33825 6132 8639 19539
33825 6132 8681 19582
33825 6132 8681 19611
33825 6132 8682 18771
33825 6132 8682 19574
33825 6132 9500 19026
33825 6132 9500 19634
33825 6132 9501 19539
33825 6132 9501 19638
33825 6132 9545 19582
33825 6132 9644 19611
33825 6132 9757 18771
33825 6132 9757 19850
33825 6132 9759 18871
33825 6132 9818 18791
33825 6132 9818 19398
33825 6132 9848 18886
33825 6132 9884 18891
33825 6132 9884 20274
33825 6132 9916 18830
33825 6132 10563 18046
33825 6132 10563 19518
33825 6132 10568 19539
33825 6132 10669 19638
33825 6132 10723 19582
33825 6132 10723 19611
33825 6132 10813 19318
33825 6132 10813 19347
33825 6132 10867 19402
33825 6132 10902 19402
33825 6132 10909 17866
33825 6132 10909 19398
33825 6132 11036 19031
33825 6132 11036 19122
33825 6132 11039 18791
33825 6132 11039 19026
33825 6132 11082 18966
33825 6132 11183 18966
33825 6132 11318 19818
33825 6132 11318 19855
33825 6132 11352 19731
33825 6132 11446 18891
33825 6132 11446 19850
33825 6132 11453 19731
33825 6132 11587 17786
33825 6132 11587 17978
33825 6132 11587 19582
33825 6132 11587 20286
33825 6132 11594 19574
33825 6132 11594 20274
33825 6132 11635 17866
33825 6132 11635 19518
33825 6132 11641 17867
33825 6132 11641 18078
33825 6132 11641 19506
33825 6132 11641 20327
33825 6132 11676 17867
33825 6132 11676 18043
33825 6132 11676 19506
33825 6132 11676 20354
33825 6132 11686 17823
33825 6132 11686 17978
33825 6132 11686 19611
33825 6132 11686 20286
33825 6132 11753 18046
33825 6132 11753 19634
33825 6132 11754 19539
33825 6132 11754 19638
33825 6132 12115 16751
33825 6138 8629 18818
33825 6138 8629 19036
33825 6138 8629 19543
33825 6138 8629 20361
33825 6138 8677 18770
33825 6138 9503 19036
33825 6138 9636 18968
33825 6138 9636 19352
33825 6138 9636 19603
33825 6138 9636 19731
33825 6138 9757 18867
33825 6138 9759 19815
33825 6138 9823 20328
33825 6138 9879 19317
33825 6138 10574 19506
33825 6138 10574 19543
33825 6138 10661 17945
33825 6138 10661 19506
33825 6138 10735 19603
33825 6138 10813 17790
33825 6138 10813 17811
33825 6138 10813 19317
33825 6138 10813 19352
33825 6138 11084 17790
33825 6138 11084 18770
33825 6138 11181 18867
33825 6138 11181 18968
33825 6138 11285 18818
33825 6138 11357 19731
33825 6138 11638 19518
33825 6138 11638 20328
33825 6138 11644 18069
33825 6138 11644 19506
33825 6138 11671 19506
33825 6138 11671 20361
33825 6138 11684 17811
33825 6141 8538 18798
33825 6141 8538 20323
33825 6141 8630 18818
33825 6141 8630 19551
33825 6141 9545 18967
33825 6141 9545 19570
33825 6141 9636 19347
33825 6141 9636 19615
33825 6141 9816 19398
33825 6141 9816 20323
33825 6141 9850 19347
33825 6141 9850 19811
33825 6141 9909 18818
33825 6141 9909 20366
33825 6141 10671 18071
33825 6141 10728 19347
33825 6141 10728 19578
33825 6141 10806 17790
33825 6141 10806 19347
33825 6141 11029 18798
33825 6141 11173 17810
33825 6141 11173 17979
33825 6141 11173 18878
33825 6141 11173 18967
33825 6141 11316 19846
33825 6141 11354 18878
33825 6141 11354 19811
33825 6141 11455 19738
33825 6141 11455 19846
33825 6141 11587 17979
33825 6141 11587 19578
33825 6141 11594 17790
33825 6141 11594 19570
33825 6141 11669 20366
33825 6141 11686 17810
33825 6141 11686 19615
33825 6198 8552 18165
33825 6198 8552 20444
33825 6198 8696 20357
33825 6198 9039 18165
33825 6198 9039 19093
33825 6198 9066 18078
33825 6198 9156 18046
33825 6198 9178 16984
33825 6198 9178 18046
33825 6198 9178 19033
33825 6198 9178 20095
33825 6198 9677 16984
33825 6198 9677 19321
33825 6198 9715 20095
33825 6198 9818 17406
33825 6198 9823 17323
33825 6198 9823 17394
33825 6198 9823 20357
33825 6198 9823 20444
33825 6198 10691 19321
33825 6198 10735 17077
33825 6198 10735 18267
33825 6198 10841 17394
33825 6198 10963 20350
33825 6198 10995 19368
33825 6198 11006 18267
33825 6198 11594 17337
33825 6198 11594 17406
33825 6198 11641 17323
33825 6198 11641 18165
33825 6198 11716 17337
33825 6198 11716 18078
33825 6198 11716 19033
33825 6198 11716 20350
33825 6198 12126 18165
33825 6198 12126 20188
33825 6199 8524 19129
33825 6199 8538 19160
33825 6199 8553 17333
33825 6199 8553 18170
33825 6199 8553 19100
33825 6199 8553 20435
33825 6199 8677 18046
33825 6199 8677 19129
33825 6199 9038 17075
33825 6199 9038 18170
33825 6199 9162 17023
33825 6199 9162 18046
33825 6199 9176 19036
33825 6199 9176 20092
33825 6199 9667 19321
33825 6199 9667 20127
33825 6199 9726 18309
33825 6199 9726 20092
33825 6199 9848 18309
33825 6199 9848 20435
33825 6199 10623 19363
33825 6199 10735 17075
33825 6199 10735 20092
33825 6199 10846 18426
33825 6199 10846 19363
33825 6199 10963 17320
33825 6199 11721 17333
33825 6199 11721 18069
33825 6199 12136 19100
33825 6199 12136 20117
33825 6199 12140 19160
33825 6199 12140 20127
33825 6199 12233 20092
33825 6199 12233 20117
33825 6199 12264 18069
33825 6199 12264 19036
33825 6206 8538 19158
33825 6206 8538 19192
33825 6206 8556 17337
33825 6206 8556 20440
33825 6206 8677 17337
33825 6206 8677 19127
33825 6206 8693 17320
33825 6206 8693 19031
33825 6206 9032 18170
33825 6206 9178 16985
33825 6206 9178 19031
33825 6206 9577 19347
33825 6206 9721 19338
33825 6206 9721 20085
33825 6206 9976 19338
33825 6206 9976 20341
33825 6206 10709 16985
33825 6206 10709 19337
33825 6206 10711 19338
33825 6206 10711 19372
33825 6206 10728 17082
33825 6206 10728 18268
33825 6206 10728 19347
33825 6206 10728 20085
33825 6206 10835 20392
33825 6206 10966 18268
33825 6206 10966 19338
33825 6206 11587 17337
33825 6206 11587 19158
33825 6206 11638 18170
33825 6206 11638 20387
33825 6206 11722 17337
33825 6206 11722 19031
33825 6206 12232 17082
33825 6206 12261 19031
33825 6206 12261 20153
33825 6207 8521 17397
33825 6207 8521 19132
33825 6207 8522 17401
33825 6207 8522 20439
33825 6207 8541 19193
33825 6207 8541 20391
33825 6207 8557 20439
33825 6207 8681 17333
33825 6207 8695 17323
33825 6207 8695 20357
33825 6207 9033 17084
33825 6207 9033 18165
33825 6207 9033 19100
33825 6207 9033 20181
33825 6207 9085 19191
33825 6207 9161 17020
33825 6207 9161 19132
33825 6207 9176 18044
33825 6207 9176 19026
33825 6207 9576 17084
33825 6207 9576 20114
33825 6207 9581 19351
33825 6207 9581 20120
33825 6207 9670 20114
33825 6207 9716 17017
33825 6207 9716 18313
33825 6207 9716 19334
33825 6207 9716 20086
33825 6207 9816 17397
33825 6207 9816 20354
33825 6207 9821 17401
33825 6207 9821 20439
33825 6207 9850 20439
33825 6207 9853 18310
33825 6207 9853 20391
33825 6207 9975 19333
33825 6207 9975 20354
33825 6207 9976 20338
33825 6207 10595 20216
33825 6207 10692 18358
33825 6207 10692 19352
33825 6207 10698 19318
33825 6207 10698 19351
33825 6207 10712 17020
33825 6207 10712 19333
33825 6207 10714 16984
33825 6207 10714 17017
33825 6207 10714 19334
33825 6207 10714 19367
33825 6207 10728 17084
33825 6207 10836 17401
33825 6207 10966 20338
33825 6207 10996 18310
33825 6207 10996 19318
33825 6207 11001 18267
33825 6207 11587 17401
33825 6207 11638 20396
33825 6207 11719 17333
33825 6207 12115 19191
33825 6207 12116 19193
33825 6207 12116 20182
33825 6207 12131 20120
33825 6207 12131 20182
33825 6207 12135 19100
33825 6207 12135 19163
33825 6207 12135 20114
33825 6207 12135 20181
33825 6207 12233 17084
33825 6207 12233 20114
33825 6207 12260 18071
33825 6211 8541 18135
33825 6211 8541 20391
33825 6211 8693 19068
33825 6211 9127 17150
33825 6211 9127 20057
33825 6211 9135 18135
33825 6211 9135 20056
33825 6211 9150 17977
33825 6211 9150 20057
33825 6211 9188 18014
33825 6211 9188 18076
33825 6211 9503 17045
33825 6211 9503 18378
33825 6211 9791 17285
33825 6211 9791 18378
33825 6211 9911 18267
33825 6211 10525 18378
33825 6211 10525 19367
33825 6211 10692 17048
33825 6211 10781 18426
33825 6211 10781 20391
33825 6211 10813 18328
33825 6211 10813 18378
33825 6211 11006 17285
33825 6211 11006 18267
33825 6211 11006 19367
33825 6211 11006 20345
33825 6211 11614 17289
33825 6211 11614 18135
33825 6211 11692 20345
33825 6211 12204 18135
33825 6211 12204 20057
33825 6211 12213 18014
33825 6211 12213 20057
33825 6211 12230 16952
33825 6211 12230 19068
33825 6214 8536 17282
33825 6214 8536 20396
33825 6214 8648 19090
33825 6214 9140 16952
33825 6214 9193 18011
33825 6214 9193 19090
33825 6214 9503 17141
33825 6214 9503 18373
33825 6214 9759 20396
33825 6214 9759 20421
33825 6214 9790 18373
33825 6214 9790 19356
33825 6214 9918 19292
33825 6214 9918 20421
33825 6214 9978 19288
33825 6214 9978 20350
33825 6214 10669 19288
33825 6214 10671 17141
33825 6214 10671 18267
33825 6214 10671 19292
33825 6214 10671 20210
33825 6214 10698 19257
33825 6214 10723 18335
33825 6214 10723 19257
33825 6214 10782 19356
33825 6214 10782 20396
33825 6214 10813 17294
33825 6214 10813 18335
33825 6214 11001 17282
33825 6214 11001 18267
33825 6214 11609 18133
33825 6214 11609 20396
33825 6214 11684 19193
33825 6214 11684 20350
33825 6214 12206 18133
33825 6214 12206 20210
33825 6218 8543 20396
33825 6218 8604 17282
33825 6218 8613 19026
33825 6218 8613 19191
33825 6218 8613 20338
33825 6218 8613 20439
33825 6218 8623 19031
33825 6218 8623 20444
33825 6218 8693 19031
33825 6218 8693 19058
33825 6218 8695 18009
33825 6218 8695 19026
33825 6218 9125 19058
33825 6218 9125 20050
33825 6218 9133 17139
33825 6218 9133 18133
33825 6218 9133 19061
33825 6218 9133 20051
33825 6218 9143 19026
33825 6218 9189 18009
33825 6218 9189 19026
33825 6218 9501 17054
33825 6218 9670 19253
33825 6218 9677 17043
33825 6218 9677 20021
33825 6218 9711 18268
33825 6218 9758 18332
33825 6218 9758 20425
33825 6218 9788 18377
33825 6218 9821 18344
33825 6218 9821 19363
33825 6218 9823 19368
33825 6218 9823 20444
33825 6218 9918 18268
33825 6218 9918 19287
33825 6218 9973 19287
33825 6218 10516 17043
33825 6218 10516 19368
33825 6218 10669 19283
33825 6218 10669 20211
33825 6218 10671 18268
33825 6218 10671 19287
33825 6218 10701 19253
33825 6218 10724 19287
33825 6218 10735 18332
33825 6218 10735 19283
33825 6218 10772 19352
33825 6218 10807 18377
33825 6218 11006 18268
33825 6218 11574 17349
33825 6218 11574 20430
33825 6218 11575 18069
33825 6218 11575 20425
33825 6218 11604 20396
33825 6218 11694 17372
33825 6218 11694 18009
33825 6218 11694 19191
33825 6218 11694 20338
33825 6218 12053 19100
33825 6218 12054 18069
33825 6218 12054 20211
33825 6218 12198 18046
33825 6218 12198 18133
33825 6218 12198 20051
33825 6218 12198 20216
33825 6218 12215 20021
33825 6218 12215 20050
33825 6218 12220 18009
33825 6218 12231 16953
33825 6218 12231 20018
33825 6223 8538 17289
33825 6223 8538 18135
33825 6223 8538 19193
33825 6223 8538 20391
33825 6223 8615 19026
33825 6223 8615 20341
33825 6223 8621 19031
33825 6223 8621 19193
33825 6223 9149 19031
33825 6223 9192 18012
33825 6223 9192 18069
33825 6223 9192 19026
33825 6223 9192 19099
33825 6223 9652 16953
33825 6223 9672 19253
33825 6223 9672 20018
33825 6223 9757 20391
33825 6223 9789 17289
33825 6223 9789 18374
33825 6223 9789 19352
33825 6223 9789 20439
33825 6223 9818 20439
33825 6223 9976 17285
33825 6223 9976 20341
33825 6223 10516 18374
33825 6223 10691 16953
33825 6223 10691 19352
33825 6223 11001 18268
33825 6223 11001 20341
33825 6223 11574 18069
33825 6223 11686 18012
33825 6223 11686 20341
33825 6223 12052 17144
33825 6223 12055 19099
33825 6223 12196 18135
33825 6223 12233 20018
33825 6226 8524 18165
33825 6226 8524 19163
33825 6226 8527 17397
33825 6226 8604 19158
33825 6226 8678 20252
33825 6226 9038 18170
33825 6226 9038 19193
33825 6226 9108 17116
33825 6226 9119 17979
33825 6226 9119 20181
33825 6226 9135 17947
33825 6226 9135 17976
33825 6226 9135 20117
33825 6226 9135 20150
33825 6226 9149 19993
33825 6226 9150 17946
33825 6226 9150 18165
33825 6226 9501 19402
33825 6226 9636 16922
33825 6226 9636 16959
33825 6226 9636 18335
33825 6226 9636 18362
33825 6226 9638 16927
33825 6226 9638 18332
33825 6226 9686 18284
33825 6226 9716 16927
33825 6226 9716 17082
33825 6226 9726 16922
33825 6226 9726 19993
33825 6226 9790 20361
33825 6226 9877 17368
33825 6226 9975 20252
33825 6226 10558 18313
33825 6226 10558 20181
33825 6226 10559 18310
33825 6226 10559 19333
33825 6226 10663 16959
33825 6226 10663 18362
33825 6226 10663 19356
33825 6226 10663 19993
33825 6226 10709 18284
33825 6226 10813 20361
33825 6226 10903 18313
33825 6226 10903 20444
33825 6226 10935 17183
33825 6226 10935 20252
33825 6226 10966 17256
33825 6226 10966 18332
33825 6226 10972 17259
33825 6226 10972 20328
33825 6226 10996 17183
33825 6226 11596 17397
33825 6226 11669 17256
33825 6226 11669 19163
33825 6226 11686 17183
33825 6226 11686 20252
33825 6226 11692 17179
33825 6226 11692 17979
33825 6226 11749 17183
33825 6226 11750 17179
33825 6226 11750 20444
33825 6226 12196 17082
33825 6226 12196 17946
33825 6226 12204 17077
33825 6226 12204 17947
33825 6226 12204 19003
33825 6226 12204 20117
33825 6226 12222 16922
33825 6226 12260 16922
33825 6226 12260 19993
33825 6231 8521 17397
33825 6231 8521 18170
33825 6231 8629 19193
33825 6231 9032 18170
33825 6231 9109 19000
33825 6231 9118 17107
33825 6231 9125 20127
33825 6231 9644 16927
33825 6231 9644 16953
33825 6231 9646 16922
33825 6231 9646 18357
33825 6231 9683 16953
33825 6231 9683 18287
33825 6231 9683 19401
33825 6231 9683 20127
33825 6231 9976 18357
33825 6231 9976 20252
33825 6231 10559 20181
33825 6231 10671 18357
33825 6231 10671 19996
33825 6231 10812 17368
33825 6231 10812 18335
33825 6231 10812 19401
33825 6231 10812 20366
33825 6231 10908 18287
33825 6231 10963 18335
33825 6231 11001 18357
33825 6231 11001 19397
33825 6231 11594 17368
33825 6231 11594 19193
33825 6231 11669 20366
33825 6231 12220 16927
33825 6231 12265 16922
33825 6231 12265 17107
33825 6231 12265 19996
33825 6231 12265 20181
33825 6235 8598 19157
33825 6235 8598 20354
33825 6235 9039 17084
33825 6235 9039 19192
33825 6235 9133 17945
33825 6235 9133 20127
33825 6235 9140 17945
33825 6235 9140 19990
33825 6235 9692 18287
33825 6235 9692 20127
33825 6235 9716 17084
33825 6235 9788 20354
33825 6235 9788 20440
33825 6235 9884 18287
33825 6235 9884 20274
33825 6235 9975 17263
33825 6235 9975 18361
33825 6235 9975 19397
33825 6235 9975 20243
33825 6235 10669 18361
33825 6235 10711 19401
33825 6235 10711 20127
33825 6235 10806 19397
33825 6235 10806 20354
33825 6235 10942 20243
33825 6235 11589 19160
33825 6235 11676 17263
33825 6235 11676 20354
33825 6235 12198 17944
33825 6235 12198 20127
33825 6235 12206 17945
33825 6235 12206 18998
33825 6235 12215 17945
33825 6235 12215 20217
33825 6235 12261 19990
33825 6235 12261 20188
33825 6238 8598 18997
33825 6238 8598 20357
33825 6238 9127 17978
33825 6238 9127 20117
33825 6238 9545 17114
33825 6238 9689 18284
33825 6238 9689 19402
33825 6238 9788 19398
33825 6238 9788 20439
33825 6238 9879 17372
33825 6238 9879 18284
33825 6238 9976 19402
33825 6238 9976 20243
33825 6238 10661 16953
33825 6238 10661 18358
33825 6238 10712 18284
33825 6238 10712 20117
33825 6238 10807 17372
33825 6238 10807 20357
33825 6238 10902 18284
33825 6238 10902 18309
33825 6238 10935 17180
33825 6238 10935 18309
33825 6238 10995 17176
33825 6238 10995 18358
33825 6238 11587 17401
33825 6238 11686 17180
33825 6238 11686 17978
33825 6238 11686 18997
33825 6238 11686 20243
33825 6238 11692 17176
33825 6238 11754 17401
33825 6238 11754 20439
33825 6238 12213 19192
33825 6238 12264 17114
33825 6238 12264 19987
33825 6242 8623 18043
33825 6242 8623 19158
33825 6242 8678 17176
33825 6242 9085 17109
33825 6242 9085 18170
33825 6242 9085 19158
33825 6242 9085 20217
33825 6242 9119 17944
33825 6242 9119 18043
33825 6242 9135 18011
33825 6242 9135 20182
33825 6242 9502 20217
33825 6242 9677 16921
33825 6242 9677 18358
33825 6242 9758 18358
33825 6242 9758 20425
33825 6242 9879 18351
33825 6242 9879 20425
33825 6242 9941 17320
33825 6242 9941 19372
33825 6242 10711 19372
33825 6242 10735 18358
33825 6242 10735 20182
33825 6242 10812 18358
33825 6242 10812 20440
33825 6242 10813 18361
33825 6242 10813 20425
33825 6242 10932 17183
33825 6242 10932 20425
33825 6242 10966 18268
33825 6242 10966 18351
33825 6242 11676 17349
33825 6242 11676 18043
33825 6242 12196 18170
33825 6242 12204 17109
33825 6242 12204 18043
33825 6243 8621 18167
33825 6243 8621 19157
33825 6243 8629 17358
33825 6243 8629 17947
33825 6243 8629 19036
33825 6243 8629 20361
33825 6243 8636 17945
33825 6243 8636 20357
33825 6243 8678 18108
33825 6243 9087 17114
33825 6243 9087 20216
33825 6243 9109 17945
33825 6243 9109 19996
33825 6243 9118 19993
33825 6243 9125 17150
33825 6243 9125 20188
33825 6243 9156 17144
33825 6243 9156 18012
33825 6243 9159 17150
33825 6243 9503 17082
33825 6243 9503 18314
33825 6243 9636 17150
33825 6243 9636 20188
33825 6243 9638 17144
33825 6243 9638 19322
33825 6243 9670 17150
33825 6243 9700 17082
33825 6243 9700 19996
33825 6243 9711 17077
33825 6243 9759 17397
33825 6243 9759 18362
33825 6243 9759 19338
33825 6243 9759 20421
33825 6243 9788 17323
33825 6243 9879 17179
33825 6243 9879 18347
33825 6243 9943 17323
33825 6243 9943 20361
33825 6243 10559 19367
33825 6243 10701 17077
33825 6243 10724 20188
33825 6243 10735 18357
33825 6243 10735 19322
33825 6243 10781 18314
33825 6243 10781 20357
33825 6243 10782 20361
33825 6243 10812 18347
33825 6243 10812 18357
33825 6243 10813 18344
33825 6243 10813 18362
33825 6243 10813 20421
33825 6243 10813 20439
33825 6243 10935 17180
33825 6243 10972 18267
33825 6243 10972 19321
33825 6243 11644 17323
33825 6243 11644 20361
33825 6243 11671 17323
33825 6243 11671 17358
33825 6243 11671 17947
33825 6243 11671 18046
33825 6243 11684 17406
33825 6243 11684 18012
33825 6243 11694 19067
33825 6243 11716 18108
33825 6243 11719 17179
33825 6243 11719 17406
33825 6243 12198 16984
33825 6243 12220 19993
33825 6243 12261 20188
33825 6250 8615 19026
33825 6250 8615 19157
33825 6250 8629 19026
33825 6250 8629 20354
33825 6250 8636 17346
33825 6250 8636 20366
33825 6250 8677 19058
33825 6250 8677 20439
33825 6250 9085 17107
33825 6250 9085 19157
33825 6250 9127 19058
33825 6250 9127 20181
33825 6250 9503 17084
33825 6250 9503 20216
33825 6250 9670 18264
33825 6250 9756 17397
33825 6250 9756 20425
33825 6250 9855 20439
33825 6250 9886 20425
33825 6250 9941 17324
33825 6250 9941 18313
33825 6250 9941 19367
33825 6250 9941 20354
33825 6250 10548 17107
33825 6250 10548 19367
33825 6250 10775 17346
33825 6250 10775 18313
33825 6250 11638 19157
33825 6250 11638 20366
33825 6250 11678 17324
33825 6250 11678 18041
33825 6250 11719 17397
33825 6250 11719 18101
33825 6250 12196 20216
33825 6250 12204 18041
33825 6250 12204 19157
33825 6251 8613 18044
33825 6251 8613 18168
33825 6251 8613 19026
33825 6251 8613 19158
33825 6251 8677 18108
33825 6251 9087 17116
33825 6251 9087 18168
33825 6251 9133 17139
33825 6251 9133 18009
33825 6251 9133 19061
33825 6251 9133 20191
33825 6251 9156 18009
33825 6251 9156 18108
33825 6251 9644 17141
33825 6251 9644 18271
33825 6251 9644 19317
33825 6251 9644 20191
33825 6251 9646 17139
33825 6251 9677 17141
33825 6251 9700 17116
33825 6251 9700 19987
33825 6251 9757 20421
33825 6251 9943 17327
33825 6251 9943 18313
33825 6251 10549 17116
33825 6251 10549 19398
33825 6251 10941 18271
33825 6251 10941 20421
33825 6251 10966 19317
33825 6251 11638 17327
33825 6251 11669 18044
33825 6251 11686 20440
33825 6251 11692 19061
33825 6251 12198 19026
33825 6251 12206 17116
33825 6251 12206 19158
33825 6310 8552 17371
33825 6310 8696 17346
33825 6310 8696 18101
33825 6310 9033 19058
33825 6310 9188 16927
33825 6310 9188 18041
33825 6310 9581 18328
33825 6310 9581 19321
33825 6310 9683 16952
33825 6310 9683 17054
33825 6310 9700 17023
33825 6310 9700 19321
33825 6310 9716 16927
33825 6310 9716 19304
33825 6310 9823 17346
33825 6310 9823 20252
33825 6310 9946 18280
33825 6310 10563 16927
33825 6310 10563 19321
33825 6310 10623 18283
33825 6310 10623 20018
33825 6310 10698 17054
33825 6310 10698 19321
33825 6310 11001 17346
33825 6310 11001 18357
33825 6310 11604 17353
33825 6310 11604 18969
33825 6310 11614 17260
33825 6310 11614 17346
33825 6310 11753 17371
33825 6310 11753 18101
33825 6310 11753 19058
33825 6310 11753 20252
33825 6310 12115 16927
33825 6310 12115 18969
33825 6310 12233 20018
33825 6311 8527 18138
33825 6311 8553 18138
33825 6311 8553 19068
33825 6311 8556 17375
33825 6311 8556 18136
33825 6311 8693 17358
33825 6311 8693 18110
33825 6311 8693 19129
33825 6311 8693 20425
33825 6311 9032 18138
33825 6311 9032 19068
33825 6311 9066 18078
33825 6311 9066 18136
33825 6311 9070 17043
33825 6311 9070 17116
33825 6311 9070 18069
33825 6311 9070 18138
33825 6311 9173 16953
33825 6311 9173 18078
33825 6311 9178 16959
33825 6311 9189 20191
33825 6311 9580 18335
33825 6311 9667 18335
33825 6311 9667 19257
33825 6311 9672 17020
33825 6311 9672 19253
33825 6311 9692 16953
33825 6311 9692 18287
33825 6311 9704 19317
33825 6311 9726 18373
33825 6311 9726 19299
33825 6311 9823 18362
33825 6311 9941 19257
33825 6311 9973 17342
33825 6311 9973 20430
33825 6311 9976 20243
33825 6311 10574 19317
33825 6311 10623 18284
33825 6311 10698 19257
33825 6311 10867 18335
33825 6311 10876 18287
33825 6311 10876 20430
33825 6311 10969 18378
33825 6311 10969 19253
33825 6311 10972 18335
33825 6311 10972 19257
33825 6311 11001 18362
33825 6311 11006 17349
33825 6311 11006 18378
33825 6311 11587 17342
33825 6311 11587 17375
33825 6311 11589 17368
33825 6311 11589 20350
33825 6311 11603 17263
33825 6311 11603 17358
33825 6311 11603 18968
33825 6311 11603 19129
33825 6311 11609 17349
33825 6311 11609 19132
33825 6311 11626 17976
33825 6311 11753 19068
33825 6311 12104 17020
33825 6311 12104 19132
33825 6311 12121 16922
33825 6311 12121 20156
33825 6311 12156 16959
33825 6311 12232 17116
33825 6311 12232 18069
33825 6311 12232 19068
33825 6311 12232 20021
33825 6318 8524 17337
33825 6318 8524 18968
33825 6318 8698 18103
33825 6318 9175 18076
33825 6318 9175 20021
33825 6318 9577 18332
33825 6318 9577 20021
33825 6318 9721 18373
33825 6318 9818 18358
33825 6318 9944 19258
33825 6318 9975 20243
33825 6318 9978 17256
33825 6318 10565 16921
33825 6318 10565 18358
33825 6318 10565 19321
33825 6318 10565 20182
33825 6318 10616 19299
33825 6318 10616 20021
33825 6318 10691 19254
33825 6318 10691 19321
33825 6318 10963 19254
33825 6318 10966 18332
33825 6318 10966 18373
33825 6318 10966 19258
33825 6318 10966 19299
33825 6318 11594 17337
33825 6318 11750 19061
33825 6318 11750 20243
33825 6318 12101 20150
33825 6318 12115 16921
33825 6318 12115 18103
33825 6318 12115 18968
33825 6318 12115 20150
33825 6318 12131 20182
33825 6318 12230 17109
33825 6318 12230 20021
33825 6319 8522 17337
33825 6319 8522 18135
33825 6319 8695 18108
33825 6319 8695 20421
33825 6319 9032 18108
33825 6319 9032 18133
33825 6319 9065 17116
33825 6319 9065 18133
33825 6319 9069 17048
33825 6319 9069 18135
33825 6319 9193 16924
33825 6319 9193 20181
33825 6319 9576 17116
33825 6319 9576 18331
33825 6319 9576 19317
33825 6319 9576 20018
33825 6319 9677 17017
33825 6319 9683 17048
33825 6319 9700 17017
33825 6319 9700 20150
33825 6319 9818 19304
33825 6319 9943 17259
33825 6319 9943 20274
33825 6319 10568 19317
33825 6319 10568 20181
33825 6319 10873 18331
33825 6319 10873 20421
33825 6319 11638 17259
33825 6319 11750 18108
33825 6319 11750 19067
33825 6319 12099 19127
33825 6319 12099 20150
33825 6319 12121 16924
33825 6319 12121 18108
33825 6319 12231 19067
33825 6319 12231 20018
33825 6338 8524 18966
33825 6338 8598 20332
33825 6338 8604 17944
33825 6338 8623 17397
33825 6338 9069 18966
33825 6338 9069 20057
33825 6338 9118 18133
33825 6338 9638 17023
33825 6338 9638 19292
33825 6338 9918 17397
33825 6338 9918 18422
33825 6338 9918 19338
33825 6338 9918 20361
33825 6338 9941 19292
33825 6338 9941 20392
33825 6338 9943 20361
33825 6338 9943 20396
33825 6338 10516 19338
33825 6338 10574 19317
33825 6338 10599 18426
33825 6338 10599 19292
33825 6338 10671 17141
33825 6338 10671 18422
33825 6338 10671 19317
33825 6338 10671 20086
33825 6338 10772 17263
33825 6338 10772 19292
33825 6338 10908 17323
33825 6338 11574 17263
33825 6338 11574 17323
33825 6338 11574 20332
33825 6338 11574 20392
33825 6338 11638 20396
33825 6338 12156 17141
33825 6338 12206 18133
33825 6338 12206 20086
33825 6343 8521 18138
33825 6343 8521 20243
33825 6343 8613 17406
33825 6343 8613 19193
33825 6343 8636 17263
33825 6343 8636 19193
33825 6343 9150 17139
33825 6343 9150 18165
33825 6343 9576 17084
33825 6343 9576 17139
33825 6343 9646 17018
33825 6343 9646 18421
33825 6343 9646 19283
33825 6343 9646 20188
33825 6343 9683 16985
33825 6343 9683 19337
33825 6343 9886 20243
33825 6343 9909 17406
33825 6343 9909 19337
33825 6343 10559 17018
33825 6343 10671 17139
33825 6343 10671 18421
33825 6343 10782 19283
33825 6343 10867 17406
33825 6343 10867 18425
33825 6343 11573 17263
33825 6343 11573 17320
33825 6343 11619 17406
33825 6343 11619 19192
33825 6343 11626 17944
33825 6343 11626 19193
33825 6343 11635 17294
33825 6343 11635 19193
33825 6343 12153 17139
33825 6343 12153 20188
33825 6343 12204 18168
33825 6347 8623 17394
33825 6347 8623 19158
33825 6347 9149 17139
33825 6347 9149 17945
33825 6347 9581 17077
33825 6347 9581 18421
33825 6347 9636 17020
33825 6347 9636 18425
33825 6347 9692 19333
33825 6347 9692 20095
33825 6347 9791 20328
33825 6347 9911 18425
33825 6347 9911 19333
33825 6347 10525 19299
33825 6347 10525 19333
33825 6347 10558 19299
33825 6347 10558 20147
33825 6347 10606 19283
33825 6347 10606 20150
33825 6347 10663 17139
33825 6347 10663 20095
33825 6347 10781 19283
33825 6347 10781 20357
33825 6347 10870 17394
33825 6347 10870 19333
33825 6347 11573 17260
33825 6347 11573 20328
33825 6347 11644 18136
33825 6347 12055 17077
33825 6347 12055 20057
33825 6347 12101 20150
33825 6347 12110 17020
33825 6347 12110 17945
33825 6347 12110 19158
33825 6347 12110 20147
33825 6347 12196 20057
33825 6350 8522 18135
33825 6350 8522 18968
33825 6350 8598 17324
33825 6350 8598 19157
33825 6350 8604 20328
33825 6350 8613 17368
33825 6350 8613 17401
33825 6350 8613 19158
33825 6350 8613 19191
33825 6350 8629 18967
33825 6350 8629 19190
33825 6350 8630 17260
33825 6350 9065 20051
33825 6350 9066 18167
33825 6350 9066 18967
33825 6350 9143 18170
33825 6350 9178 17017
33825 6350 9576 17141
33825 6350 9644 17017
33825 6350 9689 20092
33825 6350 9850 18422
33825 6350 9879 17260
33825 6350 9879 20387
33825 6350 9884 20248
33825 6350 9884 20391
33825 6350 9916 19334
33825 6350 9944 19292
33825 6350 9944 19322
33825 6350 9944 20357
33825 6350 9944 20387
33825 6350 9946 19321
33825 6350 9946 20391
33825 6350 10519 17077
33825 6350 10519 19308
33825 6350 10549 17017
33825 6350 10549 20150
33825 6350 10563 19321
33825 6350 10563 20182
33825 6350 10568 16922
33825 6350 10568 20181
33825 6350 10595 20150
33825 6350 10663 17141
33825 6350 10775 17260
33825 6350 10775 18357
33825 6350 10775 19292
33825 6350 10775 20357
33825 6350 10867 19334
33825 6350 10902 18348
33825 6350 10902 19299
33825 6350 10903 17324
33825 6350 10903 19308
33825 6350 11574 17260
33825 6350 11574 20387
33825 6350 11619 19190
33825 6350 11619 20248
33825 6350 11626 17401
33825 6350 11626 17945
33825 6350 11626 19191
33825 6350 11626 20247
33825 6350 11641 20387
33825 6350 12053 20150
33825 6350 12054 17077
33825 6350 12054 20147
33825 6350 12099 17017
33825 6350 12099 20150
33825 6350 12104 19157
33825 6350 12104 20147
33825 6350 12147 18167
33825 6350 12147 20182
33825 6350 12198 20051
33825 6355 8541 17349
33825 6355 8541 18103
33825 6355 8556 19061
33825 6355 8556 20277
33825 6355 8613 19132
33825 6355 8613 20281
33825 6355 9118 17945
33825 6355 9118 19061
33825 6355 9125 17945
33825 6355 9156 18046
33825 6355 9159 17054
33825 6355 9159 18043
33825 6355 9159 19132
33825 6355 9159 20057
33825 6355 9638 17054
33825 6355 9638 19258
33825 6355 9855 17349
33825 6355 9855 19258
33825 6355 9884 17179
33825 6355 9884 18373
33825 6355 10548 18344
33825 6355 10548 19372
33825 6355 10621 20120
33825 6355 10806 18344
33825 6355 10942 17349
33825 6355 10942 20281
33825 6355 11575 17323
33825 6355 11575 18043
33825 6355 11623 17179
33825 6355 11623 18046
33825 6355 11676 17323
33825 6355 11676 17349
33825 6355 11694 18103
33825 6355 11694 19003
33825 6355 12220 19003
33825 6355 12220 20057
33825 6358 8536 18108
33825 6358 8553 18997
33825 6358 8621 19129
33825 6358 9082 18078
33825 6358 9082 20031
33825 6358 9108 18046
33825 6358 9119 18043
33825 6358 9119 19061
33825 6358 9135 17947
33825 6358 9161 17045
33825 6358 9161 18043
33825 6358 9162 18046
33825 6358 9162 19129
33825 6358 9501 18344
33825 6358 9503 17045
33825 6358 9503 19308
33825 6358 9636 16959
33825 6358 9636 17054
33825 6358 9636 19257
33825 6358 9636 19352
33825 6358 9652 16958
33825 6358 9652 16991
33825 6358 9663 19372
33825 6358 9667 16984
33825 6358 9667 20127
33825 6358 9758 17324
33825 6358 9758 19308
33825 6358 9759 17323
33825 6358 9759 20332
33825 6358 9850 17358
33825 6358 9886 17180
33825 6358 9886 18373
33825 6358 9886 19372
33825 6358 9886 20341
33825 6358 10559 18283
33825 6358 10559 19372
33825 6358 10595 16959
33825 6358 10595 18271
33825 6358 10595 19257
33825 6358 10595 20057
33825 6358 10602 16958
33825 6358 10602 18264
33825 6358 10616 18283
33825 6358 10781 18264
33825 6358 10781 18287
33825 6358 10782 18283
33825 6358 10782 19372
33825 6358 10835 17337
33825 6358 10835 18287
33825 6358 10841 17180
33825 6358 10841 17330
33825 6358 10841 18283
33825 6358 10841 18373
33825 6358 10867 20286
33825 6358 10941 17358
33825 6358 11572 18046
33825 6358 11572 19129
33825 6358 11626 18046
33825 6358 11678 17324
33825 6358 11678 19061
33825 6358 11694 18997
33825 6358 11721 18069
33825 6358 11721 19026
33825 6358 11722 17337
33825 6358 11722 18078
33825 6358 12115 19129
33825 6358 12131 16991
33825 6358 12131 20031
33825 6358 12136 17947
33825 6358 12222 20018
33825 6362 8623 17180
33825 6362 8623 19127
33825 6362 9085 18997
33825 6362 9127 18110
33825 6362 9127 20117
33825 6362 9501 20056
33825 6362 9503 18348
33825 6362 9638 19253
33825 6362 9677 16990
33825 6362 9757 19299
33825 6362 9877 17180
33825 6362 9877 19367
33825 6362 10559 18280
33825 6362 10559 18348
33825 6362 10559 19299
33825 6362 10559 19367
33825 6362 10623 18284
33825 6362 10836 17180
33825 6362 10836 18280
33825 6362 10846 18284
33825 6362 10846 18377
33825 6362 10935 17346
33825 6362 10935 18377
33825 6362 10935 19253
33825 6362 10935 20286
33825 6362 11630 17180
33825 6362 11630 20274
33825 6362 11669 17346
33825 6362 11686 17333
33825 6362 11686 18110
33825 6362 11686 18997
33825 6362 11686 20286
33825 6362 11719 17333
33825 6362 12055 20117
33825 6362 12140 16990
33825 6362 12140 17945
33825 6367 8538 17353
33825 6367 8538 18969
33825 6367 8553 19003
33825 6367 8553 19068
33825 6367 8615 17179
33825 6367 8615 18076
33825 6367 8615 19122
33825 6367 8615 20277
33825 6367 9080 18076
33825 6367 9080 19003
33825 6367 9133 20024
33825 6367 9636 16953
33825 6367 9636 19254
33825 6367 9661 16953
33825 6367 9661 19367
33825 6367 9672 18267
33825 6367 9672 20114
33825 6367 9850 19254
33825 6367 9850 20281
33825 6367 9879 17179
33825 6367 10548 19304
33825 6367 10548 19367
33825 6367 10595 16953
33825 6367 10595 20056
33825 6367 10602 16952
33825 6367 10602 19254
33825 6367 10618 16953
33825 6367 10618 19398
33825 6367 10775 18267
33825 6367 10932 17353
33825 6367 10932 19254
33825 6367 11574 19122
33825 6367 11686 19003
33825 6367 11686 20277
33825 6367 12215 19003
33825 6367 12215 20021
33825 6386 8527 20248
33825 6386 8598 17976
33825 6386 8598 19068
33825 6386 9125 17976
33825 6386 9133 17045
33825 6386 9133 20153
33825 6386 9646 16922
33825 6386 9646 17045
33825 6386 9652 16922
33825 6386 9652 18378
33825 6386 9661 18374
33825 6386 9661 19338
33825 6386 9700 17082
33825 6386 9700 18335
33825 6386 9886 19338
33825 6386 9886 20425
33825 6386 10519 19308
33825 6386 10519 20153
33825 6386 10574 19253
33825 6386 10574 20085
33825 6386 10623 17045
33825 6386 10623 18374
33825 6386 10775 18313
33825 6386 10836 17263
33825 6386 10836 18378
33825 6386 10836 19308
33825 6386 10836 20425
33825 6386 10870 18335
33825 6386 10909 18313
33825 6386 10909 19253
33825 6386 11573 17263
33825 6386 11573 19099
33825 6386 12156 17045
33825 6386 12156 19099
33825 6386 12206 17082
33825 6386 12206 18069
33825 6387 8524 18997
33825 6387 8615 19003
33825 6387 8621 17333
33825 6387 8621 18071
33825 6387 8621 18997
33825 6387 8621 20247
33825 6387 8677 18011
33825 6387 8677 19100
33825 6387 9127 17054
33825 6387 9127 19100
33825 6387 9135 16922
33825 6387 9636 16922
33825 6387 9636 17054
33825 6387 9636 20024
33825 6387 9636 20156
33825 6387 9700 20092
33825 6387 9823 17333
33825 6387 9916 18309
33825 6387 9916 20247
33825 6387 10516 20156
33825 6387 10623 19303
33825 6387 10669 17077
33825 6387 10671 18328
33825 6387 10846 19303
33825 6387 10846 20425
33825 6387 10908 18309
33825 6387 11572 17294
33825 6387 11572 19100
33825 6387 12101 19993
33825 6387 12101 20092
33825 6387 12150 19100
33825 6387 12150 20024
33825 6387 12204 17077
33825 6387 12204 18071
33825 6387 12204 19003
33825 6387 12204 19993
33825 6394 8524 19033
33825 6394 8524 20350
33825 6394 8599 17977
33825 6394 9125 20018
33825 6394 9133 19093
33825 6394 9133 20147
33825 6394 9638 17054
33825 6394 9638 20147
33825 6394 9711 19288
33825 6394 9788 18313
33825 6394 9788 20345
33825 6394 9789 18328
33825 6394 9789 20350
33825 6394 9823 20252
33825 6394 9823 20327
33825 6394 9909 18313
33825 6394 9909 19287
33825 6394 10525 19333
33825 6394 10525 20147
33825 6394 10782 18313
33825 6394 10782 20327
33825 6394 10836 17260
33825 6394 10836 19304
33825 6394 10903 18313
33825 6394 10903 20350
33825 6394 11614 17260
33825 6394 11750 18078
33825 6394 11750 20350
33825 6394 12054 20056
33825 6394 12054 20147
33825 6394 12156 17054
33825 6394 12156 17977
33825 6394 12156 19093
33825 6394 12156 20018
33825 6394 12198 18078
33825 6394 12198 19987
33825 6395 8527 18998
33825 6395 8598 19058
33825 6395 8598 20418
33825 6395 8613 18076
33825 6395 8613 18998
33825 6395 8623 17330
33825 6395 8623 19000
33825 6395 8677 18012
33825 6395 8677 19058
33825 6395 8678 19061
33825 6395 9135 18968
33825 6395 9149 18009
33825 6395 9188 18076
33825 6395 9644 17045
33825 6395 9644 20031
33825 6395 9652 16924
33825 6395 9652 18377
33825 6395 9652 19334
33825 6395 9652 20051
33825 6395 9661 18373
33825 6395 9661 20057
33825 6395 9711 20092
33825 6395 9788 18309
33825 6395 9788 18335
33825 6395 9788 20328
33825 6395 9788 20338
33825 6395 9789 20323
33825 6395 9789 20341
33825 6395 9821 17337
33825 6395 9821 20243
33825 6395 9879 18377
33825 6395 9884 18373
33825 6395 9884 20418
33825 6395 9918 19292
33825 6395 10526 19299
33825 6395 10526 19334
33825 6395 10526 20051
33825 6395 10526 20150
33825 6395 10565 20092
33825 6395 10574 19254
33825 6395 10574 19283
33825 6395 10621 18377
33825 6395 10621 19299
33825 6395 10661 19254
33825 6395 10661 19996
33825 6395 10663 17075
33825 6395 10782 19283
33825 6395 10782 20323
33825 6395 10813 19299
33825 6395 10846 18377
33825 6395 10846 19299
33825 6395 10902 17346
33825 6395 10902 18309
33825 6395 10902 19253
33825 6395 10902 20338
33825 6395 11574 17263
33825 6395 11596 19061
33825 6395 11749 18076
33825 6395 11750 17330
33825 6395 11750 20341
33825 6395 12052 18012
33825 6395 12052 20057
33825 6395 12055 18009
33825 6395 12101 19000
33825 6395 12101 19996
33825 6395 12110 18998
33825 6395 12150 17976
33825 6395 12150 19090
33825 6395 12196 18076
33825 6395 12196 18998
33825 6454 8538 17150
33825 6454 8538 19192
33825 6454 8648 18011
33825 6454 9069 17054
33825 6454 9069 19352
33825 6454 9085 17150
33825 6454 9085 19337
33825 6454 9178 16985
33825 6454 9178 17023
33825 6454 9188 19352
33825 6454 9188 20345
33825 6454 9544 19099
33825 6454 9581 17150
33825 6454 9581 20120
33825 6454 10058 17150
33825 6454 10058 19352
33825 6454 10179 17023
33825 6454 10179 19352
33825 6454 10238 18011
33825 6454 10238 20354
33825 6454 10334 17323
33825 6454 10334 18421
33825 6454 10451 20361
33825 6454 11101 17320
33825 6454 11101 19192
33825 6454 11103 17285
33825 6454 11103 17323
33825 6454 11112 17330
33825 6454 11112 18421
33825 6454 11112 19099
33825 6454 11112 20188
33825 6454 11384 17323
33825 6454 11384 20444
33825 6454 12153 17323
33825 6454 12153 20188
33825 6454 12265 17330
33825 6455 8521 17045
33825 6455 8521 19157
33825 6455 8536 17139
33825 6455 8536 18133
33825 6455 8649 17077
33825 6455 8649 18012
33825 6455 8649 19093
33825 6455 8649 20092
33825 6455 8693 16990
33825 6455 9065 19356
33825 6455 9087 19338
33825 6455 9087 20396
33825 6455 9161 17045
33825 6455 9161 19292
33825 6455 9162 19288
33825 6455 9162 20350
33825 6455 9173 16984
33825 6455 9173 20366
33825 6455 9189 20350
33825 6455 9545 19093
33825 6455 9545 20147
33825 6455 9580 18110
33825 6455 9683 16990
33825 6455 9692 16984
33825 6455 9692 20095
33825 6455 9699 20095
33825 6455 9699 20153
33825 6455 9711 17018
33825 6455 9711 17077
33825 6455 9711 20092
33825 6455 9711 20147
33825 6455 10063 19356
33825 6455 10179 19288
33825 6455 10238 20357
33825 6455 10334 20435
33825 6455 10361 18426
33825 6455 10364 17375
33825 6455 10364 18351
33825 6455 10460 19288
33825 6455 11082 17342
33825 6455 11082 17375
33825 6455 11084 17337
33825 6455 11084 18335
33825 6455 11096 17324
33825 6455 11096 19157
33825 6455 11098 17294
33825 6455 11098 17327
33825 6455 11098 19160
33825 6455 11098 19193
33825 6455 11112 19093
33825 6455 11235 20057
33825 6455 11384 20435
33825 6455 11391 17324
33825 6455 11391 20387
33825 6455 11477 19288
33825 6455 11477 20350
33825 6455 11480 19292
33825 6455 11480 20387
33825 6455 11509 18351
33825 6455 11509 20366
33825 6455 11514 20350
33825 6455 12110 20147
33825 6455 12156 17327
33825 6455 12156 18344
33825 6455 12156 19160
33825 6455 12156 20191
33825 6455 12261 17342
33825 6455 12261 20153
33825 6455 12264 19093
33825 6455 12264 20147
33825 6462 8524 18135
33825 6462 8538 17144
33825 6462 8538 18135
33825 6462 8538 19193
33825 6462 8538 20182
33825 6462 8647 17084
33825 6462 8647 18012
33825 6462 8682 18103
33825 6462 9080 20396
33825 6462 9192 18012
33825 6462 9192 20341
33825 6462 9686 18012
33825 6462 9686 20085
33825 6462 10060 17144
33825 6462 10060 18103
33825 6462 10060 19352
33825 6462 10060 20439
33825 6462 10186 19287
33825 6462 10186 19352
33825 6462 10233 18012
33825 6462 10233 19338
33825 6462 10323 20439
33825 6462 10355 17289
33825 6462 10358 18426
33825 6462 10457 19283
33825 6462 11075 17368
33825 6462 11111 18426
33825 6462 11111 19100
33825 6462 11479 19283
33825 6462 11479 19338
33825 6462 11479 20341
33825 6462 11479 20396
33825 6462 11482 19287
33825 6462 12101 17368
33825 6462 12101 19193
33825 6462 12147 20182
33825 6463 8522 18135
33825 6463 8522 19158
33825 6463 8536 17141
33825 6463 8536 20181
33825 6463 8646 18011
33825 6463 8646 19090
33825 6463 9069 17048
33825 6463 9069 18135
33825 6463 9156 17048
33825 6463 9178 17017
33825 6463 9193 17077
33825 6463 9193 18011
33825 6463 9193 19356
33825 6463 9193 20338
33825 6463 9545 20156
33825 6463 9545 20181
33825 6463 9576 17141
33825 6463 9576 18108
33825 6463 9700 17017
33825 6463 9700 20150
33825 6463 9704 17077
33825 6463 9704 20156
33825 6463 10057 18108
33825 6463 10057 19356
33825 6463 10323 19337
33825 6463 10454 17282
33825 6463 10454 18267
33825 6463 11111 19090
33825 6463 11111 20181
33825 6463 11255 17282
33825 6463 11512 18348
33825 6463 11512 20338
33825 6463 12099 17368
33825 6463 12099 20150
33825 6463 12150 18348
33825 6463 12150 20181
33825 6466 8598 18044
33825 6466 8677 16959
33825 6466 8677 20216
33825 6466 9108 17977
33825 6466 9118 20421
33825 6466 9127 19292
33825 6466 9156 16959
33825 6466 9638 18044
33825 6466 9638 20191
33825 6466 9716 19036
33825 6466 10046 19338
33825 6466 10046 19398
33825 6466 10046 20361
33825 6466 10046 20421
33825 6466 10238 20357
33825 6466 10268 17397
33825 6466 10268 19398
33825 6466 10388 19338
33825 6466 11036 17323
33825 6466 11175 17372
33825 6466 11175 18271
33825 6466 11175 19036
33825 6466 11175 20191
33825 6466 11206 17372
33825 6466 11247 17397
33825 6466 11247 18267
33825 6466 11357 17397
33825 6466 11357 20361
33825 6466 11359 20357
33825 6466 11359 20392
33825 6466 11446 17323
33825 6466 11446 18271
33825 6466 11446 19292
33825 6466 11446 20392
33825 6466 12206 17397
33825 6466 12206 19158
33825 6470 8538 19160
33825 6470 8639 18011
33825 6470 8681 20210
33825 6470 8682 16958
33825 6470 8682 18014
33825 6470 9108 20425
33825 6470 9118 17020
33825 6470 9118 19333
33825 6470 9133 16990
33825 6470 9133 17023
33825 6470 9133 19288
33825 6470 9133 19321
33825 6470 9149 16958
33825 6470 9149 16991
33825 6470 9150 19397
33825 6470 9162 16953
33825 6470 9162 18046
33825 6470 9501 20127
33825 6470 9502 19100
33825 6470 9502 20114
33825 6470 9646 20210
33825 6470 9667 19160
33825 6470 9667 20127
33825 6470 9672 17020
33825 6470 9672 20114
33825 6470 9715 18014
33825 6470 9715 20095
33825 6470 10046 19397
33825 6470 10046 20354
33825 6470 10211 16991
33825 6470 10211 20281
33825 6470 10218 16990
33825 6470 10218 17976
33825 6470 10218 19288
33825 6470 10218 20286
33825 6470 10233 20354
33825 6470 10271 17397
33825 6470 10271 18332
33825 6470 10271 19397
33825 6470 10271 20396
33825 6470 10398 17346
33825 6470 10398 18309
33825 6470 10399 17349
33825 6470 10399 19333
33825 6470 10483 17327
33825 6470 11039 17349
33825 6470 11039 19100
33825 6470 11069 19160
33825 6470 11069 20127
33825 6470 11183 19036
33825 6470 11203 17368
33825 6470 11203 20095
33825 6470 11208 19003
33825 6470 11208 20092
33825 6470 11235 20127
33825 6470 11352 17371
33825 6470 11352 17397
33825 6470 11352 20354
33825 6470 11352 20396
33825 6470 11354 17368
33825 6470 11354 20366
33825 6470 11412 20281
33825 6470 11412 20366
33825 6470 11423 19397
33825 6470 11423 20354
33825 6470 11444 17327
33825 6470 11514 18271
33825 6470 12121 20181
33825 6470 12196 19160
33825 6470 12264 19036
33825 6475 8629 17976
33825 6475 8629 19026
33825 6475 9127 17023
33825 6475 9127 19283
33825 6475 9503 19100
33825 6475 9503 20216
33825 6475 9644 20216
33825 6475 9670 17023
33825 6475 9670 17976
33825 6475 9670 19157
33825 6475 9670 20114
33825 6475 9677 20127
33825 6475 10045 19397
33825 6475 10045 20425
33825 6475 10228 18041
33825 6475 10261 17394
33825 6475 10261 20396
33825 6475 10494 17324
33825 6475 10494 19283
33825 6475 11029 17324
33825 6475 11029 17346
33825 6475 11062 17346
33825 6475 11062 20114
33825 6475 11183 19026
33825 6475 11183 20182
33825 6475 11238 17394
33825 6475 11238 20127
33825 6475 11319 20425
33825 6475 11455 17324
33825 6475 11455 18264
33825 6475 12116 17324
33825 6475 12116 20182
33825 6475 12204 18264
33825 6475 12204 19157
33825 6475 12261 18268
33825 6475 12261 19100
33825 6479 8630 18012
33825 6479 8630 19026
33825 6479 9133 16984
33825 6479 9133 19287
33825 6479 9140 16984
33825 6479 9140 19398
33825 6479 9161 18043
33825 6479 9161 20274
33825 6479 9636 18009
33825 6479 9721 19026
33825 6479 9721 20085
33825 6479 10045 19337
33825 6479 10045 19398
33825 6479 10211 16985
33825 6479 10211 19287
33825 6479 10218 16984
33825 6479 10218 17977
33825 6479 10227 16984
33825 6479 10227 19367
33825 6479 10262 17394
33825 6479 10483 18264
33825 6479 10483 19287
33825 6479 11063 19163
33825 6479 11175 18268
33825 6479 11175 19026
33825 6479 11414 20274
33825 6479 11453 17320
33825 6479 11453 19287
33825 6479 12115 17320
33825 6479 12115 19192
33825 6479 12198 17394
33825 6479 12198 18268
33825 6479 12198 19163
33825 6479 12198 20085
33825 6479 12264 19026
33825 6479 12264 19093
33825 6483 8524 18135
33825 6483 8527 17045
33825 6483 8527 18138
33825 6483 8527 19127
33825 6483 8527 20216
33825 6483 8598 17116
33825 6483 8598 17976
33825 6483 8621 17976
33825 6483 9133 17045
33825 6483 9133 20248
33825 6483 9173 18078
33825 6483 9173 19308
33825 6483 9188 17116
33825 6483 9188 20252
33825 6483 9652 16922
33825 6483 9652 20216
33825 6483 10047 18138
33825 6483 10047 19338
33825 6483 10132 19308
33825 6483 10132 19338
33825 6483 10150 16922
33825 6483 10150 18078
33825 6483 10223 18135
33825 6483 10223 19258
33825 6483 10302 18313
33825 6483 10422 19308
33825 6483 10422 20248
33825 6483 11068 17285
33825 6483 11068 18313
33825 6483 11253 20153
33825 6483 11412 18284
33825 6483 11412 19258
33825 6483 11511 17179
33825 6483 11511 19308
33825 6483 12206 17179
33825 6483 12206 19127
33825 6487 8613 19993
33825 6487 8696 16922
33825 6487 8696 18101
33825 6487 9135 17043
33825 6487 9135 18101
33825 6487 9135 19258
33825 6487 9135 20252
33825 6487 9178 16952
33825 6487 9178 19304
33825 6487 9193 16922
33825 6487 9193 17109
33825 6487 9663 16922
33825 6487 9663 19996
33825 6487 10046 17043
33825 6487 10158 16922
33825 6487 10158 20252
33825 6487 10271 18426
33825 6487 10428 17183
33825 6487 10428 19304
33825 6487 11068 17294
33825 6487 11068 17353
33825 6487 11235 18968
33825 6487 11235 20217
33825 6487 11242 17183
33825 6487 11242 18969
33825 6487 11258 17263
33825 6487 11258 18968
33825 6487 11423 19258
33825 6487 11514 17183
33825 6487 11514 20248
33825 6487 12104 18426
33825 6487 12104 20147
33825 6487 12204 17183
33825 6487 12204 18968
33825 6487 12213 17294
33825 6487 12213 18968
33825 6490 8623 18071
33825 6490 8623 20156
33825 6490 8693 16924
33825 6490 9127 17054
33825 6490 9127 19253
33825 6490 9503 20156
33825 6490 9700 17976
33825 6490 9700 19191
33825 6490 10063 19356
33825 6490 10141 19299
33825 6490 10158 16924
33825 6490 10158 18071
33825 6490 10158 19356
33825 6490 10158 20247
33825 6490 10214 19253
33825 6490 10214 20243
33825 6490 10431 17180
33825 6490 10431 18280
33825 6490 10431 19299
33825 6490 10431 20247
33825 6490 10454 18280
33825 6490 10454 18373
33825 6490 10460 18377
33825 6490 10460 19253
33825 6490 11063 17294
33825 6490 11063 17346
33825 6490 11063 18309
33825 6490 11063 18377
33825 6490 11255 18373
33825 6490 11285 17346
33825 6490 11421 17294
33825 6490 11421 19253
33825 6490 12053 20217
33825 6490 12055 18309
33825 6490 12101 19191
33825 6490 12206 17180
33825 6494 8521 18138
33825 6494 8521 19132
33825 6494 8522 17048
33825 6494 8522 18135
33825 6494 8599 17116
33825 6494 8599 18138
33825 6494 8604 18135
33825 6494 8615 17978
33825 6494 8698 18103
33825 6494 8698 19990
33825 6494 9125 17048
33825 6494 9176 18069
33825 6494 9193 16924
33825 6494 9654 19987
33825 6494 9683 17048
33825 6494 9699 19190
33825 6494 9699 19990
33825 6494 9704 17978
33825 6494 10044 17048
33825 6494 10044 18135
33825 6494 10057 17139
33825 6494 10057 18108
33825 6494 10058 18103
33825 6494 10058 19352
33825 6494 10134 17116
33825 6494 10134 19333
33825 6494 10150 16924
33825 6494 10218 18135
33825 6494 10261 18374
33825 6494 10261 18425
33825 6494 10262 17285
33825 6494 10262 18378
33825 6494 10421 19303
33825 6494 10451 18374
33825 6494 10451 19352
33825 6494 10457 18284
33825 6494 10457 18378
33825 6494 10457 19253
33825 6494 10457 19347
33825 6494 10483 20247
33825 6494 11063 17285
33825 6494 11063 18378
33825 6494 11235 17176
33825 6494 11235 18422
33825 6494 11235 18966
33825 6494 11235 20216
33825 6494 11242 18425
33825 6494 11242 18967
33825 6494 11256 18378
33825 6494 11286 17349
33825 6494 11286 19333
33825 6494 11287 19338
33825 6494 11287 20421
33825 6494 11414 17285
33825 6494 11414 18284
33825 6494 11414 19253
33825 6494 11414 20444
33825 6494 11514 19303
33825 6494 12053 18313
33825 6494 12055 17349
33825 6494 12055 19132
33825 6494 12099 19193
33825 6494 12099 20150
33825 6494 12204 17176
33825 6494 12204 17337
33825 6494 12204 18966
33825 6494 12204 19127
33825 6494 12215 17285
33825 6494 12220 18967
33825 6494 12220 19190
33825 6514 8613 19132
33825 6514 8613 20120
33825 6514 8621 17945
33825 6514 9118 17109
33825 6514 9118 17945
33825 6514 9159 20281
33825 6514 9638 18108
33825 6514 9638 19099
33825 6514 9716 17082
33825 6514 9716 19132
33825 6514 10045 17082
33825 6514 10045 19398
33825 6514 10271 18344
33825 6514 10389 17180
33825 6514 10389 18344
33825 6514 10460 17349
33825 6514 10460 18283
33825 6514 10460 19398
33825 6514 10460 20328
33825 6514 10494 18358
33825 6514 11039 17349
33825 6514 11039 20120
33825 6514 11206 17180
33825 6514 11206 20188
33825 6514 11255 18287
33825 6514 11255 19132
33825 6514 11414 17323
33825 6514 11414 20328
33825 6514 12140 18358
33825 6514 12140 19099
33825 6514 12198 19003
33825 6514 12198 19132
33825 6514 12213 17323
33825 6514 12213 18287
33825 6514 12220 18283
33825 6514 12220 19003
33825 6515 8615 19003
33825 6515 8623 17077
33825 6515 8623 19127
33825 6515 9069 17077
33825 6515 9069 18170
33825 6515 9125 16924
33825 6515 9125 18110
33825 6515 9125 19356
33825 6515 9125 20286
33825 6515 9135 16922
33825 6515 9156 16924
33825 6515 9636 16922
33825 6515 9636 18110
33825 6515 9636 19100
33825 6515 9636 20024
33825 6515 9677 20024
33825 6515 9677 20181
33825 6515 9726 17077
33825 6515 9726 19993
33825 6515 10044 17077
33825 6515 10044 19367
33825 6515 10388 18348
33825 6515 10454 17358
33825 6515 10454 20328
33825 6515 11036 20117
33825 6515 11173 19100
33825 6515 11175 18361
33825 6515 11255 17358
33825 6515 11444 18348
33825 6515 11444 20286
33825 6515 11479 19356
33825 6515 12140 20181
33825 6515 12204 19003
33825 6515 12204 19127
33825 6515 12204 19993
33825 6515 12204 20117
33825 6522 8613 17084
33825 6522 8613 20114
33825 6522 8621 19987
33825 6522 9119 17944
33825 6522 9156 17144
33825 6522 9156 20439
33825 6522 9502 20114
33825 6522 9502 20217
33825 6522 9646 18103
33825 6522 9646 20018
33825 6522 9716 17084
33825 6522 9716 17944
33825 6522 9716 19127
33825 6522 9716 19987
33825 6522 10094 18103
33825 6522 10094 20439
33825 6522 10198 19397
33825 6522 10262 18344
33825 6522 10262 20430
33825 6522 10399 18344
33825 6522 10399 20439
33825 6522 10460 17353
33825 6522 10460 19397
33825 6522 11029 17324
33825 6522 11029 20114
33825 6522 11316 18344
33825 6522 11316 20440
33825 6522 11317 18361
33825 6522 11317 20439
33825 6522 11453 17406
33825 6522 11453 18344
33825 6522 11479 20277
33825 6522 11479 20430
33825 6522 12135 17401
33825 6522 12206 19127
33825 6522 12206 20114
33825 6523 8556 18101
33825 6523 8615 16953
33825 6523 8629 18168
33825 6523 9069 17107
33825 6523 9069 18165
33825 6523 9070 17116
33825 6523 9118 17107
33825 6523 9118 20323
33825 6523 9127 16921
33825 6523 9127 19347
33825 6523 9133 16927
33825 6523 9133 18101
33825 6523 9159 16927
33825 6523 9500 18165
33825 6523 9500 20216
33825 6523 9503 18168
33825 6523 9644 16927
33825 6523 9644 18101
33825 6523 9670 16927
33825 6523 9677 16921
33825 6523 9677 20021
33825 6523 9726 17075
33825 6523 9726 17945
33825 6523 10046 19398
33825 6523 10093 18101
33825 6523 10094 19347
33825 6523 10094 20444
33825 6523 10180 17116
33825 6523 10262 17394
33825 6523 10262 20418
33825 6523 10293 17346
33825 6523 10398 17180
33825 6523 10398 18348
33825 6523 10398 19299
33825 6523 10398 20435
33825 6523 10454 17346
33825 6523 10454 18280
33825 6523 11030 17327
33825 6523 11030 17346
33825 6523 11030 20127
33825 6523 11030 20210
33825 6523 11181 17183
33825 6523 11181 20021
33825 6523 11183 19090
33825 6523 11206 17183
33825 6523 11206 17394
33825 6523 11213 20181
33825 6523 11253 17346
33825 6523 11253 18280
33825 6523 11316 18348
33825 6523 11316 18358
33825 6523 11316 20425
33825 6523 11316 20435
33825 6523 11317 20418
33825 6523 11317 20444
33825 6523 11412 18284
33825 6523 11412 20323
33825 6523 11423 18280
33825 6523 11446 17397
33825 6523 11477 19352
33825 6523 11477 20274
33825 6523 12135 20181
33825 6523 12196 19132
33825 6523 12196 19990
33825 6523 12213 18284
33825 6523 12213 20216
33825 6523 12220 17327
33825 6523 12220 18280
33825 6523 12220 18997
33825 6523 12220 20210
33825 6566 8543 18101
33825 6566 8543 19996
33825 6566 9082 18078
33825 6566 9156 16953
33825 6566 9156 19352
33825 6566 9550 19068
33825 6566 9550 19996
33825 6566 9677 20127
33825 6566 9683 16953
33825 6566 9683 18078
33825 6566 9683 19000
33825 6566 9683 20127
33825 6566 9699 20095
33825 6566 10094 17116
33825 6566 10094 20274
33825 6566 10186 19352
33825 6566 10323 17183
33825 6566 10334 17179
33825 6566 10334 17346
33825 6566 10334 18284
33825 6566 10334 18357
33825 6566 11075 17183
33825 6566 11075 17368
33825 6566 11213 17368
33825 6566 11213 18335
33825 6566 11213 19000
33825 6566 11213 20095
33825 6566 11256 17346
33825 6566 11256 19996
33825 6566 11352 17179
33825 6566 11386 19401
33825 6566 11391 20274
33825 6566 11482 18335
33825 6566 12153 18284
33825 6566 12265 18357
33825 6566 12265 19996
33825 6567 8553 18997
33825 6567 8553 20092
33825 6567 8648 18044
33825 6567 8648 18069
33825 6567 8677 18046
33825 6567 8677 19129
33825 6567 8681 18044
33825 6567 8681 19061
33825 6567 9087 18069
33825 6567 9087 20332
33825 6567 9162 18046
33825 6567 9162 19352
33825 6567 9551 17114
33825 6567 9551 19987
33825 6567 9667 17054
33825 6567 9667 20127
33825 6567 9689 18069
33825 6567 9689 18997
33825 6567 10094 17114
33825 6567 10094 18069
33825 6567 10238 19402
33825 6567 10489 18362
33825 6567 10489 20332
33825 6567 11208 17372
33825 6567 11208 20092
33825 6567 11359 19402
33825 6567 11359 20243
33825 6567 11482 17353
33825 6567 12101 19160
33825 6567 12115 19129
33825 6567 12140 19160
33825 6567 12140 20127
33825 6567 12264 17372
33825 6567 12264 18362
33825 6567 12264 19061
33825 6567 12264 19987
33825 6574 8556 18136
33825 6574 8556 18998
33825 6574 8649 17107
33825 6574 9080 18076
33825 6574 9080 19299
33825 6574 9192 19322
33825 6574 9545 19987
33825 6574 9683 16952
33825 6574 9683 18998
33825 6574 10089 17107
33825 6574 10089 18076
33825 6574 10089 19322
33825 6574 10089 20277
33825 6574 10198 19299
33825 6574 10198 19397
33825 6574 10204 16952
33825 6574 10204 19304
33825 6574 10361 18332
33825 6574 10361 19299
33825 6574 11082 17368
33825 6574 11082 19127
33825 6574 11203 17368
33825 6574 11203 18998
33825 6574 11255 18378
33825 6574 11255 19987
33825 6574 11354 18377
33825 6574 11479 19299
33825 6574 11479 20277
33825 6574 12115 18969
33825 6574 12115 19127
33825 6574 12140 17368
33825 6574 12140 19158
33825 6574 12156 17353
33825 6574 12156 18998
33825 6574 12261 17368
33825 6574 12261 18361
33825 6575 8538 18966
33825 6575 8541 18103
33825 6575 8541 18968
33825 6575 8557 20086
33825 6575 8648 17109
33825 6575 8648 18043
33825 6575 8678 18043
33825 6575 8678 18108
33825 6575 8678 19061
33825 6575 8678 19122
33825 6575 8682 18041
33825 6575 8682 18103
33825 6575 9085 17048
33825 6575 9085 18071
33825 6575 9085 19303
33825 6575 9085 20328
33825 6575 9159 18043
33825 6575 9188 18041
33825 6575 9188 19318
33825 6575 9193 17109
33825 6575 9193 18043
33825 6575 9544 17109
33825 6575 9544 18108
33825 6575 9544 19061
33825 6575 9544 19996
33825 6575 9672 17045
33825 6575 9672 19157
33825 6575 9689 19003
33825 6575 9689 20117
33825 6575 9716 18966
33825 6575 10089 17109
33825 6575 10179 19318
33825 6575 10179 19351
33825 6575 10189 19321
33825 6575 10189 20439
33825 6575 10195 16953
33825 6575 10195 17048
33825 6575 10195 19303
33825 6575 10195 19398
33825 6575 10201 17045
33825 6575 10201 19308
33825 6575 10218 17945
33825 6575 10324 17176
33825 6575 10324 18358
33825 6575 10329 17180
33825 6575 10329 18283
33825 6575 10358 18283
33825 6575 10358 19308
33825 6575 10361 18331
33825 6575 10483 18358
33825 6575 10484 18374
33825 6575 10484 20327
33825 6575 11082 17176
33825 6575 11206 17372
33825 6575 11255 18373
33825 6575 11357 17176
33825 6575 11384 20274
33825 6575 11389 19351
33825 6575 11389 20327
33825 6575 11479 18331
33825 6575 12099 17176
33825 6575 12099 18358
33825 6575 12104 17180
33825 6575 12104 19157
33825 6575 12116 18374
33825 6575 12116 18968
33825 6575 12136 17372
33825 6575 12150 17346
33825 6575 12150 18284
33825 6575 12260 18358
33825 6595 8556 18101
33825 6595 8556 18167
33825 6595 8615 18046
33825 6595 8615 20217
33825 6595 8623 19031
33825 6595 8623 20216
33825 6595 8630 17944
33825 6595 8630 20216
33825 6595 9085 17109
33825 6595 9173 18046
33825 6595 9173 20366
33825 6595 9550 17109
33825 6595 9550 18969
33825 6595 9636 18046
33825 6595 9636 20216
33825 6595 9661 18167
33825 6595 9661 20216
33825 6595 10148 20440
33825 6595 10198 18046
33825 6595 10198 19368
33825 6595 10261 18267
33825 6595 10261 20366
33825 6595 10293 18283
33825 6595 10293 18361
33825 6595 10358 17294
33825 6595 10358 18426
33825 6595 10358 19372
33825 6595 10358 20440
33825 6595 11029 17294
33825 6595 11029 18283
33825 6595 11084 19129
33825 6595 11319 18283
33825 6595 11319 19372
33825 6595 11455 18426
33825 6595 12055 18283
33825 6595 12055 19132
33825 6599 8552 17082
33825 6599 8552 17139
33825 6599 8552 18108
33825 6599 8552 18165
33825 6599 8629 17150
33825 6599 9125 16984
33825 6599 9125 17150
33825 6599 9135 17139
33825 6599 9135 20444
33825 6599 9178 16984
33825 6599 9178 18046
33825 6599 9178 19368
33825 6599 9178 20366
33825 6599 9500 19033
33825 6599 9503 17082
33825 6599 9545 19987
33825 6599 9644 18046
33825 6599 10046 18108
33825 6599 10158 18165
33825 6599 10158 20444
33825 6599 10361 18421
33825 6599 10361 20444
33825 6599 11036 18287
33825 6599 11075 17337
33825 6599 11075 18968
33825 6599 11285 20366
33825 6599 11317 17337
33825 6599 11317 18287
33825 6599 11317 19368
33825 6599 11317 20350
33825 6599 11384 19372
33825 6599 11384 20444
33825 6599 11482 20350
33825 6599 12104 17180
33825 6599 12104 19987
33825 6599 12220 18968
33825 6602 8557 17139
33825 6602 8557 18168
33825 6602 8613 17116
33825 6602 8613 18044
33825 6602 8613 19026
33825 6602 8613 20210
33825 6602 8621 17107
33825 6602 8621 20211
33825 6602 8639 17139
33825 6602 9085 17107
33825 6602 9085 17150
33825 6602 9087 17139
33825 6602 9087 18168
33825 6602 9108 19363
33825 6602 9127 17150
33825 6602 9127 20341
33825 6602 9133 16990
33825 6602 9133 17139
33825 6602 9133 20350
33825 6602 9133 20435
33825 6602 9175 20357
33825 6602 9501 17077
33825 6602 9502 18108
33825 6602 9502 20050
33825 6602 9551 18968
33825 6602 9551 19987
33825 6602 9646 18044
33825 6602 9646 18135
33825 6602 9646 20057
33825 6602 9646 20210
33825 6602 9652 18168
33825 6602 9663 19996
33825 6602 9663 20211
33825 6602 10046 19308
33825 6602 10046 20327
33825 6602 10047 18108
33825 6602 10047 20328
33825 6602 10150 16990
33825 6602 10150 18168
33825 6602 10150 19317
33825 6602 10150 20435
33825 6602 10204 20357
33825 6602 10268 17337
33825 6602 10303 18280
33825 6602 10358 18421
33825 6602 11036 17289
33825 6602 11036 19122
33825 6602 11077 17180
33825 6602 11111 17394
33825 6602 11111 18357
33825 6602 11116 17406
33825 6602 11173 17394
33825 6602 11173 20050
33825 6602 11175 17406
33825 6602 11175 18421
33825 6602 11286 18357
33825 6602 11286 20328
33825 6602 11316 18280
33825 6602 11389 17406
33825 6602 11446 17406
33825 6602 11446 18421
33825 6602 11477 17282
33825 6602 11477 18313
33825 6602 11479 17289
33825 6602 11479 20341
33825 6602 12053 19127
33825 6602 12101 19122
33825 6602 12101 19996
33825 6602 12110 17180
33825 6602 12135 18421
33825 6606 8553 17075
33825 6606 8553 18170
33825 6606 8636 18969
33825 6606 9032 17075
33825 6606 9176 19363
33825 6606 9176 20357
33825 6606 9638 18044
33825 6606 9638 20051
33825 6606 10156 16984
33825 6606 10156 20439
33825 6606 10201 18044
33825 6606 10201 20357
33825 6606 10262 17333
33825 6606 10262 20357
33825 6606 10293 18358
33825 6606 10293 19367
33825 6606 10361 18426
33825 6606 10361 19363
33825 6606 11082 17176
33825 6606 11107 17176
33825 6606 11107 18358
33825 6606 11173 17401
33825 6606 11175 17397
33825 6606 11175 18426
33825 6606 11175 19036
33825 6606 11175 20051
33825 6606 11287 20332
33825 6606 11287 20357
33825 6606 11318 17333
33825 6606 11318 18284
33825 6606 11386 17401
33825 6606 11386 20439
33825 6606 11446 17397
33825 6606 11446 20332
33825 6606 12055 18284
33825 6606 12055 19036
33825 6610 8599 17946
33825 6610 8599 20092
33825 6610 8604 19061
33825 6610 8615 17945
33825 6610 8615 17978
33825 6610 8615 20127
33825 6610 8615 20156
33825 6610 8629 20024
33825 6610 8630 17979
33825 6610 8630 18012
33825 6610 8646 16984
33825 6610 8646 18011
33825 6610 9070 20277
33825 6610 9108 17023
33825 6610 9156 17018
33825 6610 9156 18012
33825 6610 9159 19292
33825 6610 9580 19003
33825 6610 9580 20024
33825 6610 9636 16922
33825 6610 9636 17978
33825 6610 9636 19100
33825 6610 9636 20156
33825 6610 9644 17979
33825 6610 9644 19099
33825 6610 9654 19003
33825 6610 10093 19254
33825 6610 10094 19258
33825 6610 10094 20341
33825 6610 10141 17018
33825 6610 10141 19401
33825 6610 10148 17946
33825 6610 10148 19258
33825 6610 10158 19254
33825 6610 10158 20277
33825 6610 10180 19292
33825 6610 10293 20392
33825 6610 10324 19402
33825 6610 10324 20425
33825 6610 10334 18357
33825 6610 10334 19401
33825 6610 10364 19254
33825 6610 10399 18344
33825 6610 10399 20341
33825 6610 10431 19254
33825 6610 10431 20277
33825 6610 11062 18344
33825 6610 11062 20092
33825 6610 11063 17324
33825 6610 11063 18351
33825 6610 11101 18373
33825 6610 11183 17333
33825 6610 11183 18331
33825 6610 11183 18966
33825 6610 11183 20024
33825 6610 11318 20392
33825 6610 11391 20277
33825 6610 11421 19321
33825 6610 12053 17259
33825 6610 12126 18373
33825 6610 12150 19003
33825 6610 12150 20024
33825 6610 12156 18998
33825 6610 12156 19099
33825 6610 12204 18331
33825 6610 12204 18358
33825 6610 12204 18966
33825 6610 12204 19003
33825 6610 12206 18357
33825 6610 12206 18998
33825 6614 8623 17947
33825 6614 8623 20156
33825 6614 9118 16924
33825 6614 9118 20396
33825 6614 9576 19067
33825 6614 9576 20018
33825 6614 9661 16985
33825 6614 10090 19288
33825 6614 10090 20350
33825 6614 10148 19257
33825 6614 10158 16924
33825 6614 10158 17947
33825 6614 10158 19253
33825 6614 10158 20274
33825 6614 10179 19288
33825 6614 10303 19317
33825 6614 10303 20396
33825 6614 10355 18335
33825 6614 10355 19257
33825 6614 10398 18348
33825 6614 10398 18373
33825 6614 10431 18348
33825 6614 10431 19253
33825 6614 11096 18373
33825 6614 11096 20156
33825 6614 11181 18335
33825 6614 11181 18968
33825 6614 11316 17263
33825 6614 11316 20350
33825 6614 11384 17259
33825 6614 11384 20274
33825 6614 11423 18373
33825 6614 11423 19317
33825 6614 12121 17259
33825 6614 12121 18373
33825 6614 12233 19067
33825 6619 8613 17976
33825 6619 8613 20150
33825 6619 8636 17976
33825 6619 8636 20031
33825 6619 8647 16985
33825 6619 8647 19093
33825 6619 9118 17020
33825 6619 9118 20387
33825 6619 9581 20031
33825 6619 9581 20085
33825 6619 9638 16927
33825 6619 9638 17976
33825 6619 9646 17977
33825 6619 9646 20150
33825 6619 9663 17976
33825 6619 9663 20056
33825 6619 10132 19398
33825 6619 10132 20387
33825 6619 10189 17017
33825 6619 10302 17260
33825 6619 10302 20387
33825 6619 10422 20274
33825 6619 11103 17256
33825 6619 11103 20150
33825 6619 11173 18328
33825 6619 11316 20345
33825 6619 11316 20387
33825 6619 11391 17260
33825 6619 11391 18328
33825 6619 11391 19398
33825 6619 11391 20274
33825 6619 11412 18374
33825 6619 11412 20243
33825 6619 12116 18374
33825 6619 12116 20150
33825 6619 12156 19093
33825 6623 8598 19058
33825 6623 8605 16921
33825 6623 8621 20150
33825 6623 8648 18011
33825 6623 9149 16984
33825 6623 9161 18011
33825 6623 9161 19292
33825 6623 9577 19003
33825 6623 9577 19058
33825 6623 9577 20021
33825 6623 9577 20092
33825 6623 9652 18998
33825 6623 10141 20391
33825 6623 10186 16984
33825 6623 10186 19321
33825 6623 10292 17256
33825 6623 10292 18358
33825 6623 10292 19321
33825 6623 10292 20391
33825 6623 10323 18358
33825 6623 10361 17260
33825 6623 10361 18332
33825 6623 10388 18374
33825 6623 11063 20092
33825 6623 11175 18332
33825 6623 11175 20021
33825 6623 11384 18332
33825 6623 11384 20277
33825 6623 12115 17256
33825 6623 12115 18374
33825 6623 12115 18968
33825 6623 12115 20150
33825 6623 12196 18968
33825 6623 12196 18998
33825 6623 12198 18332
33825 6623 12198 19003
33825 6626 8599 17977
33825 6626 8599 18138
33825 6626 8615 18170
33825 6626 8615 20095
33825 6626 8693 17023
33825 6626 8693 18011
33825 6626 8693 19068
33825 6626 8693 20056
33825 6626 9070 19257
33825 6626 9127 17023
33825 6626 9127 18138
33825 6626 9636 18138
33825 6626 9636 19068
33825 6626 9644 18011
33825 6626 10132 18138
33825 6626 10132 19308
33825 6626 10292 18335
33825 6626 10292 20345
33825 6626 10293 18328
33825 6626 10293 20328
33825 6626 10334 18310
33825 6626 10334 18421
33825 6626 10428 19254
33825 6626 10428 20328
33825 6626 11103 17285
33825 6626 11111 18335
33825 6626 11111 20095
33825 6626 11286 18335
33825 6626 11286 20328
33825 6626 11357 17285
33825 6626 11357 19337
33825 6626 11423 18310
33825 6626 11423 20328
33825 6626 12054 20056
33825 6626 12101 18335
33825 6626 12101 19000
33825 6627 8524 18165
33825 6627 8524 19033
33825 6627 8527 19031
33825 6627 8598 20024
33825 6627 8605 17976
33825 6627 8605 20021
33825 6627 8621 19031
33825 6627 8621 20085
33825 6627 8695 19067
33825 6627 8695 20057
33825 6627 9070 18069
33825 6627 9125 17020
33825 6627 9125 18014
33825 6627 9140 17976
33825 6627 9140 20396
33825 6627 9149 17141
33825 6627 9149 17978
33825 6627 9149 19303
33825 6627 9149 20392
33825 6627 9581 20085
33825 6627 9646 19193
33825 6627 9652 20024
33825 6627 10060 18069
33825 6627 10063 19258
33825 6627 10063 19287
33825 6627 10143 17978
33825 6627 10143 18135
33825 6627 10143 19303
33825 6627 10143 19338
33825 6627 10150 17114
33825 6627 10156 18165
33825 6627 10156 19287
33825 6627 10228 19338
33825 6627 10228 20392
33825 6627 10261 18347
33825 6627 10261 20396
33825 6627 10262 20392
33825 6627 10292 18314
33825 6627 10292 18332
33825 6627 10293 18313
33825 6627 10293 18331
33825 6627 10293 20332
33825 6627 10293 20350
33825 6627 10324 17368
33825 6627 10324 18426
33825 6627 10431 19253
33825 6627 11063 17294
33825 6627 11077 19100
33825 6627 11111 17371
33825 6627 11111 18332
33825 6627 11116 20085
33825 6627 11287 17323
33825 6627 11287 18331
33825 6627 11287 19292
33825 6627 11287 20332
33825 6627 11316 19338
33825 6627 11359 19338
33825 6627 11359 20392
33825 6627 11423 18314
33825 6627 11423 19258
33825 6627 12055 18347
33825 6627 12055 19099
33825 6627 12110 19031
33825 6627 12135 19100
33825 6627 12140 19099
33825 6627 12140 20021
33825 6627 12204 19031
33825 6627 12204 20085
33825 6627 12206 17371
33825 6627 12206 19033
33825 6634 8623 17107
33825 6634 8623 20092
33825 6634 8693 17020
33825 6634 8693 19058
33825 6634 9069 17107
33825 6634 9069 20350
33825 6634 9135 17020
33825 6634 9135 17139
33825 6634 9140 19299
33825 6634 9140 20391
33825 6634 9149 17139
33825 6634 9149 20387
33825 6634 9636 17020
33825 6634 9636 18136
33825 6634 9644 20057
33825 6634 10063 18076
33825 6634 10063 19292
33825 6634 10134 18136
33825 6634 10134 19333
33825 6634 10238 17020
33825 6634 10238 20391
33825 6634 10271 18344
33825 6634 10271 19299
33825 6634 11068 17294
33825 6634 11068 19058
33825 6634 11284 19292
33825 6634 11284 20328
33825 6634 11357 17294
33825 6634 11357 18344
33825 6634 11357 19333
33825 6634 11357 20387
33825 6634 11414 20328
33825 6634 11511 20350
33825 6634 12055 19093
33825 6634 12055 20057
33825 6634 12110 18425
33825 6635 8524 18069
33825 6635 8524 18168
33825 6635 8613 17116
33825 6635 8613 18168
33825 6635 8613 19026
33825 6635 8613 20086
33825 6635 8695 18009
33825 6635 8695 19061
33825 6635 9069 18069
33825 6635 9133 17023
33825 6635 9133 17139
33825 6635 9133 18009
33825 6635 9133 18133
33825 6635 9638 17023
33825 6635 9638 19061
33825 6635 9646 17139
33825 6635 10141 18133
33825 6635 10148 17116
33825 6635 10158 20345
33825 6635 10238 19334
33825 6635 10334 17372
33825 6635 10421 18422
33825 6635 10421 20332
33825 6635 11069 17263
33825 6635 11069 19061
33825 6635 11285 20332
33825 6635 11359 18344
33825 6635 11359 19334
33825 6635 12101 19036
33825 6635 12140 19061
33825 6635 12140 20018
33825 6635 12196 17372
33825 6635 12196 18422
33825 6635 12196 19036
33825 6635 12196 20086
33825 6635 12198 19026
33825 6708 8552 17139
33825 6708 8649 18811
33825 6708 9039 18135
33825 6708 9039 19603
33825 6708 9066 16882
33825 6708 9066 19638
33825 6708 9823 17878
33825 6708 9823 18819
33825 6708 9850 16802
33825 6708 9850 18854
33825 6708 10063 17879
33825 6708 10063 19667
33825 6708 10227 17018
33825 6708 10329 16882
33825 6708 10329 19367
33825 6708 10460 19367
33825 6708 10460 19806
33825 6708 11096 17139
33825 6708 11096 18854
33825 6708 11235 18811
33825 6708 11235 19646
33825 6708 11389 17878
33825 6708 11389 18426
33825 6708 11391 17879
33825 6708 11391 19367
33825 6708 11514 18819
33825 6708 11514 19367
33825 6708 12104 18335
33825 6708 12104 18426
33825 6708 12104 19638
33825 6708 12104 19667
33825 6708 12156 18135
33825 6708 12156 18347
33825 6708 12230 18335
33825 6708 12230 19806
33825 6708 12264 19603
33825 6709 8553 17150
33825 6709 8553 18138
33825 6709 8647 18046
33825 6709 8647 18811
33825 6709 8648 16991
33825 6709 8648 18043
33825 6709 8695 18859
33825 6709 8695 19855
33825 6709 8696 18011
33825 6709 8696 19846
33825 6709 9038 19698
33825 6709 9069 16883
33825 6709 9175 18011
33825 6709 9175 19578
33825 6709 9178 19334
33825 6709 9821 16883
33825 6709 9821 17879
33825 6709 9848 18859
33825 6709 9848 19855
33825 6709 10057 17879
33825 6709 10089 17054
33825 6709 10089 19710
33825 6709 10179 19642
33825 6709 10238 19334
33825 6709 10334 16883
33825 6709 10334 18422
33825 6709 10334 19363
33825 6709 10334 19878
33825 6709 10460 19803
33825 6709 10483 19855
33825 6709 10494 16803
33825 6709 10494 19846
33825 6709 11096 18859
33825 6709 11101 17139
33825 6709 11101 19710
33825 6709 11116 19679
33825 6709 11203 17054
33825 6709 11203 19578
33825 6709 11213 17018
33825 6709 11213 17043
33825 6709 11213 19582
33825 6709 11213 19607
33825 6709 11235 18331
33825 6709 11384 17878
33825 6709 11384 18831
33825 6709 11386 17879
33825 6709 11386 18422
33825 6709 11386 18818
33825 6709 11386 19363
33825 6709 11479 18859
33825 6709 11511 18811
33825 6709 11511 18831
33825 6709 11609 17795
33825 6709 11614 16803
33825 6709 11614 17139
33825 6709 11626 16791
33825 6709 11626 17878
33825 6709 11630 16883
33825 6709 11630 17879
33825 6709 11753 16791
33825 6709 11753 18046
33825 6709 11754 16786
33825 6709 11754 17846
33825 6709 12104 19679
33825 6709 12156 19855
33825 6709 12231 18331
33825 6709 12265 18014
33825 6709 12265 18103
33825 6709 12265 19582
33825 6709 12265 19607
33825 6716 8693 17023
33825 6716 8693 18011
33825 6716 8693 18850
33825 6716 8693 19846
33825 6716 8698 19855
33825 6716 9070 16795
33825 6716 9070 16886
33825 6716 9070 19638
33825 6716 9070 19675
33825 6716 9816 16886
33825 6716 9850 16803
33825 6716 9850 17806
33825 6716 9850 18850
33825 6716 9850 19855
33825 6716 10094 19611
33825 6716 10233 19338
33825 6716 10323 19367
33825 6716 10457 19283
33825 6716 10457 19367
33825 6716 10484 16803
33825 6716 10484 19338
33825 6716 11111 18335
33825 6716 11111 19646
33825 6716 11242 18335
33825 6716 11242 18802
33825 6716 11603 18138
33825 6716 11604 17806
33825 6716 11619 16795
33825 6716 11722 17023
33825 6716 12101 18335
33825 6716 12101 19675
33825 6716 12147 19846
33825 6716 12232 18335
33825 6716 12232 19638
33825 6716 12261 18011
33825 6716 12261 19611
33825 6717 8553 17054
33825 6717 8553 18135
33825 6717 9032 19615
33825 6717 9032 19702
33825 6717 9065 16887
33825 6717 9065 19671
33825 6717 9176 19338
33825 6717 9176 19574
33825 6717 9848 17807
33825 6717 9848 18863
33825 6717 9941 19799
33825 6717 10063 19642
33825 6717 10063 19671
33825 6717 10090 17054
33825 6717 10090 19615
33825 6717 10228 17807
33825 6717 10228 19574
33825 6717 10324 18426
33825 6717 10324 19363
33825 6717 11107 18331
33825 6717 11107 19671
33825 6717 11206 19570
33825 6717 11206 19615
33825 6717 11208 17023
33825 6717 11208 19574
33825 6717 11514 19363
33825 6717 11750 18046
33825 6717 12101 19634
33825 6717 12101 19671
33825 6717 12147 19706
33825 6717 12233 18046
33825 6717 12233 18331
33825 6717 12233 19634
33825 6717 12233 19799
33825 6717 12260 19574
33825 6717 12260 19615
33825 6722 8541 19878
33825 6722 8613 16984
33825 6722 8613 17116
33825 6722 8613 18044
33825 6722 8613 18168
33825 6722 8621 16985
33825 6722 8621 18041
33825 6722 8639 16984
33825 6722 8677 17144
33825 6722 8677 18012
33825 6722 8678 18783
33825 6722 9108 16778
33825 6722 9127 16863
33825 6722 9127 18012
33825 6722 9133 16854
33825 6722 9133 18009
33825 6722 9133 19321
33825 6722 9133 19702
33825 6722 9159 16703
33825 6722 9788 19915
33825 6722 9791 16774
33825 6722 9791 17867
33825 6722 9877 17807
33825 6722 9975 18783
33825 6722 10046 17862
33825 6722 10046 19397
33825 6722 10189 16953
33825 6722 10189 19514
33825 6722 10268 19352
33825 6722 10303 19915
33825 6722 10388 16698
33825 6722 10388 19337
33825 6722 10484 18268
33825 6722 11173 17144
33825 6722 11173 18264
33825 6722 11175 18268
33825 6722 11175 18783
33825 6722 11247 16984
33825 6722 11247 19547
33825 6722 11253 16984
33825 6722 11253 19547
33825 6722 11255 16985
33825 6722 11255 18831
33825 6722 11357 18854
33825 6722 11357 19337
33825 6722 11359 18344
33825 6722 11359 18859
33825 6722 11414 17867
33825 6722 11414 18831
33825 6722 11421 18309
33825 6722 11446 18268
33825 6722 11446 18783
33825 6722 11455 18264
33825 6722 11455 18854
33825 6722 11678 16774
33825 6722 11678 18041
33825 6722 11694 16854
33825 6722 11694 17141
33825 6722 11694 17786
33825 6722 11694 18009
33825 6722 11716 16703
33825 6722 11719 16698
33825 6722 11719 16863
33825 6722 12126 19878
33825 6722 12198 18044
33825 6722 12198 18168
33825 6722 12198 19547
33825 6722 12198 19679
33825 6722 12220 19547
33825 6722 12261 18268
33825 6723 8615 16985
33825 6723 8615 17116
33825 6723 8623 16984
33825 6723 8623 18165
33825 6723 8629 16985
33825 6723 8629 19883
33825 6723 9109 19401
33825 6723 9109 19518
33825 6723 9789 17866
33825 6723 9789 19911
33825 6723 9879 17787
33825 6723 9879 17806
33825 6723 9973 17806
33825 6723 9973 18782
33825 6723 10047 17866
33825 6723 10180 17116
33825 6723 10180 19518
33825 6723 10302 18313
33825 6723 10302 19401
33825 6723 10389 16702
33825 6723 10389 19321
33825 6723 10494 19321
33825 6723 10494 19333
33825 6723 11238 16984
33825 6723 11238 19518
33825 6723 11357 19333
33825 6723 11692 17787
33825 6723 12126 18165
33825 6723 12126 18313
33825 6723 12126 19671
33825 6723 12126 19883
33825 6723 12204 19547
33825 6723 12204 19671
33825 6723 12215 19518
33825 6723 12215 19547
33825 6723 12260 19706
33825 6732 8536 18818
33825 6732 8536 19878
33825 6732 8629 16959
33825 6732 8629 19878
33825 6732 9118 16774
33825 6732 9118 19510
33825 6732 9879 16846
33825 6732 9879 17790
33825 6732 9978 17790
33825 6732 9978 18770
33825 6732 10046 19398
33825 6732 10046 19671
33825 6732 10179 19510
33825 6732 10179 19671
33825 6732 10218 19710
33825 6732 10292 16778
33825 6732 10483 18267
33825 6732 10483 19338
33825 6732 11173 18267
33825 6732 11175 17139
33825 6732 11175 18271
33825 6732 11175 18770
33825 6732 11175 19710
33825 6732 11671 16959
33825 6732 11671 18046
33825 6732 11684 17139
33825 6732 11684 17790
33825 6732 11721 16858
33825 6732 11721 17790
33825 6732 12115 19671
33825 6732 12115 19878
33825 6732 12206 18170
33825 6732 12206 19671
33825 6732 12222 19543
33825 6732 12222 19878
33825 6732 12264 18271
33825 6733 8538 17107
33825 6733 8538 18819
33825 6733 8682 18014
33825 6733 8682 18771
33825 6733 9125 18014
33825 6733 9125 19698
33825 6733 9135 18011
33825 6733 9135 19318
33825 6733 9976 17791
33825 6733 9976 17795
33825 6733 9976 18771
33825 6733 9976 18863
33825 6733 10186 16958
33825 6733 10186 17107
33825 6733 10186 19506
33825 6733 10186 19679
33825 6733 10293 19918
33825 6733 10388 19318
33825 6733 11235 19543
33825 6733 11256 18819
33825 6733 11316 17795
33825 6733 11412 19402
33825 6733 11423 18314
33825 6733 11446 18863
33825 6733 11669 16958
33825 6733 11686 17791
33825 6733 11686 18014
33825 6733 12115 18314
33825 6733 12115 19883
33825 6733 12196 19679
33825 6733 12213 19506
33825 6733 12213 19543
33825 6733 12213 19883
33825 6733 12213 19918
33825 6733 12265 18014
33825 6733 12265 19959
33825 6755 8613 17017
33825 6755 8613 17116
33825 6755 8613 19803
33825 6755 8613 19966
33825 6755 9085 16807
33825 6755 9133 16887
33825 6755 9133 18133
33825 6755 9133 19288
33825 6755 9133 19578
33825 6755 9757 16887
33825 6755 9941 17790
33825 6755 10148 17116
33825 6755 10148 17790
33825 6755 10148 19292
33825 6755 10148 19710
33825 6755 10150 19288
33825 6755 10421 16846
33825 6755 10421 19292
33825 6755 10460 16807
33825 6755 10460 19803
33825 6755 11069 18373
33825 6755 11069 19671
33825 6755 11206 19710
33825 6755 11247 19578
33825 6755 11247 19671
33825 6755 11669 16846
33825 6755 11686 17882
33825 6755 11694 17017
33825 6755 11750 18108
33825 6755 12156 18313
33825 6755 12156 19671
33825 6755 12196 19966
33825 6755 12206 18133
33825 6755 12206 19671
33825 6755 12231 18108
33825 6755 12231 19483
33825 6756 8598 17023
33825 6756 8621 17023
33825 6756 8621 17107
33825 6756 8648 16922
33825 6756 8648 18867
33825 6756 9082 18135
33825 6756 9082 19702
33825 6756 9135 16882
33825 6756 9135 18135
33825 6756 9788 18878
33825 6756 9791 16802
33825 6756 9791 17878
33825 6756 9791 18867
33825 6756 9791 19911
33825 6756 10141 16922
33825 6756 10211 19483
33825 6756 10431 19911
33825 6756 10457 16802
33825 6756 10457 18267
33825 6756 10457 19367
33825 6756 10457 19806
33825 6756 11235 18715
33825 6756 11235 18878
33825 6756 11235 19582
33825 6756 11235 19675
33825 6756 11384 17878
33825 6756 11414 18378
33825 6756 11423 19367
33825 6756 11446 18715
33825 6756 12153 18135
33825 6756 12153 19675
33825 6756 12198 19806
33825 6756 12204 18135
33825 6756 12204 19582
33825 6756 12233 18267
33825 6756 12233 19483
33825 6761 8623 17107
33825 6761 8623 19794
33825 6761 8646 18011
33825 6761 8646 18867
33825 6761 9087 16803
33825 6761 9087 19698
33825 6761 9127 18138
33825 6761 9127 19283
33825 6761 9756 16886
33825 6761 9756 19855
33825 6761 9759 17842
33825 6761 9759 19843
33825 6761 9789 18878
33825 6761 9789 19911
33825 6761 9790 16803
33825 6761 9790 18867
33825 6761 9943 17786
33825 6761 9943 19843
33825 6761 10141 16927
33825 6761 10141 17831
33825 6761 10143 17826
33825 6761 10143 19475
33825 6761 10156 17791
33825 6761 10156 19287
33825 6761 10158 17107
33825 6761 10158 19283
33825 6761 10214 17883
33825 6761 10214 19475
33825 6761 10431 19283
33825 6761 10431 19906
33825 6761 10454 16803
33825 6761 10454 18267
33825 6761 11063 17107
33825 6761 11063 18378
33825 6761 11247 18867
33825 6761 11247 19570
33825 6761 11285 18310
33825 6761 11285 18878
33825 6761 11287 18867
33825 6761 11287 19338
33825 6761 11412 17791
33825 6761 11412 18710
33825 6761 11421 19367
33825 6761 11446 18891
33825 6761 11446 19283
33825 6761 11453 18710
33825 6761 11453 19287
33825 6761 11573 16846
33825 6761 11573 17831
33825 6761 11574 16843
33825 6761 11574 17107
33825 6761 11671 16803
33825 6761 11671 16922
33825 6761 11676 16846
33825 6761 11676 16927
33825 6761 11684 16886
33825 6761 11684 18014
33825 6761 11692 17023
33825 6761 12052 18310
33825 6761 12052 19911
33825 6761 12053 18110
33825 6761 12150 19675
33825 6761 12150 19843
33825 6761 12196 18422
33825 6761 12213 18014
33825 6761 12213 19855
33825 6761 12222 19475
33825 6761 12222 19843
33825 6761 12231 19475
33825 6761 12231 19962
33825 6766 8615 17116
33825 6766 8615 19955
33825 6766 8649 18012
33825 6766 9125 18136
33825 6766 9125 19574
33825 6766 9178 19368
33825 6766 9944 17827
33825 6766 9944 19850
33825 6766 10218 17879
33825 6766 10218 19574
33825 6766 10262 18373
33825 6766 10451 16806
33825 6766 10451 19368
33825 6766 11063 17116
33825 6766 11235 18710
33825 6766 11235 19574
33825 6766 11285 18313
33825 6766 11574 17827
33825 6766 12054 19706
33825 6766 12055 18108
33825 6766 12147 18136
33825 6766 12147 18313
33825 6766 12147 19671
33825 6766 12147 19846
33825 6766 12198 18268
33825 6766 12204 19574
33825 6766 12204 19671
33825 6766 12215 18012
33825 6766 12215 18373
33825 6766 12215 19475
33825 6766 12215 19850
33825 6766 12220 19846
33825 6766 12233 18108
33825 6766 12233 18268
33825 6766 12233 19475
33825 6766 12233 19955
33825 6770 8598 17116
33825 6770 8598 19883
33825 6770 8605 17945
33825 6770 8605 19878
33825 6770 9133 17945
33825 6770 9133 19638
33825 6770 9156 16858
33825 6770 9156 19679
33825 6770 9788 17867
33825 6770 9788 19883
33825 6770 9975 16746
33825 6770 10045 19397
33825 6770 10045 19642
33825 6770 10238 17077
33825 6770 10238 19397
33825 6770 10271 19397
33825 6770 10271 19883
33825 6770 10460 16747
33825 6770 10460 19397
33825 6770 11039 19611
33825 6770 11173 18328
33825 6770 11678 17770
33825 6770 11678 17945
33825 6770 11694 17077
33825 6770 11694 17977
33825 6770 11719 16703
33825 6770 11719 17116
33825 6770 12140 18328
33825 6770 12140 18357
33825 6770 12140 19611
33825 6770 12140 19638
33825 6770 12206 17945
33825 6770 12206 18357
33825 6770 12213 18284
33825 6770 12213 19883
33825 6770 12230 19679
33825 6773 8553 17075
33825 6773 8553 18170
33825 6773 9127 17947
33825 6773 9127 19615
33825 6773 9149 19367
33825 6773 9149 19518
33825 6773 9162 19671
33825 6773 9162 19698
33825 6773 9757 16887
33825 6773 9757 17863
33825 6773 9976 19743
33825 6773 10046 19398
33825 6773 10046 19671
33825 6773 10195 19514
33825 6773 10195 19615
33825 6773 10201 17863
33825 6773 10201 19518
33825 6773 10268 18335
33825 6773 10268 19398
33825 6773 11036 18863
33825 6773 11036 19615
33825 6773 11069 19646
33825 6773 11069 19671
33825 6773 11181 16922
33825 6773 11181 19518
33825 6773 11514 18358
33825 6773 11694 17075
33825 6773 12136 19615
33825 6773 12136 19634
33825 6773 12204 17947
33825 6773 12204 18358
33825 6773 12204 19634
33825 6773 12204 19743
33825 6773 12215 19706
33825 6773 12233 19518
33825 6773 12233 19671
33825 6777 8557 18871
33825 6777 8598 17114
33825 6777 8598 17947
33825 6777 8598 18787
33825 6777 8598 19874
33825 6777 8605 18791
33825 6777 8605 19887
33825 6777 8639 18859
33825 6777 9135 17947
33825 6777 9140 16750
33825 6777 9140 19510
33825 6777 9143 19363
33825 6777 9156 19702
33825 6777 9757 16886
33825 6777 9757 19959
33825 6777 9758 19962
33825 6777 9788 18878
33825 6777 9788 19887
33825 6777 9791 17867
33825 6777 9886 17770
33825 6777 9975 19731
33825 6777 10047 19675
33825 6777 10093 17847
33825 6777 10093 19710
33825 6777 10094 17114
33825 6777 10198 17770
33825 6777 10198 17867
33825 6777 10198 19506
33825 6777 10198 19603
33825 6777 10204 17775
33825 6777 10204 19510
33825 6777 10238 19402
33825 6777 10262 16883
33825 6777 10262 18331
33825 6777 10262 19402
33825 6777 10262 19874
33825 6777 10428 16703
33825 6777 10428 19959
33825 6777 10431 16699
33825 6777 10460 16751
33825 6777 11029 18854
33825 6777 11029 19710
33825 6777 11063 17075
33825 6777 11183 18331
33825 6777 11253 19646
33825 6777 11316 17847
33825 6777 11316 18854
33825 6777 11318 17842
33825 6777 11318 18362
33825 6777 11318 18859
33825 6777 11318 19363
33825 6777 11479 18787
33825 6777 11509 18791
33825 6777 11509 18878
33825 6777 11669 16750
33825 6777 11669 17775
33825 6777 11686 16699
33825 6777 11686 17075
33825 6777 11686 17842
33825 6777 11686 17978
33825 6777 11716 16703
33825 6777 11716 16886
33825 6777 11719 16883
33825 6777 12135 19603
33825 6777 12206 18362
33825 6777 12222 17978
33825 6777 12230 19506
33825 6777 12230 19675
33825 6777 12230 19731
33825 6777 12230 19962
33825 6782 8553 17077
33825 6782 8553 18867
33825 6782 9125 17945
33825 6782 9125 17976
33825 6782 9125 19607
33825 6782 9125 19638
33825 6782 9976 17843
33825 6782 9976 18890
33825 6782 10089 17109
33825 6782 10089 17843
33825 6782 10233 17077
33825 6782 10233 19642
33825 6782 10261 19401
33825 6782 10422 19372
33825 6782 10422 19962
33825 6782 10451 19352
33825 6782 10451 19401
33825 6782 11062 17077
33825 6782 11062 19667
33825 6782 11175 18874
33825 6782 11317 17846
33825 6782 11317 18361
33825 6782 11319 17843
33825 6782 11319 19372
33825 6782 11514 18361
33825 6782 11514 18791
33825 6782 11669 17945
33825 6782 11686 17077
33825 6782 11686 17843
33825 6782 12131 18361
33825 6782 12131 19607
33825 6782 12204 18361
33825 6782 12204 19638
33825 6782 12220 17976
33825 6782 12233 19667
33825 6782 12233 19731
33825 6788 8552 18714
33825 6788 8646 16922
33825 6788 8646 18011
33825 6788 9178 16834
33825 6788 9178 18071
33825 6788 9178 19299
33825 6788 9178 19510
33825 6788 9193 18011
33825 6788 9823 16834
33825 6788 9823 17846
33825 6788 9978 17846
33825 6788 9978 18710
33825 6788 10063 19510
33825 6788 10195 17054
33825 6788 10195 19615
33825 6788 10214 19615
33825 6788 10214 19710
33825 6788 10460 16786
33825 6788 10460 19822
33825 6788 10489 19303
33825 6788 10489 19822
33825 6788 11107 18782
33825 6788 11107 19710
33825 6788 11357 17846
33825 6788 11357 18890
33825 6788 11512 17846
33825 6788 11512 19299
33825 6788 11514 18358
33825 6788 11514 19303
33825 6788 12099 18426
33825 6788 12099 19615
33825 6788 12115 19487
33825 6788 12115 19822
33825 6788 12150 19615
33825 6788 12150 19822
33825 6788 12156 18071
33825 6791 8552 18108
33825 6791 8693 16921
33825 6791 8693 18798
33825 6791 9033 19253
33825 6791 9173 16846
33825 6791 9173 19518
33825 6791 9823 17843
33825 6791 9823 19738
33825 6791 10060 17823
33825 6791 10060 19518
33825 6791 10334 18357
33825 6791 10457 19253
33825 6791 10457 19811
33825 6791 11116 16921
33825 6791 11242 18425
33825 6791 11242 19518
33825 6791 11352 17843
33825 6791 11594 17976
33825 6791 12101 17976
33825 6791 12101 18425
33825 6791 12101 19615
33825 6791 12101 19806
33825 6791 12126 18101
33825 6791 12126 18373
33825 6791 12126 19475
33825 6791 12126 19811
33825 6791 12131 19806
33825 6791 12136 19706
33825 6791 12147 19518
33825 6791 12147 19615
33825 6791 12153 18373
33825 6791 12232 18101
33825 6791 12233 18108
33825 6791 12233 18357
33825 6791 12233 19475
33825 6791 12233 19738
33825 6797 8553 17150
33825 6797 8553 19803
33825 6797 9173 16843
33825 6797 9173 18078
33825 6797 9193 16887
33825 6797 9193 19698
33825 6797 9818 17843
33825 6797 9941 16795
33825 6797 9941 17822
33825 6797 9976 17775
33825 6797 9976 17843
33825 6797 10058 17150
33825 6797 10058 19506
33825 6797 10223 19258
33825 6797 10223 19607
33825 6797 10451 16795
33825 6797 10451 18374
33825 6797 10451 19258
33825 6797 10451 19815
33825 6797 10483 16843
33825 6797 11112 18362
33825 6797 11206 17150
33825 6797 11206 19487
33825 6797 11587 16887
33825 6797 11587 17979
33825 6797 11749 17150
33825 6797 11749 17822
33825 6797 11750 17139
33825 6797 11750 18078
33825 6797 12101 19607
33825 6797 12101 19803
33825 6797 12116 18374
33825 6797 12116 19487
33825 6797 12147 17979
33825 6797 12153 19506
33825 6797 12153 19815
33825 6798 8524 17048
33825 6798 8553 18108
33825 6798 8647 18012
33825 6798 8647 19731
33825 6798 8648 16924
33825 6798 8695 18108
33825 6798 8696 18101
33825 6798 8696 18794
33825 6798 9178 16839
33825 6798 9178 19304
33825 6798 9189 18009
33825 6798 9189 19702
33825 6798 9818 16839
33825 6798 9818 17846
33825 6798 9818 18791
33825 6798 9818 19734
33825 6798 9941 18886
33825 6798 9946 16791
33825 6798 9946 18887
33825 6798 9976 18714
33825 6798 10057 17141
33825 6798 10057 17811
33825 6798 10057 19292
33825 6798 10057 19514
33825 6798 10201 17045
33825 6798 10201 19308
33825 6798 10204 19304
33825 6798 10218 19257
33825 6798 10454 18373
33825 6798 10454 19818
33825 6798 10483 16839
33825 6798 10483 19304
33825 6798 11096 19475
33825 6798 11111 16924
33825 6798 11203 17144
33825 6798 11203 18710
33825 6798 11206 19475
33825 6798 11235 17048
33825 6798 11238 17045
33825 6798 11238 18421
33825 6798 11354 18710
33825 6798 11354 18887
33825 6798 11386 18886
33825 6798 11509 17846
33825 6798 11509 18361
33825 6798 11509 18791
33825 6798 11509 19304
33825 6798 11511 18794
33825 6798 11511 19308
33825 6798 11587 16791
33825 6798 11587 16886
33825 6798 11635 16839
33825 6798 11749 16886
33825 6798 11749 17144
33825 6798 11750 16883
33825 6798 11750 17141
33825 6798 11750 17811
33825 6798 11750 18069
33825 6798 12099 17976
33825 6798 12099 19607
33825 6798 12121 18108
33825 6798 12121 19475
33825 6798 12135 18012
33825 6798 12135 18421
33825 6798 12140 19799
33825 6798 12150 18284
33825 6798 12230 18101
33825 6798 12230 19731
33825 6798 12231 18108
33825 6798 12231 19475
33825 6805 8552 19734
33825 6805 8649 16958
33825 6805 9085 16771
33825 6805 9159 19487
33825 6805 9853 16851
33825 6805 9853 16887
33825 6805 9853 17795
33825 6805 9853 17831
33825 6805 10094 19283
33825 6805 10094 19318
33825 6805 10094 19479
33825 6805 10094 19506
33825 6805 10334 16851
33825 6805 10334 18310
33825 6805 10494 16771
33825 6805 10494 19283
33825 6805 11075 16958
33825 6805 11075 18267
33825 6805 11256 18310
33825 6805 11256 19570
33825 6805 11480 19318
33825 6805 11482 17831
33825 6805 11482 18310
33825 6805 11619 17946
33825 6805 11641 17795
33825 6805 11721 17114
33825 6805 11722 16887
33825 6805 12135 17946
33825 6805 12135 19771
33825 6805 12156 18310
33825 6805 12156 19887
33825 6805 12264 19487
33825 6805 12264 19506
33825 6805 12264 19734
33825 6805 12264 19771
33825 6805 12265 19479
33825 6807 8538 17144
33825 6807 8648 17109
33825 6807 8648 19962
33825 6807 8677 16953
33825 6807 8677 17144
33825 6807 9032 19292
33825 6807 9032 19539
33825 6807 9161 16698
33825 6807 9855 16858
33825 6807 9855 17827
33825 6807 10094 19292
33825 6807 10094 19514
33825 6807 10238 17827
33825 6807 10238 19372
33825 6807 10494 16803
33825 6807 10494 19292
33825 6807 11258 18313
33825 6807 11258 18344
33825 6807 11258 19551
33825 6807 11258 19582
33825 6807 11480 17827
33825 6807 11480 19292
33825 6807 11482 18344
33825 6807 11596 16703
33825 6807 11596 17944
33825 6807 11609 17109
33825 6807 11609 17827
33825 6807 11626 17790
33825 6807 11626 17944
33825 6807 12101 17944
33825 6807 12101 19551
33825 6807 12110 19539
33825 6807 12110 19731
33825 6807 12131 17944
33825 6807 12131 19582
33825 6807 12147 18313
33825 6812 8538 17107
33825 6812 8538 17150
33825 6812 8648 16959
33825 6812 8677 16959
33825 6812 8682 17139
33825 6812 8682 19775
33825 6812 9038 19547
33825 6812 9038 19574
33825 6812 9156 19475
33825 6812 9188 16702
33825 6812 9188 19667
33825 6812 9193 19518
33825 6812 9848 17807
33825 6812 9848 17826
33825 6812 9946 17790
33825 6812 9975 17790
33825 6812 9976 16806
33825 6812 9976 17791
33825 6812 10090 19475
33825 6812 10090 19518
33825 6812 10195 19574
33825 6812 10227 19367
33825 6812 10227 19543
33825 6812 10238 19547
33825 6812 10324 19363
33825 6812 10329 16858
33825 6812 10329 19367
33825 6812 10361 19363
33825 6812 10483 19287
33825 6812 10483 19322
33825 6812 11077 18267
33825 6812 11077 19483
33825 6812 11082 19475
33825 6812 11111 19518
33825 6812 11253 19547
33825 6812 11253 19574
33825 6812 11477 18770
33825 6812 11587 16699
33825 6812 11609 16778
33825 6812 11626 16702
33825 6812 11626 17791
33825 6812 11635 16806
33825 6812 11635 18135
33825 6812 11716 16858
33825 6812 11716 17139
33825 6812 11719 16883
33825 6812 12101 17947
33825 6812 12101 18271
33825 6812 12101 19547
33825 6812 12101 19743
33825 6812 12110 18267
33825 6812 12110 19543
33825 6812 12116 18135
33825 6812 12116 19667
33825 6812 12126 18138
33825 6812 12126 18347
33825 6812 12126 19671
33825 6812 12126 19878
33825 6812 12136 17947
33825 6812 12136 18271
33825 6812 12136 19574
33825 6812 12136 19762
33825 6812 12147 18167
33825 6812 12147 18310
33825 6812 12147 19671
33825 6812 12147 19878
33825 6812 12260 19475
33825 6812 12260 19518
33825 6812 12261 19483
33825 6812 12261 19775
33825 6814 8536 17116
33825 6814 8536 18133
33825 6814 8649 19738
33825 6814 9032 19578
33825 6814 9162 16887
33825 6814 9162 19671
33825 6814 9189 19510
33825 6814 9189 19671
33825 6814 9850 16887
33825 6814 9850 17830
33825 6814 9978 16807
33825 6814 9978 19878
33825 6814 10090 19321
33825 6814 10090 19510
33825 6814 10483 16774
33825 6814 10483 16807
33825 6814 10483 19288
33825 6814 10483 19321
33825 6814 11255 18348
33825 6814 11255 19578
33825 6814 11477 18313
33825 6814 11477 19288
33825 6814 11479 17795
33825 6814 11589 16984
33825 6814 11589 17945
33825 6814 11603 16774
33825 6814 11603 17830
33825 6814 11638 17795
33825 6814 11638 18133
33825 6814 12115 19671
33825 6814 12115 19878
33825 6814 12121 18348
33825 6814 12121 19667
33825 6814 12140 17945
33825 6814 12156 18313
33825 6814 12156 19671
33825 6866 8623 17077
33825 6866 8623 18710
33825 6866 8646 18815
33825 6866 8646 19803
33825 6866 9069 19510
33825 6866 9127 18108
33825 6866 9127 19615
33825 6866 9156 19578
33825 6866 9156 19615
33825 6866 9823 17846
33825 6866 9879 18863
33825 6866 10141 17017
33825 6866 10158 17077
33825 6866 10158 17846
33825 6866 10158 19253
33825 6866 10158 19510
33825 6866 10431 19253
33825 6866 10431 19288
33825 6866 10431 19766
33825 6866 10431 19803
33825 6866 11063 17017
33825 6866 11063 18348
33825 6866 11063 18863
33825 6866 11063 19578
33825 6866 11111 18815
33825 6866 11285 19288
33825 6866 11357 18373
33825 6866 11421 17866
33825 6866 11423 18710
33825 6866 12053 18348
33825 6866 12053 19615
33825 6866 12150 17976
33825 6866 12150 19615
33825 6866 12156 18373
33825 6866 12156 19611
33825 6866 12206 19766
33825 6867 8613 17084
33825 6867 8613 19771
33825 6867 8647 17084
33825 6867 8647 18811
33825 6867 9125 19483
33825 6867 9150 17977
33825 6867 9821 18794
33825 6867 9911 17867
33825 6867 9911 19771
33825 6867 10150 17084
33825 6867 10150 19514
33825 6867 10180 17084
33825 6867 10180 19292
33825 6867 10262 18344
33825 6867 10262 19822
33825 6867 10428 19253
33825 6867 10428 19771
33825 6867 11062 18344
33825 6867 11062 19582
33825 6867 11103 18890
33825 6867 11103 19479
33825 6867 11284 18328
33825 6867 11284 19292
33825 6867 11316 17770
33825 6867 11316 18344
33825 6867 11389 18791
33825 6867 11389 19253
33825 6867 12052 18012
33825 6867 12052 18344
33825 6867 12135 17977
33825 6867 12135 18012
33825 6867 12135 19483
33825 6867 12135 19582
33825 6867 12140 19479
33825 6867 12206 18069
33825 6867 12206 19771
33825 6868 8598 16927
33825 6868 8598 17018
33825 6868 8605 17023
33825 6868 8605 18890
33825 6868 8621 17075
33825 6868 8648 17075
33825 6868 9065 19518
33825 6868 9065 19547
33825 6868 9135 19475
33825 6868 9161 18011
33825 6868 9161 19611
33825 6868 9162 19574
33825 6868 9788 17831
33825 6868 9788 18798
33825 6868 9791 17846
33825 6868 9818 17846
33825 6868 9916 17826
33825 6868 9916 17863
33825 6868 10134 17023
33825 6868 10134 19487
33825 6868 10143 19475
33825 6868 10143 19574
33825 6868 10150 19518
33825 6868 10179 19547
33825 6868 10268 19303
33825 6868 10271 19299
33825 6868 10271 19815
33825 6868 10361 19303
33825 6868 10431 19254
33825 6868 10431 19283
33825 6868 11069 19574
33825 6868 11096 19475
33825 6868 11107 19518
33825 6868 11107 19547
33825 6868 11112 18806
33825 6868 11112 19539
33825 6868 11286 18335
33825 6868 11286 18798
33825 6868 11318 18859
33825 6868 11352 18890
33825 6868 11352 19299
33825 6868 11386 18787
33825 6868 11421 18714
33825 6868 11423 17831
33825 6868 11423 18806
33825 6868 11609 16834
33825 6868 12054 18014
33825 6868 12054 18351
33825 6868 12054 19615
33825 6868 12054 19822
33825 6868 12131 18011
33825 6868 12131 19487
33825 6868 12136 19475
33825 6868 12136 19574
33825 6868 12147 17979
33825 6868 12147 18378
33825 6868 12147 19615
33825 6868 12147 19822
33825 6868 12153 19611
33825 6868 12153 19815
33825 6868 12204 18071
33825 6868 12204 18331
33825 6868 12204 19518
33825 6868 12204 19762
33825 6868 12232 18335
33825 6868 12232 19539
33825 6868 12233 18071
33825 6868 12233 18331
33825 6868 12233 19547
33825 6868 12233 19799
33825 6869 8599 18891
33825 6869 8615 17082
33825 6869 8615 18078
33825 6869 8615 18715
33825 6869 8615 19775
33825 6869 9066 19254
33825 6869 9066 19543
33825 6869 9133 17978
33825 6869 9789 17827
33825 6869 9789 17847
33825 6869 9816 17862
33825 6869 9816 18715
33825 6869 9918 17827
33825 6869 10158 19254
33825 6869 10158 19506
33825 6869 10179 17082
33825 6869 10179 19551
33825 6869 10428 19254
33825 6869 10428 19803
33825 6869 11068 18863
33825 6869 11068 19570
33825 6869 11096 18374
33825 6869 11096 18891
33825 6869 11319 18347
33825 6869 11319 18863
33825 6869 11354 18374
33825 6869 11354 19299
33825 6869 11384 17862
33825 6869 11384 19254
33825 6869 12055 18347
33825 6869 12204 19506
33825 6869 12204 19775
33825 6869 12232 19551
33825 6869 12232 19803
33825 6869 12233 18078
33825 6869 12233 19543
33825 6882 8623 16984
33825 6882 8623 18806
33825 6882 8629 17144
33825 6882 8629 17976
33825 6882 8693 16984
33825 6882 8693 17020
33825 6882 9069 19321
33825 6882 9069 19574
33825 6882 9823 16774
33825 6882 9823 17878
33825 6882 9879 17882
33825 6882 9879 19855
33825 6882 9884 17771
33825 6882 9884 17878
33825 6882 10094 19253
33825 6882 10094 19574
33825 6882 10148 17882
33825 6882 10292 18332
33825 6882 10292 19321
33825 6882 10399 19304
33825 6882 10399 19771
33825 6882 10428 19253
33825 6882 10428 19304
33825 6882 11183 17144
33825 6882 11183 19574
33825 6882 11286 17771
33825 6882 11623 17020
33825 6882 12054 19547
33825 6882 12054 19615
33825 6882 12101 17976
33825 6882 12101 18332
33825 6882 12101 19615
33825 6882 12101 19771
33825 6882 12126 19706
33825 6882 12204 19547
33825 6882 12204 19574
33825 6887 8613 16984
33825 6887 8613 17017
33825 6887 8613 18782
33825 6887 8613 18815
33825 6887 9065 18133
33825 6887 9065 19578
33825 6887 9788 18815
33825 6887 9788 19822
33825 6887 9916 17774
33825 6887 9916 18863
33825 6887 10156 16984
33825 6887 10156 19710
33825 6887 10302 19850
33825 6887 10431 18348
33825 6887 10431 19253
33825 6887 11036 18863
33825 6887 11036 19615
33825 6887 11082 19615
33825 6887 11082 19710
33825 6887 11183 19578
33825 6887 11285 17774
33825 6887 11285 18782
33825 6887 11512 17795
33825 6887 11512 18348
33825 6887 11514 18344
33825 6887 11514 19321
33825 6887 11609 17795
33825 6887 11626 17017
33825 6887 11626 17976
33825 6887 12053 19615
33825 6887 12053 19822
33825 6887 12099 17976
33825 6887 12099 19615
33825 6887 12115 18344
33825 6887 12206 18133
33825 6887 12206 19539
33825 6889 8623 18811
33825 6889 8629 17150
33825 6889 8629 19815
33825 6889 8630 17979
33825 6889 8693 16990
33825 6889 9069 18135
33825 6889 9119 17979
33825 6889 9143 16747
33825 6889 9143 18170
33825 6889 9143 19299
33825 6889 9143 19698
33825 6889 9149 16750
33825 6889 9149 18167
33825 6889 9789 17823
33825 6889 9789 19815
33825 6889 9790 18811
33825 6889 9823 17883
33825 6889 9879 17770
33825 6889 9879 17883
33825 6889 9879 19762
33825 6889 9879 19843
33825 6889 9884 17879
33825 6889 9884 19775
33825 6889 9918 16747
33825 6889 10060 17150
33825 6889 10060 17823
33825 6889 10063 19547
33825 6889 10093 17879
33825 6889 10093 19254
33825 6889 10094 17883
33825 6889 10150 17883
33825 6889 10238 19547
33825 6889 10303 16747
33825 6889 10324 19334
33825 6889 10388 19254
33825 6889 10388 19775
33825 6889 10422 18347
33825 6889 11036 18351
33825 6889 11036 18854
33825 6889 11039 18347
33825 6889 11084 18335
33825 6889 11175 17139
33825 6889 11175 18426
33825 6889 11175 18811
33825 6889 11175 19570
33825 6889 11284 18782
33825 6889 11284 18854
33825 6889 11318 18811
33825 6889 11509 18351
33825 6889 11509 18782
33825 6889 11511 17794
33825 6889 11511 18347
33825 6889 11511 18771
33825 6889 11511 19322
33825 6889 11573 16750
33825 6889 11573 16774
33825 6889 11574 16747
33825 6889 11604 16774
33825 6889 11604 18167
33825 6889 11623 16851
33825 6889 11623 17018
33825 6889 11623 17810
33825 6889 11623 17979
33825 6889 12055 19547
33825 6889 12055 19603
33825 6889 12055 19818
33825 6889 12055 19874
33825 6889 12110 17979
33825 6889 12126 18347
33825 6889 12198 19547
33825 6892 8613 17023
33825 6892 8613 18802
33825 6892 8696 17023
33825 6892 8696 19846
33825 6892 9140 16750
33825 6892 9140 19299
33825 6892 9150 16747
33825 6892 9150 19702
33825 6892 9818 16771
33825 6892 9818 17806
33825 6892 9911 16750
33825 6892 9911 18850
33825 6892 10058 17823
33825 6892 10058 19539
33825 6892 10158 19322
33825 6892 10293 16747
33825 6892 10388 19299
33825 6892 11082 18335
33825 6892 11082 19603
33825 6892 11175 18802
33825 6892 11175 19582
33825 6892 11575 16771
33825 6892 11575 17023
33825 6892 11609 17806
33825 6892 11609 18170
33825 6892 11626 17023
33825 6892 11626 17823
33825 6892 12052 19603
33825 6892 12104 17979
33825 6892 12104 18335
33825 6892 12115 18135
33825 6892 12115 19846
33825 6892 12196 18135
33825 6892 12196 18170
33825 6892 12196 19539
33825 6892 12196 19582
33825 6899 8543 18101
33825 6899 8615 16953
33825 6899 8623 16952
33825 6899 8623 18874
33825 6899 8629 19915
33825 6899 9038 19321
33825 6899 9038 19547
33825 6899 9085 16839
33825 6899 9085 19304
33825 6899 9118 18041
33825 6899 9118 19401
33825 6899 9133 16791
33825 6899 9133 18101
33825 6899 9189 19321
33825 6899 9189 19547
33825 6899 9853 16791
33825 6899 9879 19915
33825 6899 9909 17867
33825 6899 9909 18782
33825 6899 9918 17863
33825 6899 10148 17084
33825 6899 10148 17822
33825 6899 10214 19352
33825 6899 10214 19642
33825 6899 10262 18264
33825 6899 10262 19304
33825 6899 10293 19321
33825 6899 10334 18357
33825 6899 10334 19401
33825 6899 10358 19822
33825 6899 10364 16791
33825 6899 10398 18309
33825 6899 10398 18377
33825 6899 10398 19253
33825 6899 10398 19321
33825 6899 11030 16984
33825 6899 11030 18280
33825 6899 11030 18830
33825 6899 11030 19646
33825 6899 11101 18791
33825 6899 11181 18357
33825 6899 11181 18711
33825 6899 11183 18714
33825 6899 11284 18264
33825 6899 11284 18782
33825 6899 11316 17786
33825 6899 11316 18280
33825 6899 11316 18830
33825 6899 11316 19356
33825 6899 11357 18711
33825 6899 11357 18874
33825 6899 11391 18791
33825 6899 11573 16750
33825 6899 11573 18041
33825 6899 11574 18044
33825 6899 11589 16699
33825 6899 11589 17945
33825 6899 11638 16750
33825 6899 11638 16952
33825 6899 11676 16839
33825 6899 11676 17867
33825 6899 11692 16791
33825 6899 11692 18101
33825 6899 12055 19547
33825 6899 12116 19822
33825 6899 12126 18101
33825 6899 12220 18309
33825 6899 12220 18377
33825 6899 12220 19479
33825 6899 12220 19547
33825 6903 8536 18108
33825 6903 8536 19818
33825 6903 8629 16985
33825 6903 8629 18831
33825 6903 9032 19475
33825 6903 9080 18076
33825 6903 9080 19308
33825 6903 9109 16846
33825 6903 9109 19401
33825 6903 9125 19257
33825 6903 9135 19475
33825 6903 9193 19317
33825 6903 9756 16783
33825 6903 9756 18783
33825 6903 9759 16778
33825 6903 9850 16798
33825 6903 9884 16703
33825 6903 9884 17790
33825 6903 9884 18831
33825 6903 9884 19918
33825 6903 10044 17048
33825 6903 10046 17045
33825 6903 10046 19308
33825 6903 10158 17077
33825 6903 10158 17811
33825 6903 10158 19356
33825 6903 10158 19642
33825 6903 10211 16985
33825 6903 10271 16746
33825 6903 10271 18268
33825 6903 10303 19317
33825 6903 10329 18357
33825 6903 10329 19731
33825 6903 10355 19257
33825 6903 10361 18373
33825 6903 10398 18373
33825 6903 11036 16985
33825 6903 11036 18831
33825 6903 11098 18280
33825 6903 11098 19646
33825 6903 11285 18783
33825 6903 11285 18878
33825 6903 11317 18831
33825 6903 11354 18878
33825 6903 11354 19401
33825 6903 11384 17811
33825 6903 11384 18284
33825 6903 11384 18787
33825 6903 11384 19356
33825 6903 11594 16703
33825 6903 11594 16985
33825 6903 11594 17790
33825 6903 11594 17944
33825 6903 11641 16746
33825 6903 11641 17045
33825 6903 11676 16783
33825 6903 11676 16846
33825 6903 11692 16798
33825 6903 12053 18313
33825 6903 12053 19551
33825 6903 12099 19743
33825 6903 12104 18268
33825 6903 12104 19731
33825 6903 12121 18373
33825 6903 12121 19475
33825 6903 12222 18373
33825 6903 12222 19475
33825 6903 12264 18069
33825 6903 12265 18076
33825 6903 12265 18357
33825 6905 8541 18103
33825 6905 8541 18791
33825 6905 8613 16958
33825 6905 8613 18078
33825 6905 8621 16959
33825 6905 8621 18071
33825 6905 8621 18871
33825 6905 8621 19743
33825 6905 8639 17946
33825 6905 8677 17054
33825 6905 8677 18046
33825 6905 8677 18871
33825 6905 8677 19799
33825 6905 8678 18043
33825 6905 8678 19794
33825 6905 9039 19258
33825 6905 9085 16846
33825 6905 9085 18071
33825 6905 9085 19303
33825 6905 9085 19518
33825 6905 9108 16846
33825 6905 9108 18046
33825 6905 9108 19398
33825 6905 9108 19574
33825 6905 9127 16795
33825 6905 9127 19347
33825 6905 9133 18103
33825 6905 9133 19351
33825 6905 9188 19318
33825 6905 9188 19638
33825 6905 9757 16774
33825 6905 9757 17807
33825 6905 9757 18782
33825 6905 9757 19799
33825 6905 9758 16771
33825 6905 9758 19794
33825 6905 9855 19818
33825 6905 9886 18819
33825 6905 9886 19906
33825 6905 9911 17867
33825 6905 9911 19731
33825 6905 9916 16774
33825 6905 9916 17863
33825 6905 9916 18782
33825 6905 9916 19743
33825 6905 10044 17054
33825 6905 10044 17807
33825 6905 10044 19303
33825 6905 10044 19574
33825 6905 10046 17043
33825 6905 10046 17794
33825 6905 10134 17867
33825 6905 10134 19506
33825 6905 10141 16959
33825 6905 10141 17863
33825 6905 10141 19398
33825 6905 10141 19518
33825 6905 10158 17810
33825 6905 10158 19347
33825 6905 10223 17786
33825 6905 10268 16751
33825 6905 10268 18271
33825 6905 10268 19303
33825 6905 10268 19799
33825 6905 10303 18314
33825 6905 10324 16751
33825 6905 10324 18358
33825 6905 10324 19398
33825 6905 10324 19743
33825 6905 10358 18283
33825 6905 10358 19906
33825 6905 10364 16703
33825 6905 10364 18287
33825 6905 10388 18374
33825 6905 10388 19318
33825 6905 11036 16991
33825 6905 11036 18287
33825 6905 11077 16958
33825 6905 11077 19582
33825 6905 11084 16959
33825 6905 11084 18271
33825 6905 11084 18710
33825 6905 11084 19574
33825 6905 11103 17082
33825 6905 11173 17054
33825 6905 11173 18358
33825 6905 11173 18710
33825 6905 11173 19518
33825 6905 11175 17043
33825 6905 11175 18715
33825 6905 11285 18271
33825 6905 11285 18358
33825 6905 11285 18782
33825 6905 11285 18871
33825 6905 11319 18283
33825 6905 11319 18819
33825 6905 11357 18710
33825 6905 11357 18871
33825 6905 11357 19303
33825 6905 11357 19398
33825 6905 11389 18791
33825 6905 11389 19351
33825 6905 11444 17807
33825 6905 11444 17863
33825 6905 11444 18710
33825 6905 11444 18782
33825 6905 11446 17794
33825 6905 11446 18715
33825 6905 11572 16751
33825 6905 11572 16774
33825 6905 11572 18046
33825 6905 11572 18071
33825 6905 11575 16771
33825 6905 11575 18043
33825 6905 11596 16703
33825 6905 11596 16991
33825 6905 11644 16751
33825 6905 11644 16846
33825 6905 11644 16959
33825 6905 11644 17054
33825 6905 11669 16774
33825 6905 11669 16846
33825 6905 11669 17807
33825 6905 11669 17863
33825 6905 11686 16795
33825 6905 11686 17810
33825 6905 12054 19547
33825 6905 12054 19634
33825 6905 12101 18046
33825 6905 12101 18271
33825 6905 12101 19518
33825 6905 12101 19743
33825 6905 12110 19506
33825 6905 12110 19731
33825 6905 12116 18374
33825 6905 12116 19638
33825 6905 12126 19475
33825 6905 12126 19634
33825 6905 12215 19475
33825 6905 12215 19547
33825 6905 12260 18071
33825 6905 12260 18358
33825 6905 12260 19574
33825 6905 12260 19799
33825 6905 12261 18078
33825 6905 12261 19582
33825 6909 8538 17075
33825 6909 8538 18110
33825 6909 8538 18787
33825 6909 8538 19822
33825 6909 8639 19911
33825 6909 8681 19803
33825 6909 8682 18867
33825 6909 8682 19806
33825 6909 9033 19479
33825 6909 9080 19299
33825 6909 9080 19510
33825 6909 9119 19398
33825 6909 9119 19578
33825 6909 9125 16699
33825 6909 9135 17947
33825 6909 9192 19322
33825 6909 9192 19347
33825 6909 9192 19551
33825 6909 9192 19638
33825 6909 9848 17823
33825 6909 9848 18787
33825 6909 9877 16699
33825 6909 9877 19911
33825 6909 10132 19398
33825 6909 10132 19510
33825 6909 10143 19514
33825 6909 10148 17823
33825 6909 10218 16990
33825 6909 10261 18267
33825 6909 10261 19806
33825 6909 10293 18283
33825 6909 10293 19351
33825 6909 10323 16747
33825 6909 10323 18358
33825 6909 10355 16699
33825 6909 10355 19911
33825 6909 10388 18378
33825 6909 10388 19254
33825 6909 11030 16990
33825 6909 11075 18267
33825 6909 11075 19578
33825 6909 11082 19570
33825 6909 11096 18787
33825 6909 11284 18358
33825 6909 11284 18783
33825 6909 11318 17790
33825 6909 11318 18818
33825 6909 11354 18867
33825 6909 11354 19299
33825 6909 11386 17823
33825 6909 11386 18787
33825 6909 11444 17795
33825 6909 11446 17806
33825 6909 11446 18783
33825 6909 11587 16699
33825 6909 11635 16747
33825 6909 11635 16839
33825 6909 11669 16839
33825 6909 11669 17806
33825 6909 11686 16786
33825 6909 11686 17075
33825 6909 11686 17823
33825 6909 11686 18110
33825 6909 12052 18287
33825 6909 12052 18310
33825 6909 12052 19551
33825 6909 12052 19638
33825 6909 12115 17947
33825 6909 12121 19911
33825 6909 12213 19479
33825 6964 8678 18783
33825 6964 8678 18874
33825 6964 8678 19578
33825 6964 8678 19615
33825 6964 9082 19878
33825 6964 9085 16771
33825 6964 9085 18170
33825 6964 9085 19158
33825 6964 9085 19887
33825 6964 9544 18358
33825 6964 9544 19615
33825 6964 9581 18170
33825 6964 9581 19642
33825 6964 9677 18358
33825 6964 9677 19578
33825 6964 9715 19887
33825 6964 10058 19158
33825 6964 10195 18043
33825 6964 10204 17831
33825 6964 10211 18874
33825 6964 10602 16851
33825 6964 10602 18358
33825 6964 10735 18358
33825 6964 10735 19607
33825 6964 10841 17294
33825 6964 10841 17394
33825 6964 10876 17323
33825 6964 10876 18818
33825 6964 10963 17294
33825 6964 11480 18783
33825 6964 11514 16771
33825 6964 11514 17831
33825 6964 11514 18818
33825 6964 11514 19878
33825 6964 11641 17323
33825 6964 11750 19642
33825 6965 8536 17323
33825 6965 8536 19679
33825 6965 8648 19551
33825 6965 8648 19638
33825 6965 8681 18782
33825 6965 8681 19582
33825 6965 9193 18046
33825 6965 9193 19127
33825 6965 9545 18135
33825 6965 9545 18362
33825 6965 9545 19603
33825 6965 9545 19966
33825 6965 9580 19638
33825 6965 9580 19679
33825 6965 9677 19582
33825 6965 9677 19603
33825 6965 9715 19547
33825 6965 9850 17282
33825 6965 10094 18135
33825 6965 10568 19158
33825 6965 10568 19679
33825 6965 10574 19638
33825 6965 10574 19667
33825 6965 10723 18362
33825 6965 10723 19582
33825 6965 10972 17282
33825 6965 10972 18267
33825 6965 11357 19966
33825 6965 11512 16774
33825 6965 11512 17830
33825 6965 11644 17830
33825 6965 11644 19679
33825 6965 11719 19582
33825 6965 11719 19611
33825 6965 11754 19127
33825 6965 11754 19638
33825 6972 8647 18046
33825 6972 8647 19634
33825 6972 8682 18771
33825 6972 8682 19615
33825 6972 9033 16858
33825 6972 9192 19026
33825 6972 9550 18358
33825 6972 9550 19959
33825 6972 9576 19634
33825 6972 9672 18267
33825 6972 9672 18358
33825 6972 9672 19570
33825 6972 9672 19615
33825 6972 9716 18046
33825 6972 9716 18314
33825 6972 9850 16802
33825 6972 9850 17294
33825 6972 9973 17791
33825 6972 9973 18267
33825 6972 9975 17294
33825 6972 9975 17790
33825 6972 10595 16858
33825 6972 10595 19607
33825 6972 10712 16783
33825 6972 10712 19026
33825 6972 10836 17294
33825 6972 10836 19959
33825 6972 10969 17294
33825 6972 10969 18771
33825 6972 11479 16802
33825 6972 11479 17791
33825 6972 11514 16783
33825 6972 11514 18819
33825 6972 11635 19163
33825 6972 11719 17790
33825 6972 11719 19570
33825 6973 8538 17327
33825 6973 8543 18170
33825 6973 8543 19675
33825 6973 8646 19539
33825 6973 8677 18770
33825 6973 9032 18138
33825 6973 9032 19190
33825 6973 9039 16858
33825 6973 9039 18135
33825 6973 9080 18170
33825 6973 9080 19887
33825 6973 9087 16778
33825 6973 9087 19878
33825 6973 9193 18043
33825 6973 9193 19031
33825 6973 9551 18362
33825 6973 9577 18078
33825 6973 9577 18167
33825 6973 9577 19646
33825 6973 9577 19671
33825 6973 9672 19574
33825 6973 9716 19878
33825 6973 9823 16778
33825 6973 9855 16806
33825 6973 9855 16858
33825 6973 9976 16806
33825 6973 9976 17791
33825 6973 9978 16803
33825 6973 9978 17282
33825 6973 9978 17790
33825 6973 9978 18271
33825 6973 10089 18135
33825 6973 10089 18878
33825 6973 10090 17823
33825 6973 10090 18867
33825 6973 10198 18818
33825 6973 10198 19026
33825 6973 10201 17826
33825 6973 10214 17790
33825 6973 10214 18770
33825 6973 10218 17791
33825 6973 10218 18878
33825 6973 10563 19127
33825 6973 10563 19675
33825 6973 10565 19122
33825 6973 10565 19163
33825 6973 10565 19646
33825 6973 10565 19671
33825 6973 10595 18362
33825 6973 10709 19026
33825 6973 10709 19543
33825 6973 10712 16778
33825 6973 10724 19574
33825 6973 10836 19962
33825 6973 10867 19878
33825 6973 10870 18818
33825 6973 10870 19887
33825 6973 10966 17282
33825 6973 10966 18271
33825 6973 10966 18770
33825 6973 10966 19855
33825 6973 11477 17790
33825 6973 11477 18770
33825 6973 11512 16778
33825 6973 11512 19878
33825 6973 11587 19611
33825 6973 11638 17327
33825 6973 11721 17790
33825 6973 11753 19127
33825 6973 11753 19543
33825 6994 8524 19638
33825 6994 8524 19675
33825 6994 8623 18069
33825 6994 8623 19638
33825 6994 8677 19487
33825 6994 9038 16854
33825 6994 9038 19962
33825 6994 9127 16703
33825 6994 9127 19100
33825 6994 9501 18309
33825 6994 9501 19638
33825 6994 9638 19743
33825 6994 9716 18284
33825 6994 9716 19642
33825 6994 9726 17945
33825 6994 9726 19638
33825 6994 9757 17401
33825 6994 9877 17771
33825 6994 9879 16703
33825 6994 9941 18284
33825 6994 10559 16774
33825 6994 10559 18309
33825 6994 10559 19160
33825 6994 10559 19675
33825 6994 10735 16854
33825 6994 10935 17180
33825 6994 10935 17401
33825 6994 10935 19743
33825 6994 10935 19962
33825 6994 11423 16774
33825 6994 11479 17823
33825 6994 11669 19160
33825 6994 11686 17180
33825 6994 11686 17823
33825 6994 11686 19100
33825 6994 11686 19487
33825 6995 8621 19514
33825 6995 8630 17944
33825 6995 9039 16858
33825 6995 9039 19093
33825 6995 9133 19093
33825 6995 9133 19738
33825 6995 9500 18165
33825 6995 9500 18313
33825 6995 9638 18108
33825 6995 9638 19738
33825 6995 9700 19518
33825 6995 9711 17944
33825 6995 9711 18165
33825 6995 9711 19514
33825 6995 9711 19671
33825 6995 9756 17397
33825 6995 9756 18361
33825 6995 9788 17867
33825 6995 9788 18313
33825 6995 9973 16846
33825 6995 9973 17180
33825 6995 10558 18313
33825 6995 10558 19671
33825 6995 10711 16747
33825 6995 10711 19518
33825 6995 10782 18313
33825 6995 10782 19911
33825 6995 10932 17180
33825 6995 10932 19738
33825 6995 11455 17770
33825 6995 11455 19738
33825 6995 11477 16843
33825 6995 11596 17397
33825 6995 11596 19093
33825 6995 11694 19093
33825 6995 11694 19483
33825 7004 8521 18170
33825 7004 8521 19642
33825 7004 8522 19679
33825 7004 8615 19506
33825 7004 8681 19479
33825 7004 8681 19706
33825 7004 9032 19090
33825 7004 9109 16747
33825 7004 9109 19158
33825 7004 9118 18998
33825 7004 9118 19163
33825 7004 9125 19090
33825 7004 9502 18167
33825 7004 9502 18310
33825 7004 9502 19638
33825 7004 9502 19911
33825 7004 9544 18358
33825 7004 9544 19698
33825 7004 9545 18110
33825 7004 9545 18362
33825 7004 9545 19706
33825 7004 9545 19966
33825 7004 9636 18110
33825 7004 9636 18362
33825 7004 9636 19479
33825 7004 9636 19731
33825 7004 9699 18170
33825 7004 9699 19510
33825 7004 9704 19506
33825 7004 9704 19679
33825 7004 9715 17946
33825 7004 9715 18283
33825 7004 9715 19638
33825 7004 9715 19911
33825 7004 9721 19642
33825 7004 9721 19918
33825 7004 9758 16839
33825 7004 9758 18358
33825 7004 9790 16778
33825 7004 9877 16699
33825 7004 9879 16863
33825 7004 9879 17806
33825 7004 9944 16747
33825 7004 9944 17346
33825 7004 9978 16834
33825 7004 10201 18787
33825 7004 10549 19679
33825 7004 10712 19506
33825 7004 10723 19479
33825 7004 10723 19706
33825 7004 10728 16863
33825 7004 10728 19698
33825 7004 10772 17358
33825 7004 10775 17346
33825 7004 10775 19918
33825 7004 10935 17183
33825 7004 10935 17394
33825 7004 11001 17358
33825 7004 11316 16839
33825 7004 11316 17806
33825 7004 11319 17823
33825 7004 11444 17774
33825 7004 11444 17795
33825 7004 11482 17823
33825 7004 11587 19706
33825 7004 11671 19506
33825 7004 11671 19679
33825 7004 11678 19158
33825 7004 11678 19510
33825 7004 11694 19479
33825 7005 8613 17947
33825 7005 8682 17183
33825 7005 8682 19710
33825 7005 9119 16746
33825 7005 9135 16698
33825 7005 9135 18103
33825 7005 9135 19099
33825 7005 9135 19734
33825 7005 9503 18314
33825 7005 9544 19702
33825 7005 9544 19962
33825 7005 9545 18103
33825 7005 9545 19710
33825 7005 9636 19475
33825 7005 9636 19734
33825 7005 9791 16774
33825 7005 9791 18314
33825 7005 9946 17346
33825 7005 9946 18287
33825 7005 9976 17183
33825 7005 9976 17775
33825 7005 10548 16774
33825 7005 10548 19667
33825 7005 10712 16746
33825 7005 10712 18287
33825 7005 10932 17183
33825 7005 10932 19962
33825 7005 11317 17794
33825 7005 11317 17822
33825 7005 11446 17794
33825 7005 11480 16698
33825 7005 11480 17775
33825 7005 11587 19099
33825 7005 11587 19702
33825 7005 11686 17183
33825 7005 11686 19475
33825 7010 8677 17368
33825 7010 8677 19679
33825 7010 9085 19157
33825 7010 9085 19193
33825 7010 9127 16863
33825 7010 9127 19193
33825 7010 9149 17945
33825 7010 9149 19033
33825 7010 9502 19638
33825 7010 9502 19706
33825 7010 9636 19679
33825 7010 9636 19706
33825 7010 9677 17945
33825 7010 9677 18357
33825 7010 9677 19638
33825 7010 9677 19738
33825 7010 9686 19547
33825 7010 9758 17866
33825 7010 10223 19157
33825 7010 10663 19033
33825 7010 10663 19679
33825 7010 10812 17368
33825 7010 10812 18357
33825 7010 10903 17353
33825 7010 10903 19738
33825 7010 10932 17180
33825 7010 10932 17353
33825 7010 11412 17791
33825 7010 11412 17866
33825 7010 11423 17787
33825 7010 11423 19878
33825 7010 11479 17791
33825 7010 11479 18863
33825 7010 11692 17787
33825 7010 11750 17180
33825 7010 11750 19679
33825 7012 8630 18890
33825 7012 8630 19551
33825 7012 8636 17346
33825 7012 8636 18887
33825 7012 9080 19158
33825 7012 9080 19887
33825 7012 9133 16851
33825 7012 9133 19158
33825 7012 9500 19634
33825 7012 9644 18011
33825 7012 9644 18046
33825 7012 9644 19671
33825 7012 9644 19698
33825 7012 9672 17946
33825 7012 9672 18358
33825 7012 9683 18046
33825 7012 9683 19887
33825 7012 10047 18850
33825 7012 10047 19158
33825 7012 10201 17831
33825 7012 10201 18011
33825 7012 10218 17846
33825 7012 10218 19158
33825 7012 10671 16851
33825 7012 10671 19671
33825 7012 10698 18358
33825 7012 10698 19634
33825 7012 10813 18890
33825 7012 10908 17346
33825 7012 11455 16771
33825 7012 11455 18887
33825 7012 11482 17831
33825 7012 11482 18850
33825 7012 11686 17371
33825 7012 11722 17846
33825 7012 11722 19698
33825 7017 8599 17946
33825 7017 8629 18014
33825 7017 8629 18887
33825 7017 8639 17346
33825 7017 8639 18011
33825 7017 8639 18890
33825 7017 8639 19539
33825 7017 8677 18046
33825 7017 9085 19191
33825 7017 9127 16858
33825 7017 9149 19031
33825 7017 9149 19918
33825 7017 9150 17946
33825 7017 9503 19634
33825 7017 9503 19706
33825 7017 9503 19843
33825 7017 9503 19915
33825 7017 9646 19706
33825 7017 9670 17946
33825 7017 9686 18314
33825 7017 9756 16783
33825 7017 9756 16887
33825 7017 9790 16858
33825 7017 9853 16887
33825 7017 9853 18310
33825 7017 9855 16882
33825 7017 9855 17371
33825 7017 9855 17827
33825 7017 9855 18314
33825 7017 10045 18863
33825 7017 10045 18887
33825 7017 10046 18890
33825 7017 10204 18014
33825 7017 10204 18863
33825 7017 10223 17843
33825 7017 10223 17946
33825 7017 10223 18802
33825 7017 10223 19163
33825 7017 10516 16783
33825 7017 10516 18310
33825 7017 10519 18314
33825 7017 10671 16858
33825 7017 10671 18267
33825 7017 10671 19026
33825 7017 10671 19667
33825 7017 10692 18358
33825 7017 10807 18890
33825 7017 10908 17183
33825 7017 10908 19734
33825 7017 10942 18314
33825 7017 10972 17327
33825 7017 11317 17846
33825 7017 11317 19918
33825 7017 11318 16858
33825 7017 11412 17790
33825 7017 11412 19734
33825 7017 11423 17786
33825 7017 11423 17867
33825 7017 11423 19731
33825 7017 11423 19874
33825 7017 11446 18890
33825 7017 11479 17786
33825 7017 11638 19706
33825 7017 11694 17786
33825 7017 11716 17846
33825 7017 11716 19031
33825 7017 11719 19706
33825 7017 11749 17183
33825 7017 11749 17790
33825 7017 11750 17786
33825 7023 8681 18044
33825 7023 8681 19675
33825 7023 9133 16854
33825 7023 9133 16887
33825 7023 9133 19160
33825 7023 9133 19193
33825 7023 9501 19638
33825 7023 9501 19911
33825 7023 9638 18044
33825 7023 9638 19698
33825 7023 9667 17945
33825 7023 9667 19638
33825 7023 9683 18313
33825 7023 9757 16887
33825 7023 9757 17863
33825 7023 9848 17826
33825 7023 9848 18309
33825 7023 9850 17368
33825 7023 9850 18313
33825 7023 10201 17826
33825 7023 10218 17945
33825 7023 10218 19160
33825 7023 10516 16774
33825 7023 10516 19638
33825 7023 10663 19675
33825 7023 10698 19543
33825 7023 10698 19638
33825 7023 10806 19883
33825 7023 10935 17180
33825 7023 10935 18309
33825 7023 11316 16854
33825 7023 11316 19911
33825 7023 11444 16774
33825 7023 11444 17863
33825 7023 11684 19193
33825 7023 11684 19543
33825 7027 8557 17368
33825 7027 8557 19706
33825 7027 8598 17256
33825 7027 8598 18136
33825 7027 8613 18076
33825 7027 8613 18878
33825 7027 8646 17368
33825 7027 8646 19706
33825 7027 8693 17353
33825 7027 8693 18798
33825 7027 9127 16795
33825 7027 9127 18969
33825 7027 9135 18968
33825 7027 9149 19818
33825 7027 9175 18076
33825 7027 9503 19706
33825 7027 9652 18280
33825 7027 9652 18348
33825 7027 9652 19518
33825 7027 9652 19706
33825 7027 9686 18076
33825 7027 9692 19911
33825 7027 9756 16887
33825 7027 9756 18425
33825 7027 9788 16807
33825 7027 9788 17333
33825 7027 9788 17883
33825 7027 9788 18377
33825 7027 9941 16702
33825 7027 9941 16795
33825 7027 9975 16846
33825 7027 10045 18136
33825 7027 10045 18887
33825 7027 10046 18133
33825 7027 10132 17770
33825 7027 10132 18798
33825 7027 10148 18076
33825 7027 10148 18878
33825 7027 10189 17976
33825 7027 10189 18714
33825 7027 10238 18887
33825 7027 10238 18969
33825 7027 10526 16807
33825 7027 10526 18377
33825 7027 10526 19193
33825 7027 10526 19607
33825 7027 10661 16702
33825 7027 10661 18332
33825 7027 10663 16699
33825 7027 10709 16846
33825 7027 10782 17353
33825 7027 10782 18425
33825 7027 10813 17368
33825 7027 10902 17180
33825 7027 10902 17368
33825 7027 10902 18280
33825 7027 10902 18348
33825 7027 10966 17256
33825 7027 10966 18332
33825 7027 10996 18878
33825 7027 11006 19911
33825 7027 11423 19818
33825 7027 11446 17774
33825 7027 11453 16887
33825 7027 11453 17770
33825 7027 11509 18878
33825 7027 11630 17337
33825 7027 11630 19611
33825 7027 11692 17847
33825 7027 11692 19093
33825 7029 8552 17330
33825 7029 8552 17371
33825 7029 8552 19615
33825 7029 8552 19702
33825 7029 8599 17263
33825 7029 8599 19675
33825 7029 8615 17978
33825 7029 8621 18714
33825 7029 8649 19518
33825 7029 8696 17346
33825 7029 8696 19487
33825 7029 9065 19962
33825 7029 9066 16786
33825 7029 9066 19959
33825 7029 9143 19822
33825 7029 9178 16834
33825 7029 9178 18071
33825 7029 9178 19090
33825 7029 9178 19911
33825 7029 9500 18351
33825 7029 9500 18374
33825 7029 9500 19615
33825 7029 9500 19702
33825 7029 9661 19518
33825 7029 9683 17978
33825 7029 9689 19822
33825 7029 9756 16886
33825 7029 9756 18335
33825 7029 9790 16803
33825 7029 9790 17879
33825 7029 9916 17826
33825 7029 9918 16886
33825 7029 9918 17831
33825 7029 9946 16786
33825 7029 9946 17346
33825 7029 9978 16834
33825 7029 9978 17846
33825 7029 10141 17831
33825 7029 10141 18798
33825 7029 10158 17846
33825 7029 10158 18071
33825 7029 10158 18867
33825 7029 10158 19090
33825 7029 10179 18714
33825 7029 10227 18798
33825 7029 10227 18890
33825 7029 10526 19191
33825 7029 10691 18426
33825 7029 10691 19675
33825 7029 10698 19667
33825 7029 10712 16834
33825 7029 10781 18426
33825 7029 10781 19959
33825 7029 10813 17342
33825 7029 10813 18378
33825 7029 10908 17183
33825 7029 10908 18283
33825 7029 10963 18335
33825 7029 10963 18890
33825 7029 10995 18714
33825 7029 10995 19822
33825 7029 11421 18714
33825 7029 11421 19822
33825 7029 11512 16834
33825 7029 11512 17846
33825 7029 11626 19191
33825 7029 11671 19483
33825 7029 11676 17263
33825 7029 11676 19487
33825 7029 11692 17846
33825 7033 8556 17375
33825 7033 8556 19615
33825 7033 8604 17263
33825 7033 8604 18135
33825 7033 8604 18791
33825 7033 8604 19679
33825 7033 8613 17342
33825 7033 8613 18078
33825 7033 8623 17330
33825 7033 8623 18874
33825 7033 8647 17179
33825 7033 8693 17358
33825 7033 8693 18110
33825 7033 8693 18791
33825 7033 8693 19479
33825 7033 9069 16798
33825 7033 9069 18135
33825 7033 9069 19127
33825 7033 9069 19966
33825 7033 9070 18138
33825 7033 9070 19955
33825 7033 9125 16798
33825 7033 9125 18110
33825 7033 9125 18966
33825 7033 9125 19766
33825 7033 9133 18103
33825 7033 9133 18967
33825 7033 9143 17979
33825 7033 9173 16846
33825 7033 9173 18078
33825 7033 9502 19603
33825 7033 9502 19706
33825 7033 9580 18110
33825 7033 9580 18335
33825 7033 9580 19679
33825 7033 9580 19966
33825 7033 9581 18103
33825 7033 9581 19671
33825 7033 9663 19506
33825 7033 9663 19706
33825 7033 9670 19475
33825 7033 9670 19762
33825 7033 9677 18135
33825 7033 9677 18422
33825 7033 9677 19479
33825 7033 9677 19766
33825 7033 9686 19506
33825 7033 9686 19603
33825 7033 9692 18287
33825 7033 9692 19615
33825 7033 9757 16798
33825 7033 9757 16887
33825 7033 9757 18335
33825 7033 9757 18422
33825 7033 9791 16802
33825 7033 9791 18378
33825 7033 9916 16703
33825 7033 9916 16887
33825 7033 9916 17774
33825 7033 9916 17830
33825 7033 9918 16698
33825 7033 9918 17827
33825 7033 9941 16703
33825 7033 9941 16798
33825 7033 9941 17263
33825 7033 9941 17358
33825 7033 9973 16846
33825 7033 9973 17342
33825 7033 10044 18110
33825 7033 10044 18135
33825 7033 10044 18863
33825 7033 10044 18886
33825 7033 10047 18138
33825 7033 10047 18850
33825 7033 10141 17774
33825 7033 10141 17830
33825 7033 10141 18791
33825 7033 10141 18863
33825 7033 10158 17843
33825 7033 10158 18874
33825 7033 10180 18710
33825 7033 10180 19190
33825 7033 10228 18791
33825 7033 10228 18886
33825 7033 10228 18966
33825 7033 10228 19127
33825 7033 10516 18374
33825 7033 10516 19190
33825 7033 10669 16703
33825 7033 10669 18335
33825 7033 10669 19127
33825 7033 10669 19479
33825 7033 10671 16698
33825 7033 10671 19122
33825 7033 10692 16703
33825 7033 10692 18422
33825 7033 10692 18966
33825 7033 10692 19679
33825 7033 10701 18967
33825 7033 10701 19671
33825 7033 10711 19099
33825 7033 10772 17358
33825 7033 10772 18422
33825 7033 10772 18886
33825 7033 10772 19966
33825 7033 10807 18347
33825 7033 10908 17375
33825 7033 10908 18287
33825 7033 10972 17263
33825 7033 10972 18335
33825 7033 10972 18886
33825 7033 10972 19766
33825 7033 10996 18374
33825 7033 10996 18710
33825 7033 11006 18378
33825 7033 11006 19811
33825 7033 11285 16887
33825 7033 11285 17830
33825 7033 11285 18863
33825 7033 11285 19966
33825 7033 11286 18850
33825 7033 11286 19955
33825 7033 11414 16802
33825 7033 11414 19811
33825 7033 11444 16887
33825 7033 11444 17774
33825 7033 11444 18863
33825 7033 11444 19766
33825 7033 11455 17770
33825 7033 11455 19762
33825 7033 11511 19915
33825 7033 11572 17358
33825 7033 11572 17830
33825 7033 11572 19127
33825 7033 11572 19679
33825 7033 11574 17827
33825 7033 11574 19122
33825 7033 11623 17883
33825 7033 11669 17263
33825 7033 11669 17774
33825 7033 11669 18966
33825 7033 11669 19479
33825 7033 11678 17770
33825 7033 11678 19475
33825 7033 11686 17330
33825 7033 11686 17843
33825 7039 8553 17372
33825 7039 8605 17256
33825 7039 8605 18791
33825 7039 8615 19506
33825 7039 8621 17176
33825 7039 8648 19506
33825 7039 8696 17349
33825 7039 8696 18101
33825 7039 9149 16806
33825 7039 9149 19192
33825 7039 9176 18069
33825 7039 9176 19915
33825 7039 9501 18344
33825 7039 9501 19702
33825 7039 9576 18108
33825 7039 9577 18101
33825 7039 9577 18332
33825 7039 9654 18284
33825 7039 9654 19506
33825 7039 9667 19766
33825 7039 9672 18421
33825 7039 9672 19762
33825 7039 9689 18284
33825 7039 9689 19506
33825 7039 9757 16791
33825 7039 9757 16886
33825 7039 9789 16806
33825 7039 9946 16791
33825 7039 9946 17256
33825 7039 9976 16834
33825 7039 9976 17333
33825 7039 9976 17842
33825 7039 9976 18373
33825 7039 10132 18791
33825 7039 10132 18854
33825 7039 10148 18871
33825 7039 10186 17879
33825 7039 10186 17977
33825 7039 10186 18710
33825 7039 10186 19192
33825 7039 10233 18891
33825 7039 10233 19132
33825 7039 10516 16806
33825 7039 10516 19192
33825 7039 10714 18377
33825 7039 10714 19607
33825 7039 10775 18421
33825 7039 10775 18891
33825 7039 10807 17372
33825 7039 10902 18284
33825 7039 10969 18332
33825 7039 10969 19762
33825 7039 10995 17176
33825 7039 11001 18284
33825 7039 11284 16886
33825 7039 11284 18854
33825 7039 11287 18859
33825 7039 11412 16806
33825 7039 11412 17879
33825 7039 11412 18710
33825 7039 11412 19815
33825 7039 11514 18871
33825 7039 11572 19129
33825 7039 11574 17349
33825 7039 11574 19132
33825 7039 11619 19192
33825 7039 11686 17333
33825 7039 11686 17842
33825 7039 11686 19100
33825 7039 11686 19611
33825 7045 8541 18103
33825 7045 8541 18794
33825 7045 8553 18782
33825 7045 8553 19539
33825 7045 9193 19031
33825 7045 9193 19962
33825 7045 9677 19646
33825 7045 9677 19962
33825 7045 9692 18287
33825 7045 9692 19510
33825 7045 9715 17946
33825 7045 9721 19475
33825 7045 9721 19918
33825 7045 10093 17847
33825 7045 10093 19031
33825 7045 10094 18103
33825 7045 10094 19026
33825 7045 10179 17946
33825 7045 10179 18782
33825 7045 10574 19031
33825 7045 10574 19510
33825 7045 10728 18331
33825 7045 10835 17179
33825 7045 10835 18287
33825 7045 10835 18874
33825 7045 10835 19918
33825 7045 10867 18794
33825 7045 11357 17847
33825 7045 11357 18874
33825 7045 11384 17810
33825 7045 11384 17862
33825 7045 11482 17810
33825 7045 11623 17179
33825 7045 11623 19646
33825 7045 11722 19031
33825 7045 11722 19475
33825 7046 8538 17353
33825 7046 8538 18798
33825 7046 8557 18168
33825 7046 8557 19551
33825 7046 9032 18997
33825 7046 9039 18165
33825 7046 9039 19762
33825 7046 9080 16843
33825 7046 9080 18076
33825 7046 9087 18069
33825 7046 9156 19129
33825 7046 9193 18069
33825 7046 9550 18076
33825 7046 9550 19762
33825 7046 9551 18069
33825 7046 9551 19506
33825 7046 9667 17945
33825 7046 9667 19646
33825 7046 9689 18069
33825 7046 9689 19506
33825 7046 9700 19966
33825 7046 9711 18165
33825 7046 9711 18268
33825 7046 9726 18373
33825 7046 9853 16846
33825 7046 9853 17353
33825 7046 9853 17823
33825 7046 9853 18328
33825 7046 9855 16843
33825 7046 9855 17349
33825 7046 9946 16703
33825 7046 9946 16750
33825 7046 9978 16751
33825 7046 10093 18783
33825 7046 10093 19033
33825 7046 10094 17842
33825 7046 10094 18108
33825 7046 10094 18770
33825 7046 10094 19036
33825 7046 10179 18783
33825 7046 10179 18878
33825 7046 10227 18798
33825 7046 10563 16703
33825 7046 10563 19033
33825 7046 10574 19506
33825 7046 10595 19129
33825 7046 10606 18268
33825 7046 10606 19132
33825 7046 10712 19506
33825 7046 10735 18997
33825 7046 10846 18284
33825 7046 10846 19915
33825 7046 10867 17353
33825 7046 10867 18798
33825 7046 11354 16750
33825 7046 11354 18878
33825 7046 11357 16751
33825 7046 11384 16699
33825 7046 11482 16846
33825 7046 11482 17823
33825 7046 11482 18798
33825 7046 11482 19775
33825 7046 11604 17353
33825 7046 11609 17349
33825 7046 11609 19132
33825 7046 11626 17176
33825 7046 11721 17397
33825 7046 11721 17842
33825 7046 11721 19036
33825 7046 11721 19483
33825 7052 8538 17346
33825 7052 8538 18110
33825 7052 8538 18787
33825 7052 8538 19487
33825 7052 8553 18170
33825 7052 9038 18170
33825 7052 9038 19003
33825 7052 9192 16699
33825 7052 9667 18267
33825 7052 9667 19638
33825 7052 9683 19510
33825 7052 9683 19911
33825 7052 9716 18110
33825 7052 9726 19638
33825 7052 9726 19911
33825 7052 9848 17346
33825 7052 9848 17823
33825 7052 9850 17358
33825 7052 9850 18335
33825 7052 9941 16747
33825 7052 9941 17823
33825 7052 10723 16887
33825 7052 10723 19543
33825 7052 10836 18867
33825 7052 10836 19911
33825 7052 10873 17358
33825 7052 10873 19911
33825 7052 11386 16703
33825 7052 11386 17823
33825 7052 11479 17823
33825 7052 11479 18787
33825 7052 11603 19127
33825 7052 11603 19638
33825 7052 11630 19543
33825 7052 11630 19638
33825 7052 11719 19487
33825 7055 8541 18791
33825 7055 8541 19479
33825 7055 8649 17180
33825 7055 9085 16839
33825 7055 9085 19000
33825 7055 9192 18069
33825 7055 9544 18076
33825 7055 9545 18069
33825 7055 9545 18332
33825 7055 9545 19506
33825 7055 9545 19771
33825 7055 9677 17945
33825 7055 9677 18264
33825 7055 9677 19638
33825 7055 9677 19959
33825 7055 9686 18076
33825 7055 9686 18284
33825 7055 9686 19506
33825 7055 9686 19906
33825 7055 9699 19959
33825 7055 9704 19547
33825 7055 9715 19479
33825 7055 9715 19638
33825 7055 9721 18284
33825 7055 9944 17810
33825 7055 10186 17945
33825 7055 10602 18264
33825 7055 10602 19479
33825 7055 10724 19000
33825 7055 10841 17180
33825 7055 10841 19906
33825 7055 10966 18332
33825 7055 11479 17810
33825 7055 11479 19771
33825 7055 11716 17846
33825 7055 11716 19479
33825 7060 8524 19506
33825 7060 8553 19479
33825 7060 8556 18711
33825 7060 8556 19570
33825 7060 8646 19679
33825 7060 8646 19706
33825 7060 9032 18966
33825 7060 9066 19026
33825 7060 9066 19734
33825 7060 9069 18966
33825 7060 9178 19031
33825 7060 9178 19058
33825 7060 9580 19479
33825 7060 9580 19506
33825 7060 9581 19514
33825 7060 9581 19734
33825 7060 9670 18426
33825 7060 9670 19710
33825 7060 9677 17978
33825 7060 9677 18422
33825 7060 9677 19706
33825 7060 9677 19766
33825 7060 9686 18043
33825 7060 9686 18314
33825 7060 9686 19582
33825 7060 9686 19855
33825 7060 9692 18046
33825 7060 9692 19570
33825 7060 9704 17978
33825 7060 9704 18422
33825 7060 9704 19679
33825 7060 9704 19731
33825 7060 9715 18014
33825 7060 9715 18351
33825 7060 9715 19582
33825 7060 9715 19855
33825 7060 9821 16883
33825 7060 10060 18811
33825 7060 10060 19026
33825 7060 10063 18770
33825 7060 10179 18714
33825 7060 10201 18859
33825 7060 10218 17878
33825 7060 10218 18711
33825 7060 10227 18046
33825 7060 10227 18831
33825 7060 10621 19679
33825 7060 10621 19706
33825 7060 10698 19506
33825 7060 10701 18426
33825 7060 10701 19514
33825 7060 10735 19479
33825 7060 10867 17371
33825 7060 10867 17406
33825 7060 10969 17294
33825 7060 10969 18811
33825 7060 10972 17282
33825 7060 11001 17282
33825 7060 11354 17879
33825 7060 11384 17878
33825 7060 11384 18831
33825 7060 11391 17879
33825 7060 11512 17795
33825 7060 11512 17830
33825 7060 11603 19679
33825 7060 11635 17294
33825 7060 11635 19710
33825 7060 11638 19706
33825 7060 11754 19479
33825 7060 11754 19506
33825 7062 8522 18782
33825 7062 8522 19582
33825 7062 8557 19487
33825 7062 8557 19582
33825 7062 8648 19675
33825 7062 9033 19771
33825 7062 9176 18044
33825 7062 9176 19061
33825 7062 9683 19582
33825 7062 9683 19855
33825 7062 9689 18309
33825 7062 9689 19570
33825 7062 9700 17976
33825 7062 9716 18344
33825 7062 9716 19582
33825 7062 9821 17401
33825 7062 9821 18344
33825 7062 9823 17826
33825 7062 10189 17976
33825 7062 10189 19193
33825 7062 10195 17807
33825 7062 10195 18863
33825 7062 10238 17826
33825 7062 10238 18044
33825 7062 10623 18309
33825 7062 10623 19675
33825 7062 10867 17368
33825 7062 10867 17401
33825 7062 10867 18830
33825 7062 10867 18863
33825 7062 11386 18830
33825 7062 11386 19855
33825 7062 11514 17807
33825 7062 11514 18782
33825 7062 11754 17368
33825 7062 11754 19487
33825 7069 8527 19510
33825 7069 8693 18850
33825 7069 9033 18967
33825 7069 9192 19775
33825 7069 9576 19475
33825 7069 9576 19510
33825 7069 9576 19738
33825 7069 9576 19775
33825 7069 9577 19518
33825 7069 9711 17979
33825 7069 9711 19738
33825 7069 9716 18351
33825 7069 9716 19846
33825 7069 9816 17375
33825 7069 9818 17806
33825 7069 9818 18351
33825 7069 10057 19067
33825 7069 10058 18782
33825 7069 10211 17979
33825 7069 10233 17826
33825 7069 10616 18351
33825 7069 10616 19667
33825 7069 10691 18426
33825 7069 10691 18967
33825 7069 10870 17394
33825 7069 10870 18850
33825 7069 10966 18351
33825 7069 10966 18802
33825 7069 11509 17806
33825 7069 11509 17826
33825 7069 11509 18782
33825 7069 11509 18802
33825 7069 11750 17375
33825 7069 11750 17394
33825 7069 11750 19475
33825 7069 11750 19518
33825 7071 8521 18715
33825 7071 8648 17397
33825 7071 8648 19698
33825 7071 9032 19068
33825 7071 9032 19803
33825 7071 9069 18968
33825 7071 9069 19033
33825 7071 9178 19033
33825 7071 9670 19698
33825 7071 9670 19762
33825 7071 9677 17977
33825 7071 9677 19702
33825 7071 9699 17977
33825 7071 9699 19671
33825 7071 9715 18344
33825 7071 9816 17397
33825 7071 9816 17794
33825 7071 9818 18313
33825 7071 10180 17977
33825 7071 10180 18710
33825 7071 10201 17794
33825 7071 10201 19068
33825 7071 10218 17879
33825 7071 10218 17977
33825 7071 10618 18313
33825 7071 10618 18344
33825 7071 10618 19671
33825 7071 10618 19702
33825 7071 10870 17397
33825 7071 10870 18818
33825 7071 11511 17794
33825 7071 11511 18811
33825 7071 11638 17285
33825 7071 11638 17794
33825 7071 11750 17397
33825 7071 11750 19483
33825 7106 8527 18710
33825 7106 8604 18859
33825 7106 8613 17368
33825 7106 8613 18168
33825 7106 8613 18815
33825 7106 8613 19551
33825 7106 8623 18165
33825 7106 8623 18806
33825 7106 9069 18165
33825 7106 9069 19033
33825 7106 9070 16886
33825 7106 9125 18136
33825 7106 9125 19192
33825 7106 9133 18009
33825 7106 9133 18133
33825 7106 9133 19061
33825 7106 9133 19193
33825 7106 9143 19193
33825 7106 9173 19855
33825 7106 9581 18421
33825 7106 9646 18009
33825 7106 9646 18133
33825 7106 9646 19574
33825 7106 9646 19706
33825 7106 9652 19706
33825 7106 9686 19855
33825 7106 9877 18348
33825 7106 9886 16806
33825 7106 9886 17770
33825 7106 9911 16783
33825 7106 9911 18425
33825 7106 9918 16886
33825 7106 9918 18421
33825 7106 9941 16783
33825 7106 9941 17320
33825 7106 9943 16778
33825 7106 9943 18313
33825 7106 10060 18710
33825 7106 10063 18715
33825 7106 10063 18806
33825 7106 10134 18136
33825 7106 10134 18863
33825 7106 10150 17883
33825 7106 10150 18168
33825 7106 10150 18815
33825 7106 10150 19036
33825 7106 10599 19193
33825 7106 10599 19706
33825 7106 10621 19193
33825 7106 10621 19706
33825 7106 10623 16806
33825 7106 10623 19192
33825 7106 10669 18425
33825 7106 10669 19033
33825 7106 10671 16886
33825 7106 10671 18421
33825 7106 10772 17337
33825 7106 10807 19818
33825 7106 10876 18421
33825 7106 10908 17320
33825 7106 10908 18715
33825 7106 11316 19818
33825 7106 11319 17770
33825 7106 11319 18863
33825 7106 11391 16886
33825 7106 11421 17830
33825 7106 11574 17260
33825 7106 11574 17775
33825 7106 11589 18968
33825 7106 11589 19483
33825 7107 8605 17256
33825 7107 8605 19479
33825 7107 9127 18012
33825 7107 9127 19193
33825 7107 9135 19061
33825 7107 9135 19192
33825 7107 9149 19192
33825 7107 9149 19850
33825 7107 9580 19547
33825 7107 9636 19582
33825 7107 9636 19706
33825 7107 9663 19479
33825 7107 9663 19706
33825 7107 9686 18012
33825 7107 9686 18344
33825 7107 9686 19582
33825 7107 9686 19850
33825 7107 9941 17324
33825 7107 10148 17882
33825 7107 10606 19193
33825 7107 10606 19479
33825 7107 10806 17256
33825 7107 10806 18344
33825 7107 10870 17324
33825 7107 10870 17368
33825 7107 10909 17368
33825 7107 10909 18711
33825 7107 11317 17771
33825 7107 11317 19822
33825 7107 11389 16887
33825 7107 11389 17831
33825 7107 11423 17831
33825 7107 11423 17882
33825 7107 11575 17771
33825 7107 11596 19061
33825 7107 11596 19479
33825 7108 8598 18863
33825 7108 8598 19487
33825 7108 9149 18966
33825 7108 9149 19855
33825 7108 9176 16803
33825 7108 9176 19855
33825 7108 9576 18422
33825 7108 9638 18011
33825 7108 9638 19582
33825 7108 9654 19710
33825 7108 9654 19855
33825 7108 9683 19582
33825 7108 9683 19855
33825 7108 10057 17879
33825 7108 10057 18811
33825 7108 10143 18135
33825 7108 10143 18966
33825 7108 10156 17879
33825 7108 10156 19026
33825 7108 10669 18426
33825 7108 10671 16883
33825 7108 10671 18422
33825 7108 10671 19026
33825 7108 10671 19543
33825 7108 10812 18859
33825 7108 10867 17323
33825 7108 10867 18426
33825 7108 11386 16883
33825 7108 11386 17879
33825 7108 11423 17879
33825 7108 11423 18791
33825 7108 11574 17263
33825 7108 11574 19582
33825 7108 11587 19487
33825 7108 11587 19582
33825 7108 11626 19543
33825 7109 8615 17375
33825 7109 8615 18170
33825 7109 8621 18167
33825 7109 8621 19539
33825 7109 9066 16882
33825 7109 9066 18167
33825 7109 9178 16802
33825 7109 9178 19058
33825 7109 9577 18167
33825 7109 9577 19806
33825 7109 9644 19574
33825 7109 9661 19475
33825 7109 9661 19710
33825 7109 9661 19815
33825 7109 9661 19850
33825 7109 9683 18347
33825 7109 9683 19850
33825 7109 9788 17826
33825 7109 9879 18347
33825 7109 9884 17259
33825 7109 9918 16774
33825 7109 10141 18967
33825 7109 10158 17878
33825 7109 10158 18167
33825 7109 10595 19710
33825 7109 10616 16802
33825 7109 10813 19815
33825 7109 10908 17375
33825 7109 11384 16774
33825 7109 11384 16882
33825 7109 11384 17826
33825 7109 11384 17878
33825 7109 11594 18967
33825 7109 11594 19058
33825 7109 11594 19475
33825 7109 11594 19574
33825 7139 8613 17401
33825 7139 8613 18044
33825 7139 8613 18782
33825 7139 8613 19675
33825 7139 8693 18830
33825 7139 9133 19061
33825 7139 9133 19160
33825 7139 9133 19799
33825 7139 9133 19962
33825 7139 9551 18069
33825 7139 9551 19514
33825 7139 9638 18044
33825 7139 9638 19582
33825 7139 9644 19799
33825 7139 9716 18344
33825 7139 9716 19582
33825 7139 10094 18069
33825 7139 10141 18791
33825 7139 10150 19160
33825 7139 10158 17787
33825 7139 10549 18284
33825 7139 10549 19582
33825 7139 10574 19543
33825 7139 10599 19582
33825 7139 10599 19675
33825 7139 10836 18830
33825 7139 10836 19962
33825 7139 10941 17397
33825 7139 10941 18791
33825 7139 11285 18782
33825 7139 11357 17879
33825 7139 11692 17397
33825 7139 11692 17879
33825 7139 11692 19061
33825 7139 11692 19543
33825 7139 11694 17401
33825 7142 8538 17289
33825 7142 8621 18041
33825 7142 8621 19679
33825 7142 9033 18165
33825 7142 9135 19061
33825 7142 9135 19794
33825 7142 9502 19547
33825 7142 9503 18069
33825 7142 9545 18069
33825 7142 9545 18421
33825 7142 9545 19506
33825 7142 9545 19794
33825 7142 9636 19582
33825 7142 9636 19679
33825 7142 9646 18421
33825 7142 9652 19887
33825 7142 9663 18165
33825 7142 9663 18284
33825 7142 9663 19506
33825 7142 9663 19883
33825 7142 9715 18041
33825 7142 9715 18344
33825 7142 9715 19582
33825 7142 9715 19887
33825 7142 9757 18344
33825 7142 10046 17794
33825 7142 10559 19061
33825 7142 10595 16703
33825 7142 10595 19679
33825 7142 10782 18284
33825 7142 10835 17289
33825 7142 10835 18831
33825 7142 11352 17794
33825 7142 11352 19883
33825 7142 11626 17790
33825 7142 11626 19679
33825 7145 8623 17394
33825 7145 8623 18043
33825 7145 8695 18818
33825 7145 8695 19539
33825 7145 9038 16786
33825 7145 9038 18170
33825 7145 9127 19058
33825 7145 9127 19955
33825 7145 9500 18351
33825 7145 9500 19822
33825 7145 9501 18071
33825 7145 9551 19506
33825 7145 9551 19803
33825 7145 9644 18271
33825 7145 9654 19506
33825 7145 9654 19874
33825 7145 9661 18167
33825 7145 9661 19878
33825 7145 9726 19578
33825 7145 9726 19874
33825 7145 9757 16791
33825 7145 9757 18351
33825 7145 9759 16786
33825 7145 9759 17323
33825 7145 9877 17294
33825 7145 9884 16703
33825 7145 9884 17878
33825 7145 9909 16703
33825 7145 9909 17406
33825 7145 9918 16746
33825 7145 9918 17394
33825 7145 10045 17806
33825 7145 10045 18791
33825 7145 10046 18794
33825 7145 10046 19058
33825 7145 10132 18791
33825 7145 10132 18998
33825 7145 10143 18818
33825 7145 10143 19003
33825 7145 10148 19158
33825 7145 10156 18167
33825 7145 10156 18783
33825 7145 10559 18283
33825 7145 10559 19058
33825 7145 10599 16786
33825 7145 10599 19667
33825 7145 10846 18426
33825 7145 10846 18818
33825 7145 10935 17394
33825 7145 10935 19811
33825 7145 11284 18783
33825 7145 11284 19878
33825 7145 11287 17811
33825 7145 11287 19874
33825 7145 11317 16791
33825 7145 11317 19822
33825 7145 11318 16786
33825 7145 11318 18818
33825 7145 11359 17883
33825 7145 11359 19874
33825 7145 11630 17786
33825 7145 11630 19506
33825 7145 11669 17806
33825 7145 11669 18998
33825 7145 11671 17795
33825 7145 11671 19506
33825 7145 11684 17406
33825 7145 11684 17878
33825 7145 11686 17394
33825 7145 11686 19058
33825 7148 8615 18046
33825 7148 8615 18771
33825 7148 8698 18046
33825 7148 8698 19551
33825 7148 9032 16786
33825 7148 9032 19003
33825 7148 9118 19158
33825 7148 9125 19058
33825 7148 9125 19158
33825 7148 9545 18426
33825 7148 9545 19514
33825 7148 9636 18046
33825 7148 9636 19671
33825 7148 9646 19959
33825 7148 9721 18046
33825 7148 9721 19578
33825 7148 9879 17294
33825 7148 9886 18283
33825 7148 9918 16698
33825 7148 9976 17791
33825 7148 10595 16698
33825 7148 10595 16791
33825 7148 10595 19578
33825 7148 10595 19671
33825 7148 10841 17294
33825 7148 10841 18426
33825 7148 10841 18819
33825 7148 10841 19959
33825 7148 10935 19822
33825 7148 11316 16791
33825 7148 11319 16786
33825 7148 11319 17791
33825 7148 11319 18819
33825 7148 11319 19822
33825 7148 11619 19514
33825 7148 11669 19003
33825 7154 8524 18811
33825 7154 8524 19574
33825 7154 8613 17976
33825 7154 8613 19615
33825 7154 9109 17976
33825 7154 9109 19855
33825 7154 9118 19061
33825 7154 9118 19850
33825 7154 9550 19574
33825 7154 9638 17976
33825 7154 9638 18332
33825 7154 9661 18373
33825 7154 9661 19850
33825 7154 9700 18332
33825 7154 9700 18361
33825 7154 9700 19615
33825 7154 9700 19642
33825 7154 10063 18710
33825 7154 10063 19061
33825 7154 10134 17867
33825 7154 10134 17976
33825 7154 10150 17944
33825 7154 10150 19100
33825 7154 10519 19642
33825 7154 10669 18361
33825 7154 10775 17260
33825 7154 10775 19850
33825 7154 10836 17260
33825 7154 10836 18890
33825 7154 11316 17770
33825 7154 11316 19850
33825 7154 11391 18891
33825 7154 11573 17260
33825 7154 11573 19611
33825 7154 11638 17260
33825 7154 11638 19100
33825 7158 8621 17945
33825 7158 8621 17976
33825 7158 8621 19615
33825 7158 8621 19646
33825 7158 9193 16786
33825 7158 9193 19100
33825 7158 9545 19570
33825 7158 9545 19762
33825 7158 9636 18328
33825 7158 9636 19615
33825 7158 9652 17945
33825 7158 9699 18328
33825 7158 9699 19646
33825 7158 9789 17823
33825 7158 9789 18328
33825 7158 9791 17285
33825 7158 9791 17810
33825 7158 9850 16846
33825 7158 9850 18328
33825 7158 10141 17976
33825 7158 10158 17810
33825 7158 10158 19100
33825 7158 10558 19100
33825 7158 10558 19570
33825 7158 10671 16795
33825 7158 10781 17256
33825 7158 10835 17256
33825 7158 10835 17337
33825 7158 10942 17285
33825 7158 10942 19803
33825 7158 11384 16747
33825 7158 11384 17810
33825 7158 11641 19100
33825 7158 11641 19611
33825 7158 11753 17810
33825 7158 11753 19068
33825 7161 8524 19551
33825 7161 8615 17978
33825 7161 8636 18887
33825 7161 8636 19487
33825 7161 8639 17282
33825 7161 9109 16846
33825 7161 9109 19846
33825 7161 9118 16834
33825 7161 9118 17978
33825 7161 9118 19067
33825 7161 9118 19843
33825 7161 9143 16778
33825 7161 9189 16798
33825 7161 9550 19475
33825 7161 9550 19578
33825 7161 9550 19762
33825 7161 9550 19803
33825 7161 9638 18331
33825 7161 9654 17947
33825 7161 9711 19634
33825 7161 9788 16783
33825 7161 9788 17822
33825 7161 9790 16778
33825 7161 9790 17282
33825 7161 9790 17811
33825 7161 9790 18331
33825 7161 9823 16834
33825 7161 9853 16791
33825 7161 9853 16846
33825 7161 10060 18710
33825 7161 10060 18783
33825 7161 10063 18770
33825 7161 10141 17862
33825 7161 10141 18887
33825 7161 10158 17811
33825 7161 10158 17947
33825 7161 10158 18714
33825 7161 10158 19090
33825 7161 10525 16783
33825 7161 10525 19543
33825 7161 10559 19090
33825 7161 10621 19607
33825 7161 10663 18362
33825 7161 10782 17259
33825 7161 10782 18362
33825 7161 10782 18770
33825 7161 10782 19843
33825 7161 10836 18886
33825 7161 10932 18710
33825 7161 10932 19806
33825 7161 10935 18714
33825 7161 11285 18783
33825 7161 11285 19806
33825 7161 11286 19803
33825 7161 11316 16791
33825 7161 11316 19846
33825 7161 11319 17770
33825 7161 11391 19762
33825 7161 11414 17867
33825 7161 11575 19578
33825 7161 11604 17862
33825 7161 11604 19487
33825 7161 11614 17770
33825 7161 11614 17867
33825 7161 11614 19475
33825 7161 11614 19634
33825 7161 11638 17259
33825 7161 11749 17822
33825 7161 11749 19543
33825 7161 11750 19067
33825 7165 8522 19539
33825 7165 8522 19582
33825 7165 8623 17978
33825 7165 8623 19638
33825 7165 8629 17294
33825 7165 8629 19479
33825 7165 9193 18011
33825 7165 9193 19090
33825 7165 9545 19479
33825 7165 9545 19582
33825 7165 9636 17978
33825 7165 9636 18335
33825 7165 9636 19603
33825 7165 9636 19766
33825 7165 9663 19547
33825 7165 9704 19603
33825 7165 9704 19638
33825 7165 9850 18335
33825 7165 10150 19090
33825 7165 10516 16774
33825 7165 10516 19638
33825 7165 10549 19582
33825 7165 10549 19607
33825 7165 10661 19003
33825 7165 10661 19479
33825 7165 10772 17263
33825 7165 10772 18358
33825 7165 11285 17774
33825 7165 11285 18782
33825 7165 11384 19766
33825 7165 11574 17263
33825 7165 11574 19582
33825 7165 11603 19483
33825 7165 11603 19638
33825 7165 11609 17774
33825 7165 11609 19479
33825 7234 8630 16991
33825 7234 8630 17323
33825 7234 9500 18165
33825 7234 9500 19368
33825 7234 9677 17977
33825 7234 9677 19321
33825 7234 9716 18314
33825 7234 9716 19033
33825 7234 9756 18373
33825 7234 9823 17323
33825 7234 9823 18310
33825 7234 9823 19368
33825 7234 9823 20357
33825 7234 9886 18373
33825 7234 9886 19321
33825 7234 9973 18267
33825 7234 10150 20092
33825 7234 10158 18165
33825 7234 10158 19033
33825 7234 10558 18314
33825 7234 10558 19398
33825 7234 10559 18310
33825 7234 10559 19158
33825 7234 10669 19033
33825 7234 10669 19158
33825 7234 10735 18267
33825 7234 10735 19190
33825 7234 10909 19398
33825 7234 10909 20357
33825 7234 11181 19190
33825 7234 11181 20057
33825 7234 11255 16991
33825 7234 11255 19033
33825 7234 11669 16952
33825 7234 11669 20092
33825 7234 11716 20444
33825 7235 8629 17323
33825 7235 8647 16953
33825 7235 8677 17406
33825 7235 8677 20281
33825 7235 8678 20056
33825 7235 9501 18071
33825 7235 9501 18170
33825 7235 9501 19367
33825 7235 9501 19402
33825 7235 9638 18136
33825 7235 9638 19322
33825 7235 9644 19191
33825 7235 9670 17976
33825 7235 9677 19322
33825 7235 9677 19351
33825 7235 9726 18309
33825 7235 9726 19367
33825 7235 9757 19351
33825 7235 9757 20391
33825 7235 9821 18309
33825 7235 9821 19367
33825 7235 9877 17294
33825 7235 9877 18377
33825 7235 9877 19321
33825 7235 9877 20286
33825 7235 9918 19367
33825 7235 10046 20117
33825 7235 10148 17116
33825 7235 10223 20056
33825 7235 10558 18069
33825 7235 10558 18313
33825 7235 10559 18071
33825 7235 10559 18309
33825 7235 10559 19160
33825 7235 10559 19402
33825 7235 10663 18043
33825 7235 10663 19033
33825 7235 10724 17976
33825 7235 10813 19352
33825 7235 10846 17397
33825 7235 10846 20439
33825 7235 10903 18313
33825 7235 10903 20366
33825 7235 10908 18309
33825 7235 10935 18267
33825 7235 10935 18377
33825 7235 10935 20286
33825 7235 10935 20396
33825 7235 10942 20281
33825 7235 10942 20391
33825 7235 11036 20117
33825 7235 11039 18069
33825 7235 11039 20120
33825 7235 11183 17018
33825 7235 11183 20056
33825 7235 11206 17020
33825 7235 11206 18136
33825 7235 11213 17018
33825 7235 11253 16990
33825 7235 11253 20092
33825 7235 11669 16958
33825 7235 11669 20366
33825 7235 11684 17020
33825 7235 11684 17406
33825 7235 11686 17018
33825 7235 11686 20056
33825 7235 11716 17018
33825 7235 11749 16953
33825 7235 11750 16958
33825 7235 11750 20120
33825 7242 8541 17320
33825 7242 8677 20050
33825 7242 8677 20274
33825 7242 9502 18167
33825 7242 9502 19401
33825 7242 9757 18373
33825 7242 9757 20387
33825 7242 9823 17320
33825 7242 9823 19372
33825 7242 9884 18373
33825 7242 9884 20274
33825 7242 10150 18046
33825 7242 10158 16985
33825 7242 10158 18167
33825 7242 10661 18167
33825 7242 10661 19026
33825 7242 10724 19356
33825 7242 10806 18373
33825 7242 10806 19347
33825 7242 10836 20387
33825 7242 10836 20440
33825 7242 10935 18373
33825 7242 10935 20277
33825 7242 10942 18268
33825 7242 10942 20274
33825 7242 11029 18076
33825 7242 11029 18167
33825 7242 11173 18135
33825 7242 11173 20050
33825 7242 11255 16985
33825 7242 11255 18046
33825 7242 11255 19026
33825 7242 11255 20085
33825 7242 11676 20085
33825 7242 11719 17045
33825 7242 11719 20274
33825 7243 8639 16984
33825 7243 8639 17346
33825 7243 9503 18168
33825 7243 9636 18268
33825 7243 9646 19193
33825 7243 9716 19363
33825 7243 9821 19363
33825 7243 9821 20357
33825 7243 9879 18377
33825 7243 10148 19158
33825 7243 10156 16984
33825 7243 10156 19026
33825 7243 10671 18044
33825 7243 10671 18168
33825 7243 10671 19026
33825 7243 10671 19158
33825 7243 10735 17976
33825 7243 10807 18377
33825 7243 10807 20435
33825 7243 10836 17401
33825 7243 11175 17023
33825 7243 11175 18133
33825 7243 11175 19193
33825 7243 11175 20051
33825 7243 11206 17976
33825 7243 11206 18133
33825 7243 11253 16984
33825 7243 11253 18044
33825 7243 11692 17023
33825 7243 11694 17017
33825 7243 11694 17401
33825 7243 11694 20051
33825 7243 11694 20435
33825 7243 11719 17017
33825 7243 11750 16984
33825 7243 11750 20127
33825 7250 8599 17289
33825 7250 8599 20031
33825 7250 9692 19304
33825 7250 9700 17946
33825 7250 9700 18426
33825 7250 9791 17371
33825 7250 9791 20357
33825 7250 9911 18426
33825 7250 9911 20252
33825 7250 9918 18421
33825 7250 9918 20357
33825 7250 9941 18283
33825 7250 9941 18328
33825 7250 10132 20031
33825 7250 10132 20188
33825 7250 10148 17946
33825 7250 10148 20127
33825 7250 10238 16922
33825 7250 10238 18101
33825 7250 10238 18969
33825 7250 10238 20150
33825 7250 10525 18101
33825 7250 10574 18426
33825 7250 10574 19157
33825 7250 10781 18426
33825 7250 10781 20357
33825 7250 10908 18283
33825 7250 10908 20357
33825 7250 10966 17260
33825 7250 10966 19304
33825 7250 11175 18969
33825 7250 11175 20031
33825 7250 11183 20150
33825 7250 11684 16922
33825 7250 11684 20031
33825 7250 11749 17372
33825 7251 8598 20024
33825 7251 8613 20252
33825 7251 8615 16953
33825 7251 8693 17259
33825 7251 9654 18968
33825 7251 9654 19338
33825 7251 9790 18331
33825 7251 9790 20361
33825 7251 9941 19257
33825 7251 10063 20117
33825 7251 10063 20216
33825 7251 10158 16953
33825 7251 10158 17947
33825 7251 10158 19127
33825 7251 10158 20117
33825 7251 10228 18968
33825 7251 10228 20156
33825 7251 10574 19129
33825 7251 10663 17947
33825 7251 10663 18331
33825 7251 10663 19129
33825 7251 10663 19257
33825 7251 10669 19127
33825 7251 10735 18135
33825 7251 10735 18968
33825 7251 10782 20361
33825 7251 10972 17259
33825 7251 10972 18373
33825 7251 11173 17054
33825 7251 11181 16922
33825 7251 11181 18968
33825 7251 11686 16922
33825 7251 11686 17054
33825 7251 11686 20024
33825 7251 11686 20156
33825 7251 11750 20216
33825 7258 8524 17337
33825 7258 8524 20217
33825 7258 8605 17256
33825 7258 8605 20021
33825 7258 8693 16921
33825 7258 8693 20418
33825 7258 9663 18967
33825 7258 9663 19299
33825 7258 9756 17294
33825 7258 9756 18373
33825 7258 10156 16958
33825 7258 10156 17945
33825 7258 10238 16921
33825 7258 10238 18967
33825 7258 10516 18108
33825 7258 10516 19192
33825 7258 10565 18332
33825 7258 10775 17337
33825 7258 10775 20357
33825 7258 10909 20357
33825 7258 10966 17256
33825 7258 10966 18373
33825 7258 10966 19299
33825 7258 10966 20430
33825 7258 10996 20243
33825 7258 11175 16921
33825 7258 11175 20021
33825 7258 11183 18108
33825 7258 11574 17054
33825 7258 11574 20430
33825 7258 11575 17294
33825 7258 11575 20418
33825 7258 11692 16921
33825 7258 11692 17054
33825 7258 11750 16958
33825 7258 11750 20243
33825 7259 8524 17330
33825 7259 8524 17375
33825 7259 8527 20216
33825 7259 8604 17263
33825 7259 8604 17282
33825 7259 8604 20018
33825 7259 8604 20191
33825 7259 8621 16959
33825 7259 8623 17330
33825 7259 8623 20120
33825 7259 8695 17263
33825 7259 8695 20421
33825 7259 9550 19193
33825 7259 9652 19299
33825 7259 9700 18425
33825 7259 9700 19254
33825 7259 9711 17944
33825 7259 9757 20421
33825 7259 9758 18374
33825 7259 9758 20425
33825 7259 9788 17368
33825 7259 9911 18287
33825 7259 9911 18425
33825 7259 9918 18284
33825 7259 9918 18422
33825 7259 9918 20243
33825 7259 9918 20361
33825 7259 9943 18335
33825 7259 9943 19253
33825 7259 10060 19122
33825 7259 10063 19132
33825 7259 10063 20120
33825 7259 10134 18136
33825 7259 10134 20181
33825 7259 10141 18133
33825 7259 10150 17944
33825 7259 10150 19122
33825 7259 10228 18108
33825 7259 10228 18966
33825 7259 10516 18374
33825 7259 10516 19190
33825 7259 10565 19122
33825 7259 10661 19132
33825 7259 10661 19254
33825 7259 10671 17944
33825 7259 10671 19122
33825 7259 10724 19193
33825 7259 10735 18136
33825 7259 10735 19190
33825 7259 10772 17337
33825 7259 10772 18422
33825 7259 10772 19398
33825 7259 10772 20361
33825 7259 10908 17375
33825 7259 10908 18287
33825 7259 10935 17263
33825 7259 10972 17263
33825 7259 10972 20421
33825 7259 11063 18133
33825 7259 11173 19100
33825 7259 11238 17944
33825 7259 11574 17048
33825 7259 11574 17282
33825 7259 11574 20191
33825 7259 11574 20421
33825 7259 11575 20181
33825 7259 11575 20425
33825 7259 11694 16921
33825 7259 11694 20147
33825 7259 11749 20216
33825 7266 8598 16927
33825 7266 8598 17324
33825 7266 8613 17371
33825 7266 8613 20440
33825 7266 8615 17375
33825 7266 8615 20095
33825 7266 8647 17337
33825 7266 8677 17375
33825 7266 8677 20248
33825 7266 8678 17371
33825 7266 9644 18133
33825 7266 9644 18422
33825 7266 9644 19067
33825 7266 9644 19288
33825 7266 9652 18378
33825 7266 9652 19401
33825 7266 9661 17945
33825 7266 9661 18373
33825 7266 9686 18344
33825 7266 9788 17371
33825 7266 9788 20440
33825 7266 9855 17371
33825 7266 9884 18373
33825 7266 9884 20248
33825 7266 9918 20421
33825 7266 9941 17324
33825 7266 9941 18264
33825 7266 9943 17327
33825 7266 9943 20396
33825 7266 10045 20153
33825 7266 10045 20182
33825 7266 10046 18133
33825 7266 10132 17945
33825 7266 10132 20095
33825 7266 10143 18968
33825 7266 10148 18009
33825 7266 10148 18170
33825 7266 10148 20092
33825 7266 10148 20191
33825 7266 10189 17077
33825 7266 10189 20150
33825 7266 10526 19334
33825 7266 10621 18133
33825 7266 10621 19158
33825 7266 10623 19163
33825 7266 10623 19190
33825 7266 10661 18264
33825 7266 10661 19163
33825 7266 10671 18267
33825 7266 10671 18422
33825 7266 10671 19067
33825 7266 10671 19158
33825 7266 10709 18344
33825 7266 10876 20440
33825 7266 10902 17180
33825 7266 10941 20421
33825 7266 11069 19158
33825 7266 11175 17023
33825 7266 11175 18009
33825 7266 11175 19193
33825 7266 11175 20191
33825 7266 11183 19190
33825 7266 11183 20182
33825 7266 11247 18133
33825 7266 11247 19158
33825 7266 11671 16922
33825 7266 11716 17337
33825 7266 11719 16927
33825 7266 11719 20153
33825 7266 11749 20440
33825 7267 8599 17323
33825 7267 8599 20430
33825 7267 8646 16924
33825 7267 9646 18421
33825 7267 9692 18011
33825 7267 9692 19333
33825 7267 9789 20439
33825 7267 9909 19337
33825 7267 9909 20430
33825 7267 10047 18138
33825 7267 10047 20181
33825 7267 10158 18011
33825 7267 10158 20181
33825 7267 10180 17084
33825 7267 10180 19192
33825 7267 10623 19192
33825 7267 10711 18011
33825 7267 10711 18347
33825 7267 10876 17323
33825 7267 10876 18421
33825 7267 10876 19337
33825 7267 10876 20439
33825 7267 10903 18347
33825 7267 10903 20350
33825 7267 10935 20252
33825 7267 10935 20430
33825 7267 11068 18101
33825 7267 11068 20181
33825 7267 11173 18011
33825 7267 11173 20188
33825 7267 11181 17018
33825 7267 11181 20181
33825 7267 11238 17944
33825 7267 11238 18138
33825 7267 11669 16921
33825 7267 11669 20430
33825 7278 8613 17017
33825 7278 8613 17368
33825 7278 8613 20086
33825 7278 8613 20439
33825 7278 8615 17372
33825 7278 8648 17333
33825 7278 8681 17333
33825 7278 8681 20243
33825 7278 9638 18426
33825 7278 9638 19061
33825 7278 9683 18009
33825 7278 9683 18344
33825 7278 9788 17368
33825 7278 9788 18377
33825 7278 9848 17372
33825 7278 9848 18426
33825 7278 9877 18344
33825 7278 9877 18377
33825 7278 9916 17176
33825 7278 9916 20425
33825 7278 10156 18009
33825 7278 10156 20086
33825 7278 10698 18966
33825 7278 10714 18344
33825 7278 10714 19334
33825 7278 10867 19334
33825 7278 10867 20439
33825 7278 10908 17176
33825 7278 10908 18344
33825 7278 10935 19338
33825 7278 10935 20243
33825 7278 11062 17084
33825 7278 11235 18135
33825 7278 11235 18966
33825 7278 11669 17017
33825 7278 11669 20425
33825 7279 8598 20418
33825 7279 8649 17077
33825 7279 8649 17180
33825 7279 9636 18136
33825 7279 9636 18425
33825 7279 9652 17945
33825 7279 9850 18425
33825 7279 9850 19337
33825 7279 9879 18347
33825 7279 9911 17180
33825 7279 9911 18267
33825 7279 9911 19333
33825 7279 9911 20418
33825 7279 9944 18267
33825 7279 10134 17020
33825 7279 10141 18967
33825 7279 10150 18011
33825 7279 10179 20150
33825 7279 10663 19061
33825 7279 10663 19163
33825 7279 10669 18425
33825 7279 10669 19158
33825 7279 10712 18011
33825 7279 10712 18347
33825 7279 10712 19061
33825 7279 10712 19333
33825 7279 10867 18425
33825 7279 10867 20440
33825 7279 11063 19163
33825 7279 11242 17945
33825 7279 11242 18136
33825 7279 11242 18967
33825 7279 11242 19158
33825 7279 11574 17077
33825 7279 11722 17337
33825 7279 11722 20150
33825 7282 8629 17263
33825 7282 8629 17323
33825 7282 8629 20332
33825 7282 8629 20392
33825 7282 8693 20328
33825 7282 9503 19398
33825 7282 9580 18358
33825 7282 9580 19352
33825 7282 9636 17978
33825 7282 9636 18362
33825 7282 9636 19129
33825 7282 9636 19257
33825 7282 9677 19257
33825 7282 9759 17323
33825 7282 9759 19352
33825 7282 9879 17263
33825 7282 10094 17114
33825 7282 10094 18069
33825 7282 10141 19993
33825 7282 10661 19003
33825 7282 10661 19352
33825 7282 10813 17337
33825 7282 10813 18362
33825 7282 10813 19398
33825 7282 10813 20421
33825 7282 10966 19352
33825 7282 10966 20332
33825 7282 10972 20328
33825 7282 10972 20421
33825 7282 11181 17978
33825 7282 11181 19993
33825 7282 11255 19129
33825 7282 11669 20392
33825 7282 11671 20188
33825 7282 11684 17337
33825 7282 11719 17114
33825 7283 8630 17320
33825 7283 8630 20396
33825 7283 8695 19996
33825 7283 9502 19367
33825 7283 9502 19401
33825 7283 9581 18170
33825 7283 9581 19351
33825 7283 9644 17979
33825 7283 9644 19127
33825 7283 9661 18167
33825 7283 9661 19367
33825 7283 9758 19351
33825 7283 9758 20425
33825 7283 9973 17342
33825 7283 9973 19401
33825 7283 10046 19127
33825 7283 10046 20181
33825 7283 10606 18361
33825 7283 10606 19193
33825 7283 10671 18357
33825 7283 10671 19000
33825 7283 10711 17979
33825 7283 10711 19401
33825 7283 10812 18357
33825 7283 10812 19401
33825 7283 10932 20396
33825 7283 11036 18069
33825 7283 11036 19193
33825 7283 11183 18069
33825 7283 11206 18170
33825 7283 11213 16922
33825 7283 11213 18167
33825 7283 11213 19000
33825 7283 11213 20181
33825 7283 11684 16922
33825 7283 11684 17342
33825 7294 8552 17082
33825 7294 8552 20444
33825 7294 8553 17075
33825 7294 8553 17333
33825 7294 8553 20181
33825 7294 8553 20435
33825 7294 8629 17320
33825 7294 8629 20327
33825 7294 8698 20327
33825 7294 9500 19193
33825 7294 9500 19368
33825 7294 9576 18170
33825 7294 9644 19129
33825 7294 9654 18170
33825 7294 9654 18997
33825 7294 9667 17945
33825 7294 9667 19158
33825 7294 9672 17946
33825 7294 9672 19253
33825 7294 9756 17320
33825 7294 9756 18425
33825 7294 9756 19352
33825 7294 9756 20425
33825 7294 9877 18280
33825 7294 9877 19367
33825 7294 9884 17256
33825 7294 9884 19368
33825 7294 9976 19402
33825 7294 10044 20150
33825 7294 10089 17107
33825 7294 10089 20147
33825 7294 10090 18071
33825 7294 10201 18997
33825 7294 10595 19129
33825 7294 10663 18997
33825 7294 10714 17976
33825 7294 10807 19402
33825 7294 10903 20323
33825 7294 10903 20444
33825 7294 10908 17320
33825 7294 10908 20327
33825 7294 10963 19254
33825 7294 10963 19352
33825 7294 10963 20327
33825 7294 10963 20425
33825 7294 10969 19253
33825 7294 10969 20323
33825 7294 11001 18362
33825 7294 11029 18167
33825 7294 11029 19193
33825 7294 11030 18170
33825 7294 11173 18071
33825 7294 11203 16921
33825 7294 11203 18167
33825 7294 11208 18170
33825 7294 11208 18997
33825 7294 11256 17946
33825 7294 11256 20147
33825 7294 11573 17320
33825 7294 11574 17082
33825 7294 11574 17107
33825 7294 11669 16921
33825 7294 11669 17256
33825 7294 11671 20396
33825 7294 11686 16922
33825 7294 11686 17075
33825 7294 11686 17180
33825 7294 11686 17333
33825 7294 11721 17116
33825 7294 11721 19987
33825 7295 8552 17084
33825 7295 8552 17330
33825 7295 8553 17077
33825 7295 8553 20188
33825 7295 8630 17260
33825 7295 8630 17323
33825 7295 8696 17077
33825 7295 8696 17346
33825 7295 9636 18361
33825 7295 9636 19127
33825 7295 9652 18998
33825 7295 9757 19351
33825 7295 9976 17330
33825 7295 9976 18357
33825 7295 10045 19127
33825 7295 10045 20153
33825 7295 10595 19127
33825 7295 10595 19192
33825 7295 10669 17944
33825 7295 10669 18361
33825 7295 10669 18998
33825 7295 10669 19351
33825 7295 10712 19093
33825 7295 10712 19397
33825 7295 10806 17330
33825 7295 10806 19397
33825 7295 10909 20439
33825 7295 11175 20156
33825 7295 11258 17944
33825 7295 11258 19127
33825 7295 11575 17077
33825 7295 11575 17323
33825 7295 11686 17077
33825 7295 11686 17330
33825 7295 11722 19990
33825 7295 11722 20439
33825 7302 8527 17045
33825 7302 8527 17397
33825 7302 8527 20050
33825 7302 8527 20274
33825 7302 8649 17330
33825 7302 8649 17397
33825 7302 8698 17263
33825 7302 8698 20153
33825 7302 9544 19253
33825 7302 9700 18335
33825 7302 9700 19193
33825 7302 9818 17342
33825 7302 9848 19308
33825 7302 9853 18335
33825 7302 9944 20274
33825 7302 10063 20018
33825 7302 10089 20050
33825 7302 10180 16985
33825 7302 10180 20153
33825 7302 10201 17045
33825 7302 10201 17979
33825 7302 10201 19100
33825 7302 10201 20018
33825 7302 10574 19100
33825 7302 10574 19253
33825 7302 10616 17979
33825 7302 10836 17263
33825 7302 10836 17342
33825 7302 10836 20248
33825 7302 10836 20425
33825 7302 10841 17330
33825 7302 11101 17944
33825 7302 11101 20153
33825 7302 11619 20153
33825 7302 11619 20248
33825 7302 11635 20425
33825 7303 8524 17401
33825 7303 8648 17333
33825 7303 8693 20328
33825 7303 9545 19258
33825 7303 9545 19283
33825 7303 9551 18426
33825 7303 9551 19292
33825 7303 9576 18108
33825 7303 9683 19000
33825 7303 9683 19401
33825 7303 9689 18997
33825 7303 9689 19100
33825 7303 9689 19299
33825 7303 9689 19402
33825 7303 9699 19192
33825 7303 9823 17333
33825 7303 9850 18335
33825 7303 9855 18378
33825 7303 9855 19258
33825 7303 9941 20286
33825 7303 10058 17144
33825 7303 10058 19000
33825 7303 10186 16984
33825 7303 10186 17945
33825 7303 10186 19192
33825 7303 10186 20153
33825 7303 10195 17054
33825 7303 10195 20024
33825 7303 10238 17075
33825 7303 10565 18014
33825 7303 10595 18014
33825 7303 10595 19192
33825 7303 10606 18012
33825 7303 10606 19283
33825 7303 10623 17978
33825 7303 10623 18373
33825 7303 10623 18997
33825 7303 10623 19402
33825 7303 10835 17337
33825 7303 10835 20430
33825 7303 10846 17333
33825 7303 10846 20243
33825 7303 10867 20286
33825 7303 10876 19401
33825 7303 10876 20430
33825 7303 11001 20243
33825 7303 11006 18378
33825 7303 11006 20323
33825 7303 11082 18014
33825 7303 11082 19192
33825 7303 11096 17075
33825 7303 11103 17077
33825 7303 11103 17946
33825 7303 11112 17946
33825 7303 11112 18012
33825 7303 11116 16927
33825 7303 11116 16984
33825 7303 11116 17945
33825 7303 11116 18014
33825 7303 11247 20051
33825 7303 11614 17077
33825 7303 11614 20323
33825 7303 11630 20243
33825 7303 11644 17263
33825 7303 11644 20425
33825 7303 11721 17333
33825 7303 11721 20243
33825 7303 11722 17144
33825 7303 11722 17337
33825 7303 11754 17401
33825 7310 8521 17043
33825 7310 8521 17397
33825 7310 8648 16922
33825 7310 8648 17397
33825 7310 8693 20150
33825 7310 8693 20327
33825 7310 9686 19093
33825 7310 9686 19397
33825 7310 9692 19304
33825 7310 9692 19398
33825 7310 9699 17977
33825 7310 9699 18328
33825 7310 9699 19190
33825 7310 9699 19287
33825 7310 9816 20332
33825 7310 9941 18328
33825 7310 9941 19398
33825 7310 10179 20150
33825 7310 10201 17043
33825 7310 10201 19093
33825 7310 10602 19287
33825 7310 10618 17977
33825 7310 10618 19398
33825 7310 10867 19398
33825 7310 10867 20281
33825 7310 11075 19190
33825 7310 11238 17043
33825 7310 11238 18165
33825 7310 11609 16922
33825 7310 11609 17084
33825 7310 11623 17397
33825 7310 11623 20252
33825 7310 11638 17043
33825 7310 11638 17260
33825 7310 11750 17139
33825 7310 11750 17397
33825 7311 8522 17401
33825 7311 8522 20057
33825 7311 9700 17976
33825 7311 9700 19191
33825 7311 9716 19303
33825 7311 9821 18358
33825 7311 9821 19303
33825 7311 9944 17260
33825 7311 10057 19003
33825 7311 10057 20018
33825 7311 10189 19191
33825 7311 10189 20150
33825 7311 10195 17048
33825 7311 10195 17976
33825 7311 10568 18011
33825 7311 10568 19253
33825 7311 10621 17976
33825 7311 10621 18377
33825 7311 10995 18377
33825 7311 10995 20247
33825 7311 11082 17976
33825 7311 11082 18009
33825 7311 11107 16984
33825 7311 11107 18009
33825 7311 11111 16924
33825 7311 11111 18011
33825 7311 11235 17048
33825 7311 11235 20057
33825 7311 11609 16924
33825 7311 11626 16984
33825 7311 11626 17401
33825 7311 11626 20150
33825 7311 11626 20247
33825 7311 11719 17141
33825 7311 11750 17141
33825 7311 11750 20018
33825 7318 8541 17294
33825 7318 8541 17320
33825 7318 8543 17109
33825 7318 8543 17285
33825 7318 8682 16958
33825 7318 8682 17183
33825 7318 8682 20217
33825 7318 8682 20440
33825 7318 9545 19026
33825 7318 9545 19253
33825 7318 9672 19163
33825 7318 9672 19253
33825 7318 9716 18046
33825 7318 9716 18351
33825 7318 9850 17294
33825 7318 9850 18425
33825 7318 10186 16958
33825 7318 10223 19163
33825 7318 10223 20021
33825 7318 10606 18268
33825 7318 10606 19253
33825 7318 10623 19163
33825 7318 10623 19372
33825 7318 10712 19026
33825 7318 10712 19068
33825 7318 10735 19003
33825 7318 10735 19253
33825 7318 10836 17294
33825 7318 10836 20440
33825 7318 10969 18348
33825 7318 11082 18046
33825 7318 11096 17109
33825 7318 11096 19163
33825 7318 11619 17183
33825 7318 11635 17294
33825 7318 11635 20217
33825 7319 8677 16959
33825 7319 8677 20216
33825 7319 8693 17327
33825 7319 9667 17945
33825 7319 9667 19257
33825 7319 9978 18271
33825 7319 9978 20361
33825 7319 10090 18968
33825 7319 10090 19993
33825 7319 10094 19036
33825 7319 10094 19987
33825 7319 10179 19993
33825 7319 10179 20216
33825 7319 10218 17945
33825 7319 10218 19160
33825 7319 10574 18997
33825 7319 10595 18046
33825 7319 10595 18271
33825 7319 10595 18968
33825 7319 10595 19257
33825 7319 10712 19036
33825 7319 10735 18170
33825 7319 10735 18997
33825 7319 10841 19372
33825 7319 10972 17327
33825 7319 10972 20350
33825 7319 11084 16959
33825 7319 11084 18046
33825 7319 11098 19160
33825 7319 11098 20216
33825 7319 11208 17139
33825 7319 11208 18170
33825 7319 11644 20216
33825 7319 11644 20361
33825 7319 11721 17397
33825 7319 11721 19987
33825 7326 8649 17397
33825 7326 8677 16953
33825 7326 8677 20439
33825 7326 9544 19253
33825 7326 9544 19322
33825 7326 9670 17946
33825 7326 9670 18426
33825 7326 9670 19157
33825 7326 9670 19253
33825 7326 9715 18041
33825 7326 9715 19367
33825 7326 9941 18264
33825 7326 9941 18313
33825 7326 9941 19318
33825 7326 9941 19367
33825 7326 9944 19322
33825 7326 10204 18041
33825 7326 10204 20056
33825 7326 10602 18041
33825 7326 10602 18264
33825 7326 10618 18313
33825 7326 10841 18426
33825 7326 10873 17324
33825 7326 10876 20439
33825 7326 10963 19318
33825 7326 11077 18041
33825 7326 11077 18969
33825 7326 11096 17116
33825 7326 11096 18170
33825 7326 11096 19157
33825 7326 11096 20211
33825 7326 11112 17946
33825 7326 11206 18170
33825 7326 11641 20211
33825 7326 11719 17116
33825 7326 11719 17397
33825 7327 8536 17116
33825 7327 8536 17141
33825 7327 8536 17282
33825 7327 8536 17323
33825 7327 8538 17144
33825 7327 8538 17289
33825 7327 8553 20092
33825 7327 8646 17180
33825 7327 8646 20274
33825 7327 8648 17179
33825 7327 8648 17394
33825 7327 8682 16952
33825 7327 9545 19317
33825 7327 9677 19257
33825 7327 9716 18344
33825 7327 9850 18422
33825 7327 9853 17289
33825 7327 9853 18310
33825 7327 9943 18267
33825 7327 9943 19317
33825 7327 9946 18310
33825 7327 9946 19321
33825 7327 9975 18347
33825 7327 9975 20354
33825 7327 9976 18267
33825 7327 10089 19996
33825 7327 10089 20050
33825 7327 10093 18968
33825 7327 10093 19031
33825 7327 10093 19990
33825 7327 10093 20057
33825 7327 10179 16952
33825 7327 10179 19990
33825 7327 10198 19061
33825 7327 10198 20050
33825 7327 10201 19067
33825 7327 10214 17947
33825 7327 10563 19000
33825 7327 10563 19321
33825 7327 10568 18267
33825 7327 10568 19317
33825 7327 10599 18267
33825 7327 10621 18313
33825 7327 10621 19367
33825 7327 10711 18347
33825 7327 10711 19061
33825 7327 10723 19257
33825 7327 10836 18422
33825 7327 10867 20439
33825 7327 10870 17394
33825 7327 10870 20354
33825 7327 10966 19317
33825 7327 11075 16952
33825 7327 11075 18041
33825 7327 11075 18968
33825 7327 11075 20057
33825 7327 11098 18168
33825 7327 11098 19158
33825 7327 11203 17144
33825 7327 11203 19000
33825 7327 11255 19067
33825 7327 11623 17179
33825 7327 11623 19996
33825 7327 11626 16952
33825 7327 11626 19990
33825 7327 11638 17141
33825 7327 11638 17282
33825 7327 11638 20210
33825 7327 11638 20357
33825 7327 11716 19990
33825 7398 8521 17397
33825 7398 8521 20050
33825 7398 8522 17054
33825 7398 8522 20057
33825 7398 8553 20018
33825 7398 8605 16953
33825 7398 8605 17256
33825 7398 8621 17017
33825 7398 8639 17141
33825 7398 8639 20018
33825 7398 9576 18069
33825 7398 9576 18331
33825 7398 9576 19067
33825 7398 9576 19317
33825 7398 9577 18332
33825 7398 9577 19058
33825 7398 9652 18351
33825 7398 9652 19304
33825 7398 9715 18351
33825 7398 9757 18351
33825 7398 9757 19304
33825 7398 9758 18332
33825 7398 9758 18347
33825 7398 9790 17282
33825 7398 9816 17397
33825 7398 9816 18347
33825 7398 9818 17368
33825 7398 9818 17406
33825 7398 9818 18313
33825 7398 9818 18351
33825 7398 9976 20338
33825 7398 10057 17141
33825 7398 10057 20018
33825 7398 10058 19033
33825 7398 10058 20031
33825 7398 10132 16953
33825 7398 10132 20031
33825 7398 10143 20018
33825 7398 10148 20191
33825 7398 10233 18043
33825 7398 10233 20050
33825 7398 10516 19033
33825 7398 10516 19368
33825 7398 10526 18284
33825 7398 10548 19304
33825 7398 10559 19058
33825 7398 10559 19099
33825 7398 10568 18011
33825 7398 10568 19100
33825 7398 10671 19026
33825 7398 10671 19067
33825 7398 10671 19292
33825 7398 10671 19317
33825 7398 10772 17263
33825 7398 10772 20392
33825 7398 10781 17256
33825 7398 10781 19368
33825 7398 10909 17368
33825 7398 10909 18313
33825 7398 10909 19304
33825 7398 10909 20281
33825 7398 11001 17282
33825 7398 11069 18046
33825 7398 11096 17141
33825 7398 11107 20191
33825 7398 11112 18043
33825 7398 11112 19099
33825 7398 11603 20216
33825 7398 11626 17017
33825 7398 11694 17141
33825 7399 8613 17023
33825 7399 8613 20345
33825 7399 8629 17150
33825 7399 9576 18076
33825 7399 9576 19061
33825 7399 9577 19068
33825 7399 9577 19322
33825 7399 9663 19299
33825 7399 9663 19372
33825 7399 9721 19061
33825 7399 9721 19338
33825 7399 9756 18335
33825 7399 9791 17285
33825 7399 9791 19322
33825 7399 10158 18044
33825 7399 10227 17023
33825 7399 10227 20056
33825 7399 10558 19061
33825 7399 10558 19299
33825 7399 10563 18014
33825 7399 10563 18335
33825 7399 10671 19061
33825 7399 10671 19322
33825 7399 10908 17375
33825 7399 11001 19322
33825 7399 11001 20341
33825 7399 11068 17023
33825 7399 11068 18041
33825 7399 11609 17109
33825 7399 11609 17285
33825 7399 11626 16952
33825 7399 11626 17023
33825 7399 11692 17150
33825 7399 11692 17375
33825 7399 11692 20056
33825 7399 11692 20345
33825 7402 8524 17401
33825 7402 8557 17368
33825 7402 8557 20350
33825 7402 8598 17294
33825 7402 8613 17017
33825 7402 8613 17401
33825 7402 8613 20210
33825 7402 8613 20338
33825 7402 9652 18280
33825 7402 9652 18348
33825 7402 9652 19299
33825 7402 9652 19367
33825 7402 9716 18344
33825 7402 9788 17294
33825 7402 9788 18309
33825 7402 9788 19321
33825 7402 9788 20338
33825 7402 9821 18309
33825 7402 9821 18344
33825 7402 9823 17368
33825 7402 9823 18348
33825 7402 10156 18009
33825 7402 10156 20210
33825 7402 10238 17017
33825 7402 10516 18280
33825 7402 10526 18076
33825 7402 10574 19090
33825 7402 10661 19321
33825 7402 10782 19367
33825 7402 10902 17368
33825 7402 10902 19299
33825 7402 11036 18009
33825 7402 11111 19090
33825 7402 11111 20181
33825 7402 11684 17139
33825 7402 11684 17368
33825 7403 8556 17375
33825 7403 8556 20018
33825 7403 8599 17263
33825 7403 8599 17289
33825 7403 8621 17023
33825 7403 8621 20211
33825 7403 8636 17263
33825 7403 8636 20031
33825 7403 9663 18284
33825 7403 9663 19304
33825 7403 9726 18012
33825 7403 9789 17289
33825 7403 9789 20341
33825 7403 9909 18284
33825 7403 10060 17144
33825 7403 10060 18069
33825 7403 10060 19026
33825 7403 10060 20031
33825 7403 10063 20018
33825 7403 10141 16953
33825 7403 10141 20181
33825 7403 10150 20181
33825 7403 10661 19026
33825 7403 10661 19318
33825 7403 10903 17375
33825 7403 10903 18313
33825 7403 10996 17289
33825 7403 10996 19318
33825 7403 11063 17023
33825 7403 11063 18069
33825 7403 11614 17289
33825 7403 11614 20211
33825 7403 11623 16953
33825 7403 11623 20345
33825 7403 11686 17144
33825 7403 11686 20341
33825 7414 8538 19993
33825 7414 8538 20328
33825 7414 8623 17077
33825 7414 8623 20274
33825 7414 9545 19317
33825 7414 9636 18110
33825 7414 9636 18335
33825 7414 9636 19129
33825 7414 9636 19352
33825 7414 9646 19356
33825 7414 9704 18267
33825 7414 9704 19317
33825 7414 9757 19288
33825 7414 9757 20328
33825 7414 9850 17358
33825 7414 9850 18335
33825 7414 9918 17346
33825 7414 9918 18267
33825 7414 10047 19068
33825 7414 10218 16990
33825 7414 10218 20127
33825 7414 10516 18313
33825 7414 10516 19129
33825 7414 10772 20328
33825 7414 10772 20361
33825 7414 10813 19352
33825 7414 10813 20361
33825 7414 10873 19356
33825 7414 10873 20274
33825 7414 10941 18313
33825 7414 10941 19288
33825 7414 11181 18110
33825 7414 11181 19993
33825 7414 11587 16990
33825 7414 11603 17358
33825 7414 11603 20328
33825 7415 8613 20120
33825 7415 8613 20281
33825 7415 8629 20057
33825 7415 9503 18314
33825 7415 9544 19061
33825 7415 9544 19292
33825 7415 9850 18328
33825 7415 9850 20281
33825 7415 10046 17043
33825 7415 10211 16991
33825 7415 10211 17054
33825 7415 10211 20057
33825 7415 10211 20120
33825 7415 10559 19061
33825 7415 10563 18046
33825 7415 10563 19321
33825 7415 10782 20323
33825 7415 10841 20243
33825 7415 10867 17353
33825 7415 10867 20281
33825 7415 10942 17349
33825 7415 10942 18314
33825 7415 10942 19292
33825 7415 10942 20243
33825 7415 11036 16991
33825 7415 11039 19132
33825 7415 11082 18046
33825 7415 11183 19987
33825 7415 11609 17077
33825 7415 11609 17349
33825 7415 11609 19987
33825 7415 11609 20323
33825 7415 11692 17054
33825 7415 11692 20281
33825 7415 11694 17043
33825 7415 11694 17077
33825 7418 8543 20328
33825 7418 8621 17075
33825 7418 8621 17176
33825 7418 8621 20117
33825 7418 8621 20286
33825 7418 8629 17289
33825 7418 8629 20354
33825 7418 8636 20057
33825 7418 8636 20357
33825 7418 9503 19031
33825 7418 9503 19308
33825 7418 9550 19321
33825 7418 9636 18328
33825 7418 9636 19347
33825 7418 9646 18103
33825 7418 9646 19351
33825 7418 9700 18264
33825 7418 9700 19351
33825 7418 9711 19347
33825 7418 9759 19292
33825 7418 9853 18328
33825 7418 9916 18309
33825 7418 10044 17054
33825 7418 10150 16958
33825 7418 10150 18078
33825 7418 10158 16953
33825 7418 10158 18071
33825 7418 10158 19127
33825 7418 10158 19993
33825 7418 10214 17054
33825 7418 10214 20117
33825 7418 10526 19026
33825 7418 10565 19321
33825 7418 10574 18041
33825 7418 10574 19031
33825 7418 10724 18328
33825 7418 10781 18264
33825 7418 10781 20357
33825 7418 10813 18328
33825 7418 10813 19347
33825 7418 10836 19308
33825 7418 10836 20248
33825 7418 10846 18284
33825 7418 10846 19303
33825 7418 10870 19347
33825 7418 10935 18309
33825 7418 11029 18103
33825 7418 11029 20057
33825 7418 11030 16984
33825 7418 11063 20117
33825 7418 11068 18041
33825 7418 11068 18078
33825 7418 11084 18046
33825 7418 11084 19061
33825 7418 11173 18071
33825 7418 11173 18108
33825 7418 11173 19993
33825 7418 11173 20018
33825 7418 11604 20328
33825 7418 11638 16958
33825 7418 11638 17043
33825 7418 11644 17054
33825 7418 11644 20117
33825 7418 11671 17358
33825 7418 11684 17043
33825 7418 11684 20248
33825 7418 11686 17054
33825 7418 11686 17075
33825 7418 11686 20243
33825 7418 11686 20286
33825 7419 8541 17349
33825 7419 8541 19987
33825 7419 8615 20277
33825 7419 9502 18310
33825 7419 9502 19299
33825 7419 9551 19036
33825 7419 9758 18358
33825 7419 9758 20323
33825 7419 9853 17353
33825 7419 9853 18335
33825 7419 9853 19299
33825 7419 9853 20277
33825 7419 9918 18268
33825 7419 9918 18310
33825 7419 10045 18069
33825 7419 10045 20085
33825 7419 10148 18076
33825 7419 10148 19987
33825 7419 10156 18069
33825 7419 10156 19122
33825 7419 10223 20056
33825 7419 10223 20114
33825 7419 10516 18310
33825 7419 10516 19033
33825 7419 10812 18335
33825 7419 10932 17353
33825 7419 10932 18310
33825 7419 11062 18069
33825 7419 11062 20114
33825 7419 11077 16952
33825 7419 11077 19068
33825 7419 11175 18069
33825 7419 11175 19987
33825 7419 11614 19987
33825 7419 11614 20323
33825 7419 11638 16952
33825 7732 9032 19615
33825 7732 9039 19607
33825 7732 9039 20439
33825 7732 9069 19642
33825 7732 9087 19671
33825 7732 9087 19698
33825 7732 9545 18871
33825 7732 9576 18874
33825 7732 9576 19955
33825 7732 9670 17023
33825 7732 9670 18782
33825 7732 9677 18815
33825 7732 9683 18830
33825 7732 9721 18011
33825 7732 9721 18850
33825 7732 9816 19962
33825 7732 9850 18850
33825 7732 9850 19955
33825 7732 9853 19962
33825 7732 9978 19843
33825 7732 9978 19878
33825 7732 10060 19675
33825 7732 10060 20439
33825 7732 10063 17811
33825 7732 10063 18071
33825 7732 10063 19671
33825 7732 10063 20435
33825 7732 10090 17846
33825 7732 10090 18071
33825 7732 10090 19698
33825 7732 10090 20435
33825 7732 10198 18011
33825 7732 10198 19551
33825 7732 10204 17826
33825 7732 10204 18014
33825 7732 10204 19547
33825 7732 10204 20391
33825 7732 10214 19615
33825 7732 10214 19642
33825 7732 10223 17843
33825 7732 10223 19607
33825 7732 10233 17826
33825 7732 10233 18043
33825 7732 10233 19547
33825 7732 10233 20354
33825 7732 10361 17371
33825 7732 10361 17406
33825 7732 10451 17323
33825 7732 10451 18782
33825 7732 10454 17327
33825 7732 10483 17327
33825 7732 10698 17075
33825 7732 10712 16991
33825 7732 10712 17018
33825 7732 10728 17023
33825 7732 10728 17843
33825 7732 10735 17075
33825 7732 11084 19671
33825 7732 11084 19698
33825 7732 11206 19615
33825 7732 11235 19642
33825 7732 11238 18874
33825 7732 11238 19551
33825 7732 11359 16854
33825 7732 12121 19698
33825 7732 12136 19615
33825 7732 12136 19642
33825 7732 12153 17323
33825 7732 12153 19675
33825 7732 12156 19671
33825 7733 9033 17082
33825 7733 9033 20439
33825 7733 9082 19702
33825 7733 9082 20354
33825 7733 9577 18078
33825 7733 9667 16990
33825 7733 9672 18811
33825 7733 9715 19855
33825 7733 9975 18783
33825 7733 9975 18811
33825 7733 9975 19855
33825 7733 9975 19883
33825 7733 10093 17847
33825 7733 10093 18078
33825 7733 10211 19611
33825 7733 10218 17810
33825 7733 10218 17847
33825 7733 10218 19603
33825 7733 10218 19638
33825 7733 10238 17827
33825 7733 10238 20354
33825 7733 10364 17375
33825 7733 10364 18831
33825 7733 10460 18783
33825 7733 10460 20354
33825 7733 10602 17810
33825 7733 10691 17082
33825 7733 11213 19603
33825 7733 11255 18831
33825 7733 11352 19883
33825 7733 11352 20354
33825 7733 11354 17394
33825 7733 12140 17375
33825 7733 12140 17394
33825 7733 12140 19611
33825 7733 12140 19638
33825 7734 9085 19710
33825 7734 9085 20392
33825 7734 9551 17116
33825 7734 9551 18069
33825 7734 9689 18818
33825 7734 9689 19874
33825 7734 9716 18009
33825 7734 9716 19855
33825 7734 9848 17826
33825 7734 9848 18859
33825 7734 9976 18811
33825 7734 9976 19874
33825 7734 10094 18069
33825 7734 10195 19551
33825 7734 10195 20392
33825 7734 10201 17826
33825 7734 10201 19547
33825 7734 10238 19547
33825 7734 10238 20357
33825 7734 10361 17372
33825 7734 10361 17397
33825 7734 10361 18818
33825 7734 10361 18859
33825 7734 10691 17822
33825 7734 10714 16984
33825 7734 10714 18009
33825 7734 11082 19710
33825 7734 11208 18811
33825 7734 11208 19547
33825 7734 11247 19547
33825 7734 11247 19634
33825 7734 11357 19855
33825 7734 11359 17372
33825 7734 11359 20357
33825 7734 12136 17397
33825 7734 12136 19634
33825 7735 9080 19667
33825 7735 9080 19706
33825 7735 9080 20357
33825 7735 9080 20396
33825 7735 9550 18076
33825 7735 9550 18867
33825 7735 9576 18076
33825 7735 9576 19962
33825 7735 9683 16985
33825 7735 9683 19887
33825 7735 9973 18782
33825 7735 9973 19887
33825 7735 10060 17823
33825 7735 10060 19679
33825 7735 10063 18076
33825 7735 10063 19667
33825 7735 10089 18076
33825 7735 10089 19706
33825 7735 10233 20357
33825 7735 10364 17368
33825 7735 10364 18863
33825 7735 10698 16985
33825 7735 10698 17790
33825 7735 10712 17020
33825 7735 10735 17020
33825 7735 10735 17077
33825 7735 11082 17368
33825 7735 11082 19679
33825 7735 11203 18878
33825 7735 11352 20396
33825 7735 11354 17368
33825 7735 11354 19887
33825 7735 12140 17368
33825 7735 12140 19646
33825 7735 12156 17320
33825 7735 12156 19887
33825 7747 9143 19547
33825 7747 9143 20425
33825 7747 9156 19578
33825 7747 9189 19547
33825 7747 9189 19710
33825 7747 9503 18890
33825 7747 9636 19806
33825 7747 9644 17141
33825 7747 9700 17976
33825 7747 9823 19962
33825 7747 9879 18811
33825 7747 10150 17786
33825 7747 10156 18009
33825 7747 10156 19547
33825 7747 10189 17976
33825 7747 10189 19607
33825 7747 10238 19547
33825 7747 10238 20357
33825 7747 10303 17368
33825 7747 10303 18890
33825 7747 10334 17879
33825 7747 10334 18859
33825 7747 10671 16984
33825 7747 10671 17141
33825 7747 10671 17786
33825 7747 10671 17879
33825 7747 11175 17372
33825 7747 11175 18009
33825 7747 11175 18811
33825 7747 11175 19710
33825 7747 11255 18859
33825 7747 12196 17372
33825 7747 12198 16984
33825 7747 12198 17368
33825 7747 12198 19578
33825 7747 12198 19962
33825 7750 9149 16984
33825 7750 9193 16786
33825 7750 9193 19698
33825 7750 9652 19887
33825 7750 9818 17806
33825 7750 9818 19887
33825 7750 10045 17806
33825 7750 10045 18136
33825 7750 10045 19615
33825 7750 10045 20425
33825 7750 10046 17794
33825 7750 10132 19582
33825 7750 10141 17976
33825 7750 10148 20440
33825 7750 10158 19547
33825 7750 10158 19698
33825 7750 10179 17791
33825 7750 10179 17976
33825 7750 10179 19615
33825 7750 10179 20440
33825 7750 10233 17794
33825 7750 10233 18012
33825 7750 10233 19547
33825 7750 10233 20357
33825 7750 10329 17324
33825 7750 10329 18850
33825 7750 10388 20425
33825 7750 10669 16984
33825 7750 10669 17791
33825 7750 10691 18136
33825 7750 11096 17324
33825 7750 11183 18012
33825 7750 11183 19698
33825 7750 11423 20357
33825 7750 12264 19698
33825 7750 12264 19803
33825 7753 9149 16991
33825 7753 9149 20430
33825 7753 9189 16703
33825 7753 9189 19702
33825 7753 9501 17054
33825 7753 9501 18863
33825 7753 9502 17043
33825 7753 9502 18890
33825 7753 9638 18138
33825 7753 9638 18802
33825 7753 9646 17139
33825 7753 9652 16991
33825 7753 9652 18887
33825 7753 9663 18890
33825 7753 9663 19883
33825 7753 9821 17807
33825 7753 9821 19966
33825 7753 9877 17807
33825 7753 9877 19766
33825 7753 9886 17795
33825 7753 9886 18802
33825 7753 9911 16698
33825 7753 9911 17867
33825 7753 9916 16703
33825 7753 9916 18863
33825 7753 10044 17807
33825 7753 10044 19615
33825 7753 10047 17795
33825 7753 10047 18138
33825 7753 10134 17867
33825 7753 10134 20354
33825 7753 10143 17978
33825 7753 10150 20338
33825 7753 10189 17790
33825 7753 10189 19615
33825 7753 10228 17807
33825 7753 10228 19543
33825 7753 10293 17375
33825 7753 10293 17862
33825 7753 10324 18863
33825 7753 10324 20439
33825 7753 10661 16991
33825 7753 10661 17878
33825 7753 10692 16703
33825 7753 10692 18135
33825 7753 11181 17375
33825 7753 11181 18014
33825 7753 11253 18863
33825 7753 11253 19574
33825 7753 11286 16786
33825 7753 11286 19955
33825 7753 11287 17323
33825 7753 11316 16839
33825 7753 11316 17375
33825 7753 11319 16786
33825 7753 11319 17371
33825 7753 11421 16703
33825 7753 11421 17294
33825 7753 11423 16698
33825 7753 11423 20354
33825 7753 12053 19615
33825 7753 12053 19878
33825 7753 12055 17043
33825 7753 12055 19883
33825 7753 12204 16991
33825 7753 12204 17375
33825 7753 12206 17371
33825 7753 12206 19955
33825 7753 12260 19615
33825 7753 12260 19799
33825 7756 9193 16698
33825 7756 9193 16791
33825 7756 9193 19543
33825 7756 9193 19706
33825 7756 9909 16703
33825 7756 9909 17867
33825 7756 9909 18854
33825 7756 9909 19794
33825 7756 9918 16698
33825 7756 10148 17882
33825 7756 10158 18011
33825 7756 10158 19706
33825 7756 10179 19607
33825 7756 10179 20439
33825 7756 10227 18011
33825 7756 10227 19543
33825 7756 10293 17867
33825 7756 10323 17323
33825 7756 10323 17882
33825 7756 10323 18854
33825 7756 10323 20439
33825 7756 10516 17139
33825 7756 10663 16991
33825 7756 10663 17139
33825 7756 10698 16703
33825 7756 10698 17054
33825 7756 11173 18011
33825 7756 11173 18806
33825 7756 11256 18011
33825 7756 11256 19570
33825 7756 11284 20430
33825 7756 11285 17323
33825 7756 11316 16791
33825 7756 11514 19794
33825 7756 12055 17054
33825 7756 12265 19607
33825 7763 9108 16778
33825 7763 9108 17116
33825 7763 9108 19514
33825 7763 9108 20332
33825 7763 9125 16798
33825 7763 9127 16795
33825 7763 9127 20281
33825 7763 9175 16747
33825 7763 9502 18891
33825 7763 9502 19911
33825 7763 9551 18069
33825 7763 9551 18871
33825 7763 9646 17977
33825 7763 9646 18715
33825 7763 9652 18168
33825 7763 9663 18165
33825 7763 9663 18794
33825 7763 9716 17084
33825 7763 9716 18794
33825 7763 9757 17863
33825 7763 9788 19915
33825 7763 9791 16858
33825 7763 9791 19911
33825 7763 9975 18715
33825 7763 10046 19611
33825 7763 10046 19671
33825 7763 10046 20361
33825 7763 10046 20421
33825 7763 10141 19671
33825 7763 10198 17770
33825 7763 10204 17977
33825 7763 10268 17337
33825 7763 10268 17397
33825 7763 10268 20361
33825 7763 10268 20421
33825 7763 10388 17260
33825 7763 10388 20444
33825 7763 10431 17397
33825 7763 10460 17349
33825 7763 10460 20281
33825 7763 10484 17770
33825 7763 10494 18715
33825 7763 10559 17863
33825 7763 10661 16702
33825 7763 10661 17084
33825 7763 10669 17077
33825 7763 10709 17977
33825 7763 11036 17349
33825 7763 11036 18165
33825 7763 11084 17397
33825 7763 11084 19671
33825 7763 11175 17977
33825 7763 11175 18715
33825 7763 11247 17397
33825 7763 11247 19671
33825 7763 11255 17260
33825 7763 11255 18891
33825 7763 11414 16858
33825 7763 11414 20444
33825 7763 11446 16778
33825 7763 11446 17176
33825 7763 11446 19966
33825 7763 11446 20332
33825 7763 11479 16702
33825 7763 11479 16795
33825 7763 11509 16747
33825 7763 12198 16952
33825 7763 12198 19738
33825 7763 12260 17180
33825 7763 12260 19518
33825 7767 9118 16771
33825 7767 9118 17109
33825 7767 9176 19514
33825 7767 9176 20332
33825 7767 9502 18819
33825 7767 9502 18890
33825 7767 9544 17109
33825 7767 9544 18076
33825 7767 9544 18867
33825 7767 9544 19962
33825 7767 9646 18714
33825 7767 9715 16921
33825 7767 9715 18798
33825 7767 9758 16771
33825 7767 9758 17866
33825 7767 9758 18867
33825 7767 9758 19962
33825 7767 9877 18830
33825 7767 9886 16851
33825 7767 9886 18819
33825 7767 9976 18714
33825 7767 10044 19615
33825 7767 10044 20425
33825 7767 10057 17811
33825 7767 10058 17823
33825 7767 10058 20440
33825 7767 10143 19667
33825 7767 10143 20357
33825 7767 10195 19615
33825 7767 10195 20425
33825 7767 10211 17944
33825 7767 10211 20281
33825 7767 10218 17945
33825 7767 10268 20425
33825 7767 10389 18798
33825 7767 10389 20440
33825 7767 10421 17401
33825 7767 10451 17823
33825 7767 10451 20281
33825 7767 10483 20425
33825 7767 10489 17333
33825 7767 10559 16771
33825 7767 10559 17109
33825 7767 10714 17774
33825 7767 10714 17976
33825 7767 11039 17349
33825 7767 11039 18890
33825 7767 11082 19615
33825 7767 11173 19615
33825 7767 11183 17333
33825 7767 11235 17401
33825 7767 11258 17256
33825 7767 11258 17944
33825 7767 11423 16698
33825 7767 11423 16851
33825 7767 11455 16771
33825 7767 11480 16698
33825 7767 11480 17349
33825 7767 11514 16751
33825 7767 11514 17176
33825 7767 11514 19743
33825 7767 11514 20328
33825 7767 12204 16953
33825 7767 12204 17176
33825 7767 12204 19518
33825 7767 12204 19743
33825 7767 12220 16921
33825 7767 12220 17256
33825 7767 12222 16924
33825 7767 12265 17109
33825 7769 9038 16786
33825 7769 9038 17075
33825 7769 9038 19698
33825 7769 9038 20435
33825 7769 9039 17082
33825 7769 9039 19706
33825 7769 9118 17107
33825 7769 9118 20323
33825 7769 9133 16791
33825 7769 9133 16927
33825 7769 9135 16786
33825 7769 9135 16922
33825 7769 9135 19642
33825 7769 9135 20274
33825 7769 9173 16958
33825 7769 9503 18818
33825 7769 9503 18890
33825 7769 9503 19843
33825 7769 9503 19915
33825 7769 9550 17107
33825 7769 9550 18867
33825 7769 9636 18711
33825 7769 9636 19734
33825 7769 9654 17947
33825 7769 9654 18170
33825 7769 9654 18787
33825 7769 9654 18818
33825 7769 9661 18167
33825 7769 9661 18831
33825 7769 9726 16922
33825 7769 9726 17075
33825 7769 9726 18787
33825 7769 9726 18890
33825 7769 9756 16783
33825 7769 9756 17862
33825 7769 9789 17823
33825 7769 9789 19911
33825 7769 9790 16858
33825 7769 9790 17811
33825 7769 9790 18818
33825 7769 9790 19915
33825 7769 9879 16858
33825 7769 9879 17883
33825 7769 9879 18818
33825 7769 9879 19843
33825 7769 9884 17878
33825 7769 9884 18831
33825 7769 9973 17774
33825 7769 10045 19615
33825 7769 10045 19671
33825 7769 10060 17823
33825 7769 10060 19638
33825 7769 10063 17811
33825 7769 10063 18170
33825 7769 10063 19642
33825 7769 10063 20435
33825 7769 10132 19510
33825 7769 10132 19671
33825 7769 10198 19506
33825 7769 10198 20418
33825 7769 10204 19510
33825 7769 10204 19615
33825 7769 10214 17883
33825 7769 10214 17947
33825 7769 10214 19698
33825 7769 10214 20274
33825 7769 10223 17946
33825 7769 10223 19706
33825 7769 10262 17394
33825 7769 10262 20418
33825 7769 10398 17259
33825 7769 10398 17883
33825 7769 10398 18787
33825 7769 10398 20435
33825 7769 10421 20366
33825 7769 10454 17346
33825 7769 10454 17811
33825 7769 10454 18787
33825 7769 10454 20274
33825 7769 10484 17862
33825 7769 10484 20327
33825 7769 10494 18867
33825 7769 10494 20323
33825 7769 10549 18078
33825 7769 10663 16699
33825 7769 10663 17075
33825 7769 10663 17811
33825 7769 10663 17947
33825 7769 10671 17082
33825 7769 10671 17946
33825 7769 10711 16747
33825 7769 10711 17979
33825 7769 10724 17878
33825 7769 10724 18167
33825 7769 10735 16699
33825 7769 10735 16922
33825 7769 10735 17883
33825 7769 10735 18170
33825 7769 11030 17346
33825 7769 11030 18170
33825 7769 11030 18890
33825 7769 11030 19698
33825 7769 11077 17342
33825 7769 11175 17179
33825 7769 11175 17979
33825 7769 11181 17183
33825 7769 11181 18711
33825 7769 11238 17394
33825 7769 11238 19506
33825 7769 11255 17259
33825 7769 11255 17947
33825 7769 11255 18890
33825 7769 11255 19642
33825 7769 11316 16791
33825 7769 11316 19846
33825 7769 11318 16786
33825 7769 11318 16858
33825 7769 11318 19843
33825 7769 11318 19915
33825 7769 11423 16699
33825 7769 11423 16858
33825 7769 11423 20274
33825 7769 11423 20435
33825 7769 11453 16783
33825 7769 11453 20327
33825 7769 11479 16699
33825 7769 11479 16786
33825 7769 11479 17259
33825 7769 11479 17346
33825 7769 11511 16747
33825 7769 11511 17179
33825 7769 12052 19638
33825 7769 12052 19911
33825 7769 12055 17075
33825 7769 12055 17346
33825 7769 12055 19642
33825 7769 12055 19915
33825 7769 12204 17183
33825 7769 12204 19734
33825 7769 12220 16927
33825 7769 12220 19846
33825 7769 12222 16922
33825 7769 12222 17259
33825 7769 12222 19698
33825 7769 12222 19843
33825 7769 12261 19966
33825 7773 9032 19702
33825 7773 9033 19710
33825 7773 9033 20439
33825 7773 9108 17114
33825 7773 9178 16751
33825 7773 9503 18891
33825 7773 9503 19850
33825 7773 9545 18871
33825 7773 9636 16959
33825 7773 9636 17978
33825 7773 9636 18710
33825 7773 9636 19731
33825 7773 9721 18791
33825 7773 9721 18891
33825 7773 9759 17867
33825 7773 9759 18871
33825 7773 9978 16751
33825 7773 9978 19731
33825 7773 10047 19611
33825 7773 10134 19506
33825 7773 10134 19667
33825 7773 10134 20323
33825 7773 10134 20354
33825 7773 10195 17867
33825 7773 10201 18071
33825 7773 10262 17330
33825 7773 10262 20430
33825 7773 10399 17882
33825 7773 10399 20439
33825 7773 10431 17179
33825 7773 10431 20327
33825 7773 10457 18791
33825 7773 10457 20274
33825 7773 10489 17867
33825 7773 10489 18871
33825 7773 10549 17867
33825 7773 10712 16751
33825 7773 10712 16959
33825 7773 10712 17770
33825 7773 10712 17978
33825 7773 10723 17879
33825 7773 10728 16703
33825 7773 10728 17882
33825 7773 11029 17346
33825 7773 11029 19710
33825 7773 11075 19611
33825 7773 11173 18071
33825 7773 11183 18871
33825 7773 11242 17183
33825 7773 11242 17406
33825 7773 11242 19506
33825 7773 11242 19667
33825 7773 11258 17263
33825 7773 11258 19634
33825 7773 11316 16851
33825 7773 11316 19850
33825 7773 11318 19855
33825 7773 11414 16851
33825 7773 11414 20274
33825 7773 11444 16774
33825 7773 11444 19962
33825 7773 11480 16703
33825 7773 11480 17263
33825 7773 11512 16751
33825 7773 11512 19731
33825 7773 12053 19646
33825 7773 12054 17346
33825 7773 12054 19634
33825 7773 12198 19731
33825 7773 12264 17114
33825 7779 9188 17116
33825 7779 9188 19642
33825 7779 9646 19959
33825 7779 9757 19850
33825 7779 9757 19959
33825 7779 9855 16858
33825 7779 9855 19850
33825 7779 9911 17867
33825 7779 9911 19918
33825 7779 10045 19642
33825 7779 10045 19671
33825 7779 10158 19547
33825 7779 10158 19671
33825 7779 10204 17831
33825 7779 10204 18041
33825 7779 10204 19547
33825 7779 10204 20357
33825 7779 10214 19582
33825 7779 10271 17397
33825 7779 10271 18874
33825 7779 10364 17289
33825 7779 10364 17397
33825 7779 10428 17349
33825 7779 10428 20357
33825 7779 10559 17109
33825 7779 10559 17831
33825 7779 10661 17116
33825 7779 10661 18041
33825 7779 10669 16984
33825 7779 10669 17109
33825 7779 11039 17349
33825 7779 11039 19642
33825 7779 11479 17289
33825 7779 12213 19918
33825 7779 12230 16984
33825 7779 12230 19642
33825 7780 9133 16854
33825 7780 9133 17023
33825 7780 9133 19578
33825 7780 9133 20435
33825 7780 9135 20439
33825 7780 9501 17075
33825 7780 9501 18170
33825 7780 9638 17023
33825 7780 9638 19962
33825 7780 9667 18782
33825 7780 9667 19962
33825 7780 9757 18890
33825 7780 9757 19962
33825 7780 9848 16854
33825 7780 9848 19962
33825 7780 10044 17826
33825 7780 10044 19675
33825 7780 10156 18046
33825 7780 10156 19547
33825 7780 10201 17826
33825 7780 10201 19547
33825 7780 10218 20435
33825 7780 10361 17294
33825 7780 10361 20439
33825 7780 10422 18830
33825 7780 10559 17075
33825 7780 10559 17826
33825 7780 10714 16774
33825 7780 10714 17826
33825 7780 11036 18818
33825 7780 11036 19634
33825 7780 12220 17346
33825 7780 12220 19547
33825 7780 12233 19547
33825 7780 12233 19634
33825 7780 12264 19578
33825 7786 9085 16771
33825 7786 9085 17109
33825 7786 9087 17116
33825 7786 9087 19671
33825 7786 9133 16851
33825 7786 9133 20440
33825 7786 9135 17020
33825 7786 9135 20444
33825 7786 9189 17116
33825 7786 9189 19671
33825 7786 9500 18165
33825 7786 9500 18818
33825 7786 9644 17017
33825 7786 9644 18133
33825 7786 9644 18770
33825 7786 9644 19966
33825 7786 9670 18867
33825 7786 9677 18771
33825 7786 9677 18878
33825 7786 9759 19843
33825 7786 9853 16851
33825 7786 9909 18818
33825 7786 9909 19911
33825 7786 9918 17863
33825 7786 10046 19671
33825 7786 10148 18044
33825 7786 10148 18168
33825 7786 10148 19539
33825 7786 10148 19671
33825 7786 10204 17826
33825 7786 10223 20440
33825 7786 10262 17285
33825 7786 10262 18878
33825 7786 10358 20440
33825 7786 10398 17180
33825 7786 10421 17863
33825 7786 10549 17116
33825 7786 10663 17109
33825 7786 10663 18165
33825 7786 10671 16984
33825 7786 10671 17116
33825 7786 10671 18044
33825 7786 10671 18168
33825 7786 10711 17826
33825 7786 10724 16851
33825 7786 10735 17020
33825 7786 10735 18136
33825 7786 11030 18830
33825 7786 11175 17397
33825 7786 11175 18133
33825 7786 11175 18770
33825 7786 11175 19570
33825 7786 11181 18136
33825 7786 11181 18771
33825 7786 11213 18867
33825 7786 11284 16771
33825 7786 11284 19911
33825 7786 11287 20361
33825 7786 11316 16851
33825 7786 11316 20440
33825 7786 11317 16802
33825 7786 11317 20444
33825 7786 11477 16807
33825 7786 11477 20396
33825 7786 11479 16802
33825 7786 11479 17285
33825 7786 12220 17353
33825 7786 12220 19906
33825 7786 12231 17077
33825 7786 12231 19646
33825 7789 9082 16783
33825 7789 9193 19675
33825 7789 9503 17082
33825 7789 9636 18138
33825 7789 9636 19955
33825 7789 9850 16803
33825 7789 9850 16863
33825 7789 9850 19855
33825 7789 9850 19955
33825 7789 10047 17831
33825 7789 10047 17866
33825 7789 10047 19638
33825 7789 10047 19675
33825 7789 10150 19539
33825 7789 10201 17831
33825 7789 10201 20366
33825 7789 10211 17787
33825 7789 10211 18138
33825 7789 10262 17394
33825 7789 10431 17866
33825 7789 10712 16783
33825 7789 10712 16991
33825 7789 10728 16863
33825 7789 10728 18138
33825 7789 11173 17394
33825 7789 11173 18135
33825 7789 11183 18138
33825 7789 11183 19574
33825 7789 11285 20366
33825 7789 11286 17358
33825 7789 11316 16803
33825 7789 11446 19855
33825 7789 12232 16991
33825 7789 12232 17082
33825 7789 12232 19539
33825 7789 12232 19638
33825 7795 9140 19706
33825 7795 9140 20396
33825 7795 9173 16846
33825 7795 9173 19611
33825 7795 9789 17847
33825 7795 9789 19911
33825 7795 9943 16750
33825 7795 10093 18101
33825 7795 10093 18136
33825 7795 10093 19607
33825 7795 10093 19706
33825 7795 10094 19611
33825 7795 10134 18136
33825 7795 10134 20396
33825 7795 10156 17847
33825 7795 10156 17945
33825 7795 10302 17337
33825 7795 10302 17847
33825 7795 10388 17770
33825 7795 10388 20396
33825 7795 10671 16952
33825 7795 10671 17847
33825 7795 10701 16887
33825 7795 10701 16952
33825 7795 11068 18101
33825 7795 11183 19607
33825 7795 11414 17368
33825 7795 11414 20252
33825 7795 11446 19822
33825 7795 11446 20396
33825 7795 11511 16747
33825 7795 11511 17337
33825 7795 12196 16952
33825 7795 12196 19646
33825 7795 12230 16952
33825 7795 12230 17368
33825 7797 9150 16803
33825 7797 9150 19702
33825 7797 9178 16839
33825 7797 9178 20418
33825 7797 9788 19887
33825 7797 9911 19771
33825 7797 9911 19887
33825 7797 9946 16791
33825 7797 9946 19906
33825 7797 10141 20391
33825 7797 10158 17843
33825 7797 10158 19638
33825 7797 10179 17946
33825 7797 10179 19675
33825 7797 10186 17879
33825 7797 10186 19667
33825 7797 10302 17330
33825 7797 10302 17879
33825 7797 10525 16839
33825 7797 10669 16791
33825 7797 10669 16958
33825 7797 10669 17843
33825 7797 10669 17946
33825 7797 11112 17330
33825 7797 11112 19675
33825 7797 11175 18110
33825 7797 11453 16803
33825 7797 11453 20391
33825 7797 11480 17263
33825 7797 11480 20418
33825 7797 11514 17330
33825 7797 11514 19906
33825 7797 12204 17330
33825 7797 12204 19638
33825 7797 12233 16958
33825 7797 12233 19667
33825 7802 9069 16883
33825 7802 9149 16803
33825 7802 9149 17141
33825 7802 9149 19710
33825 7802 9149 20392
33825 7802 9757 16803
33825 7802 9941 19762
33825 7802 10143 19475
33825 7802 10143 20392
33825 7802 10156 17842
33825 7802 10228 18108
33825 7802 10228 19475
33825 7802 10238 19479
33825 7802 10238 20425
33825 7802 10293 17337
33825 7802 10293 17372
33825 7802 10293 17842
33825 7802 10293 17879
33825 7802 10661 16786
33825 7802 10661 16953
33825 7802 10692 16883
33825 7802 10692 17879
33825 7802 11111 19634
33825 7802 11181 17976
33825 7802 11181 19475
33825 7802 11206 19475
33825 7802 11206 19710
33825 7802 11285 16786
33825 7802 11287 19918
33825 7802 11423 17372
33825 7802 11479 20425
33825 7802 12055 17141
33825 7802 12204 16953
33825 7802 12204 17337
33825 7802 12204 19634
33825 7802 12204 19762
33825 7804 9065 19642
33825 7804 9065 19671
33825 7804 9066 16882
33825 7804 9066 19679
33825 7804 9143 19698
33825 7804 9178 19615
33825 7804 9683 18886
33825 7804 9790 19878
33825 7804 9790 19915
33825 7804 9909 19762
33825 7804 9918 16746
33825 7804 9918 19883
33825 7804 9944 19762
33825 7804 10089 18135
33825 7804 10089 19603
33825 7804 10090 19615
33825 7804 10090 19698
33825 7804 10132 17770
33825 7804 10132 18138
33825 7804 10132 19475
33825 7804 10132 20387
33825 7804 10158 17846
33825 7804 10158 17947
33825 7804 10158 19642
33825 7804 10158 20247
33825 7804 10179 17883
33825 7804 10179 17947
33825 7804 10179 19671
33825 7804 10179 20247
33825 7804 10186 19679
33825 7804 10186 20243
33825 7804 10227 17771
33825 7804 10227 19479
33825 7804 10233 17770
33825 7804 10233 18103
33825 7804 10233 19475
33825 7804 10233 20430
33825 7804 10293 17330
33825 7804 10293 17375
33825 7804 10389 17263
33825 7804 10389 17771
33825 7804 10398 17259
33825 7804 10483 17259
33825 7804 10516 17043
33825 7804 10516 17150
33825 7804 10519 16846
33825 7804 10519 17139
33825 7804 10663 16959
33825 7804 10698 16959
33825 7804 11107 19642
33825 7804 11107 19671
33825 7804 11173 19615
33825 7804 11203 18135
33825 7804 11203 19479
33825 7804 11208 19698
33825 7804 11285 16882
33825 7804 11285 19883
33825 7804 11287 16798
33825 7804 11412 16746
33825 7804 11412 20243
33825 7804 11444 16807
33825 7804 11482 16846
33825 7804 11482 17263
33825 7804 11512 16751
33825 7804 12052 17139
33825 7804 12052 19603
33825 7804 12053 19615
33825 7804 12053 19698
33825 7804 12196 19642
33825 7804 12233 19671
33825 7828 9069 19514
33825 7828 9069 20243
33825 7828 9192 16886
33825 7828 9192 20243
33825 7828 9577 18711
33825 7828 9672 17139
33825 7828 9686 19850
33825 7828 9689 18014
33825 7828 9946 18802
33825 7828 9976 16806
33825 7828 9976 17795
33825 7828 9976 18863
33825 7828 9976 19850
33825 7828 10063 19543
33825 7828 10063 20243
33825 7828 10186 19506
33825 7828 10186 20243
33825 7828 10223 18135
33825 7828 10223 19479
33825 7828 10233 17794
33825 7828 10323 17323
33825 7828 10323 17375
33825 7828 10358 17294
33825 7828 10358 18863
33825 7828 10457 17323
33825 7828 10616 17795
33825 7828 10623 16806
33825 7828 10623 17139
33825 7828 10623 17794
33825 7828 10623 18135
33825 7828 11116 18711
33825 7828 11116 18802
33825 7828 11116 19506
33825 7828 11116 19543
33825 7828 12140 19479
33825 7828 12147 17294
33825 7829 9070 19539
33825 7829 9159 16927
33825 7829 9159 17150
33825 7829 9159 19483
33825 7829 9159 19706
33825 7829 9161 16922
33825 7829 9161 19710
33825 7829 9175 17023
33825 7829 9175 19578
33825 7829 9178 16807
33825 7829 9193 20247
33825 7829 9576 18715
33825 7829 9576 19794
33825 7829 9580 18815
33825 7829 9580 19803
33825 7829 9683 19855
33825 7829 9692 17023
33825 7829 9692 18863
33825 7829 9699 18170
33825 7829 9699 18715
33825 7829 9704 18710
33825 7829 9704 19762
33825 7829 9943 18815
33825 7829 9943 19803
33825 7829 9978 16807
33825 7829 9978 17795
33825 7829 10058 19539
33825 7829 10189 20247
33825 7829 10211 17979
33825 7829 10211 18138
33825 7829 10211 19483
33825 7829 10211 19706
33825 7829 10238 17795
33825 7829 10334 17879
33825 7829 10361 17795
33825 7829 10364 17794
33825 7829 10364 18863
33825 7829 10460 17327
33825 7829 10460 17826
33825 7829 10460 18815
33825 7829 10460 20338
33825 7829 10595 17018
33825 7829 10595 18014
33825 7829 10618 17794
33825 7829 10618 18135
33825 7829 10621 16807
33825 7829 10621 17795
33825 7829 10698 17107
33825 7829 10698 18167
33825 7829 10701 16887
33825 7829 10701 18170
33825 7829 11084 19574
33825 7829 11096 17282
33825 7829 11101 18135
33825 7829 11101 19710
33825 7829 11111 18815
33825 7829 11357 16807
33825 7829 11389 16771
33825 7829 11389 16887
33825 7829 11512 16774
33825 7829 11512 17327
33825 7829 11512 19803
33825 7829 11512 20338
33825 7829 11514 16771
33825 7829 11514 19794
33825 7829 12099 19803
33825 7829 12131 16922
33825 7829 12131 19578
33825 7829 12156 17282
33825 7829 12233 19518
33825 7836 9178 16802
33825 7836 9178 17023
33825 7836 9193 16887
33825 7836 9193 19514
33825 7836 9941 16783
33825 7836 9941 19794
33825 7836 9976 16802
33825 7836 9976 18854
33825 7836 10058 19506
33825 7836 10058 19551
33825 7836 10058 20243
33825 7836 10058 20350
33825 7836 10180 17882
33825 7836 10180 20243
33825 7836 10218 19487
33825 7836 10238 18011
33825 7836 10238 20391
33825 7836 10334 17323
33825 7836 10334 17882
33825 7836 10451 17323
33825 7836 10451 18806
33825 7836 10602 17023
33825 7836 10691 16887
33825 7836 11077 18011
33825 7836 11077 19487
33825 7836 11112 18806
33825 7836 11112 19506
33825 7836 11384 16783
33825 7836 11384 17323
33825 7836 11509 17323
33825 7836 11509 19803
33825 7836 11511 19794
33825 7836 11511 20350
33825 7836 12101 19551
33825 7836 12101 19803
33825 7836 12153 17150
33825 7837 9065 19547
33825 7837 9065 20247
33825 7837 9156 19475
33825 7837 9156 19702
33825 7837 9162 17139
33825 7837 9162 19698
33825 7837 9700 18170
33825 7837 9823 17883
33825 7837 9978 16803
33825 7837 9978 19843
33825 7837 10063 19510
33825 7837 10063 19547
33825 7837 10179 17883
33825 7837 10179 18170
33825 7837 10179 19510
33825 7837 10179 20247
33825 7837 10214 19475
33825 7837 10214 19698
33825 7837 10233 19582
33825 7837 10454 17327
33825 7837 10454 20350
33825 7837 10595 16922
33825 7837 10595 18011
33825 7837 11082 19475
33825 7837 11082 19570
33825 7837 11098 17294
33825 7837 11098 19698
33825 7837 11107 18811
33825 7837 11107 19547
33825 7837 11384 17327
33825 7837 12101 19518
33825 7837 12101 19547
33825 7837 12136 16922
33825 7837 12136 19475
33825 7837 12150 19698
33825 7837 12150 19843
33825 7846 9069 17048
33825 7846 9156 19615
33825 7846 9161 16786
33825 7846 9161 17020
33825 7846 9178 19615
33825 7846 9188 16921
33825 7846 9188 20345
33825 7846 9193 16924
33825 7846 9545 18715
33825 7846 9545 18802
33825 7846 9700 17017
33825 7846 9700 17945
33825 7846 9700 18815
33825 7846 9700 19743
33825 7846 9711 17020
33825 7846 9711 18802
33825 7846 9721 18891
33825 7846 9816 16843
33825 7846 9816 18715
33825 7846 9823 16834
33825 7846 9850 16798
33825 7846 9944 16747
33825 7846 9944 17810
33825 7846 9944 18891
33825 7846 9944 19762
33825 7846 10057 18108
33825 7846 10057 19483
33825 7846 10093 18136
33825 7846 10093 20345
33825 7846 10094 17883
33825 7846 10180 17823
33825 7846 10180 17977
33825 7846 10189 17976
33825 7846 10189 19615
33825 7846 10195 17976
33825 7846 10195 19615
33825 7846 10228 20328
33825 7846 10324 17774
33825 7846 10324 20425
33825 7846 10361 17260
33825 7846 10361 18891
33825 7846 10574 16924
33825 7846 10595 17976
33825 7846 10618 16750
33825 7846 10618 17977
33825 7846 10621 17976
33825 7846 10698 17048
33825 7846 10701 17823
33825 7846 10701 18136
33825 7846 11096 17260
33825 7846 11096 18891
33825 7846 11247 18133
33825 7846 11247 19570
33825 7846 11389 16750
33825 7846 11389 17256
33825 7846 11391 16747
33825 7846 11391 17260
33825 7846 11391 19762
33825 7846 11391 20277
33825 7846 11480 16786
33825 7846 11480 16843
33825 7846 11512 16834
33825 7846 12099 17017
33825 7846 12099 17368
33825 7846 12099 19646
33825 7846 12099 19743
33825 7846 12115 16921
33825 7846 12115 17256
33825 7846 12126 17260
33825 7846 12264 17333
33825 7847 9070 17045
33825 7847 9192 19642
33825 7847 9192 20341
33825 7847 9544 18108
33825 7847 9941 17822
33825 7847 9941 19775
33825 7847 10063 17882
33825 7847 10063 18108
33825 7847 10063 19475
33825 7847 10063 20341
33825 7847 10089 17882
33825 7847 10090 19582
33825 7847 10179 17822
33825 7847 10179 17976
33825 7847 10179 19615
33825 7847 10179 20281
33825 7847 10186 17977
33825 7847 10204 17775
33825 7847 10204 17977
33825 7847 10204 19615
33825 7847 10204 20425
33825 7847 10227 20425
33825 7847 10233 19475
33825 7847 10233 19642
33825 7847 10323 17337
33825 7847 10323 17775
33825 7847 10460 20281
33825 7847 10602 17976
33825 7847 10623 16746
33825 7847 10623 17045
33825 7847 11075 17337
33825 7847 11103 18890
33825 7847 11103 19642
33825 7847 11482 19775
33825 7847 12110 19642
33825 7847 12110 19731
33825 7852 9065 16858
33825 7852 9065 19578
33825 7852 9848 16786
33825 7852 9848 19762
33825 7852 9941 18886
33825 7852 9941 19762
33825 7852 10057 19475
33825 7852 10057 20350
33825 7852 10201 17770
33825 7852 10201 19603
33825 7852 10228 17770
33825 7852 10228 19475
33825 7852 10238 17947
33825 7852 10334 17770
33825 7852 10334 18710
33825 7852 10355 17259
33825 7852 10355 17770
33825 7852 10602 16798
33825 7852 10692 17054
33825 7852 10692 18135
33825 7852 11096 17263
33825 7852 11096 17947
33825 7852 11096 18886
33825 7852 11096 19634
33825 7852 11235 18135
33825 7852 11384 17259
33825 7852 11384 20274
33825 7852 11386 17263
33825 7852 11386 19762
33825 7852 11479 16846
33825 7852 11479 19762
33825 7852 12101 19634
33825 7852 12121 16922
33825 7852 12121 19475
33825 7852 12260 19475
33825 7852 12260 19578
33825 7853 9066 20286
33825 7853 9156 17018
33825 7853 9156 19603
33825 7853 9545 18103
33825 7853 9545 18811
33825 7853 9700 17023
33825 7853 9700 17946
33825 7853 9711 17018
33825 7853 9711 19738
33825 7853 9823 18711
33825 7853 9823 19738
33825 7853 9850 19775
33825 7853 9850 19811
33825 7853 9944 19775
33825 7853 10063 17879
33825 7853 10063 19483
33825 7853 10198 19603
33825 7853 10198 20418
33825 7853 10227 17771
33825 7853 10227 19638
33825 7853 10233 18103
33825 7853 10329 17342
33825 7853 10329 17771
33825 7853 10329 18711
33825 7853 10329 20418
33825 7853 10361 18887
33825 7853 10595 17018
33825 7853 10595 17879
33825 7853 11103 17946
33825 7853 11103 18887
33825 7853 11235 18811
33825 7853 11235 19574
33825 7853 12104 17018
33825 7853 12104 19638
33825 7853 12261 17342
33825 7853 12261 19483
33825 7876 9032 19487
33825 7876 9032 20243
33825 7876 9133 16886
33825 7876 9133 19706
33825 7876 9576 17139
33825 7876 9576 19731
33825 7876 9661 17139
33825 7876 9661 18831
33825 7876 9683 18046
33825 7876 9683 19850
33825 7876 9789 16806
33825 7876 9789 18794
33825 7876 9944 18831
33825 7876 9944 19850
33825 7876 10058 18103
33825 7876 10058 20243
33825 7876 10134 19487
33825 7876 10150 18011
33825 7876 10150 18046
33825 7876 10150 19679
33825 7876 10150 19706
33825 7876 10201 17794
33825 7876 10201 18011
33825 7876 10262 17263
33825 7876 10431 18791
33825 7876 10618 17139
33825 7876 10618 17794
33825 7876 10671 16886
33825 7876 10671 17139
33825 7876 11062 17263
33825 7876 11062 18794
33825 7876 11068 18791
33825 7876 11068 19570
33825 7876 12104 19679
33825 7876 12104 19731
33825 7876 12204 17406
33825 7879 9032 19475
33825 7879 9032 19578
33825 7879 9118 16803
33825 7879 9118 19475
33825 7879 9125 19710
33825 7879 9576 17141
33825 7879 9576 18108
33825 7879 9683 19855
33825 7879 9790 16803
33825 7879 9790 19818
33825 7879 9918 16883
33825 7879 9918 17770
33825 7879 10057 18108
33825 7879 10057 19475
33825 7879 10143 17770
33825 7879 10143 19475
33825 7879 10156 18009
33825 7879 10156 19679
33825 7879 10201 20396
33825 7879 10293 17337
33825 7879 10293 20392
33825 7879 10428 17806
33825 7879 10671 16858
33825 7879 10671 16883
33825 7879 10671 17116
33825 7879 10671 17141
33825 7879 11107 18009
33825 7879 11107 19710
33825 7879 11384 17397
33825 7879 11384 20396
33825 7879 11386 19855
33825 7879 11386 20392
33825 7879 11423 16858
33825 7879 11423 19818
33825 7879 12206 17116
33825 7879 12206 19578
33825 7881 9038 20243
33825 7881 9109 20391
33825 7881 9118 16802
33825 7881 9118 20387
33825 7881 9133 16887
33825 7881 9133 17023
33825 7881 9133 19702
33825 7881 9133 20350
33825 7881 9581 17150
33825 7881 9581 18103
33825 7881 9581 18783
33825 7881 9581 19734
33825 7881 9652 18791
33825 7881 9663 18794
33825 7881 9663 18818
33825 7881 9686 18043
33825 7881 9686 18818
33825 7881 9757 17807
33825 7881 9757 17846
33825 7881 9757 19799
33825 7881 9757 19822
33825 7881 9758 17843
33825 7881 9758 19803
33825 7881 9788 18791
33825 7881 9911 17771
33825 7881 9911 19731
33825 7881 9916 16887
33825 7881 9941 19799
33825 7881 10060 18103
33825 7881 10141 17774
33825 7881 10141 17830
33825 7881 10141 19487
33825 7881 10141 19671
33825 7881 10148 19671
33825 7881 10204 20391
33825 7881 10262 17330
33825 7881 10262 17843
33825 7881 10292 20391
33825 7881 10421 18791
33825 7881 10454 17282
33825 7881 10548 18103
33825 7881 10559 17018
33825 7881 10559 17771
33825 7881 10623 17114
33825 7881 10661 16887
33825 7881 11029 18103
33825 7881 11063 18043
33825 7881 11063 18794
33825 7881 11069 17263
33825 7881 11069 18046
33825 7881 11069 18791
33825 7881 11069 19574
33825 7881 11111 18011
33825 7881 11389 16863
33825 7881 11389 17406
33825 7881 11389 19846
33825 7881 11389 20391
33825 7881 11391 16858
33825 7881 11391 20387
33825 7881 11414 16802
33825 7881 11414 16858
33825 7881 11444 16887
33825 7881 12101 19671
33825 7881 12110 17018
33825 7881 12110 19731
33825 7881 12135 17330
33825 7881 12135 19803
33825 7881 12140 19799
33825 7881 12156 19671
33825 7881 12196 19799
33825 7882 9125 17020
33825 7882 9125 19698
33825 7882 9581 17144
33825 7882 9757 17795
33825 7882 9757 19806
33825 7882 9758 19794
33825 7882 9758 19815
33825 7882 9941 18818
33825 7882 9941 19794
33825 7882 10063 17847
33825 7882 10063 18108
33825 7882 10063 19475
33825 7882 10063 20248
33825 7882 10132 19475
33825 7882 10132 19671
33825 7882 10158 19671
33825 7882 10158 19698
33825 7882 10204 19582
33825 7882 10261 17260
33825 7882 10261 17847
33825 7882 10302 17260
33825 7882 10302 17337
33825 7882 10422 17397
33825 7882 10422 20248
33825 7882 10559 17020
33825 7882 10559 18108
33825 7882 10623 17116
33825 7882 10623 17144
33825 7882 10661 16882
33825 7882 10661 17116
33825 7882 11111 17397
33825 7882 11111 19698
33825 7882 11412 19815
33825 7882 12140 17337
33825 7882 12140 19698
33825 7882 12198 19806
33825 7893 9118 16803
33825 7893 9118 19475
33825 7893 9127 17054
33825 7893 9127 19642
33825 7893 9143 19514
33825 7893 9143 19547
33825 7893 9644 16959
33825 7893 9850 17811
33825 7893 9879 18811
33825 7893 9879 19915
33825 7893 10045 19582
33825 7893 10090 19475
33825 7893 10090 19510
33825 7893 10158 17811
33825 7893 10158 18071
33825 7893 10158 19510
33825 7893 10158 20274
33825 7893 10179 19547
33825 7893 10179 19642
33825 7893 10398 17346
33825 7893 10398 20243
33825 7893 10595 16959
33825 7893 10595 18046
33825 7893 11063 17323
33825 7893 11063 19642
33825 7893 11181 18071
33825 7893 11181 19475
33825 7893 11208 19547
33825 7893 11208 19574
33825 7893 11384 20274
33825 7893 12115 19642
33825 7893 12115 19915
33825 7893 12121 19475
33825 7893 12121 19646
33825 7893 12220 17346
33825 7893 12220 19547
33825 7894 9133 16702
33825 7894 9140 16953
33825 7894 9140 19551
33825 7894 9503 18069
33825 7894 9636 16953
33825 7894 9636 19775
33825 7894 9850 16846
33825 7894 9850 19775
33825 7894 10046 18108
33825 7894 10089 19483
33825 7894 10089 20277
33825 7894 10158 19506
33825 7894 10158 20277
33825 7894 10179 17823
33825 7894 10179 19551
33825 7894 10292 17320
33825 7894 10292 17790
33825 7894 10329 17180
33825 7894 10329 17349
33825 7894 10399 17349
33825 7894 10595 16703
33825 7894 10595 16953
33825 7894 11183 18069
33825 7894 11183 18108
33825 7894 11183 19483
33825 7894 11183 19506
33825 7894 11384 16747
33825 7894 11384 20277
33825 7894 11453 17320
33825 7894 11453 19775
33825 7894 11455 19762
33825 7894 11455 20277
33825 7894 12131 16985
33825 7894 12131 19775
33825 7894 12147 16953
33825 7894 12147 19518
33825 7897 9087 19514
33825 7897 9119 16802
33825 7897 9119 19578
33825 7897 9125 20247
33825 7897 9149 16959
33825 7897 9503 18794
33825 7897 9503 19811
33825 7897 9636 16959
33825 7897 9636 18110
33825 7897 9636 18871
33825 7897 9636 19766
33825 7897 9670 18802
33825 7897 9670 18867
33825 7897 9677 18815
33825 7897 9756 19822
33825 7897 9853 17823
33825 7897 9879 17787
33825 7897 9879 18802
33825 7897 9884 17790
33825 7897 9909 19911
33825 7897 9918 16698
33825 7897 9918 17827
33825 7897 10044 18110
33825 7897 10093 19487
33825 7897 10156 20286
33825 7897 10180 17790
33825 7897 10180 17823
33825 7897 10180 19543
33825 7897 10180 19638
33825 7897 10293 18871
33825 7897 10302 17787
33825 7897 10302 18867
33825 7897 10334 18787
33825 7897 10388 17358
33825 7897 10388 17830
33825 7897 10388 18815
33825 7897 10388 20247
33825 7897 10516 16751
33825 7897 10516 16990
33825 7897 10516 17830
33825 7897 10516 18071
33825 7897 10519 16747
33825 7897 10519 17827
33825 7897 10549 16807
33825 7897 10599 16699
33825 7897 11062 18794
33825 7897 11062 19634
33825 7897 11069 17327
33825 7897 11173 18071
33825 7897 11206 19570
33825 7897 11357 16751
33825 7897 11391 16698
33825 7897 11391 16747
33825 7897 11444 16807
33825 7897 11444 17327
33825 7897 11444 19766
33825 7897 11444 20286
33825 7897 11446 16802
33825 7897 11446 19771
33825 7897 12116 19487
33825 7897 12116 19638
33825 7897 12116 19822
33825 7897 12116 19911
33825 7897 12126 19634
33825 7897 12126 19811
33825 7897 12135 19578
33825 7897 12135 19771
33825 7897 12140 16990
33825 7897 12156 17358
33825 7897 12213 19543
33825 7898 9109 19479
33825 7898 9135 20252
33825 7898 9500 18069
33825 7898 9500 19822
33825 7898 9644 16953
33825 7898 9644 18101
33825 7898 9677 16984
33825 7898 9677 18867
33825 7898 9853 18798
33825 7898 9918 17831
33825 7898 9918 19911
33825 7898 10047 17831
33825 7898 10047 20328
33825 7898 10094 19479
33825 7898 10094 19506
33825 7898 10094 20252
33825 7898 10094 20281
33825 7898 10156 18069
33825 7898 10156 20281
33825 7898 10180 19539
33825 7898 10334 17353
33825 7898 10334 18791
33825 7898 10389 17353
33825 7898 10389 17831
33825 7898 10516 16984
33825 7898 10516 17831
33825 7898 10519 17826
33825 7898 10519 18069
33825 7898 11175 18069
33825 7898 11175 19506
33825 7898 11206 18782
33825 7898 11206 19539
33825 7898 12156 16953
33825 7898 12156 17353
33825 7898 12215 17353
33825 7898 12215 19518
33825 7988 8524 19675
33825 7988 8536 17139
33825 7988 8536 19706
33825 7988 8557 19603
33825 7988 8557 19706
33825 7988 9704 18867
33825 7988 9704 19603
33825 7988 9823 16887
33825 7988 9823 17795
33825 7988 9978 17282
33825 7988 9978 17795
33825 7988 10189 17023
33825 7988 10189 20150
33825 7988 10211 18815
33825 7988 10460 16807
33825 7988 10460 19803
33825 7988 10489 18811
33825 7988 10489 19803
33825 7988 10568 18335
33825 7988 10568 19706
33825 7988 10621 17795
33825 7988 10621 19706
33825 7988 10623 20210
33825 7988 10712 17795
33825 7988 10712 19578
33825 7988 10966 18863
33825 7988 10966 19803
33825 7988 10995 17294
33825 7988 10995 19803
33825 7988 11001 17282
33825 7988 11001 18267
33825 7988 11609 16807
33825 7988 11609 17294
33825 7988 11609 19675
33825 7988 11609 20210
33825 7988 11626 20150
33825 7989 8521 17043
33825 7989 8521 19671
33825 7989 8556 17375
33825 7989 8556 19698
33825 7989 9032 16786
33825 7989 9032 20182
33825 7989 9069 17054
33825 7989 9069 20211
33825 7989 9070 17043
33825 7989 9070 19955
33825 7989 9677 17043
33825 7989 9677 19578
33825 7989 9699 18271
33825 7989 9816 16886
33825 7989 9816 17375
33825 7989 9816 17794
33825 7989 9816 18347
33825 7989 9976 16806
33825 7989 10218 17043
33825 7989 10218 17846
33825 7989 10334 16886
33825 7989 10334 19955
33825 7989 10457 19806
33825 7989 10483 19806
33825 7989 10483 19850
33825 7989 10574 17846
33825 7989 10574 19698
33825 7989 10616 20182
33825 7989 10618 17794
33825 7989 10618 19671
33825 7989 10711 18347
33825 7989 10711 19578
33825 7989 11614 16806
33825 7989 11614 20211
33825 7989 11626 16786
33825 7989 11626 19607
33825 7990 8522 17048
33825 7990 8522 17337
33825 7990 8522 19679
33825 7990 8522 19966
33825 7990 8538 17144
33825 7990 8538 17289
33825 7990 8543 17285
33825 7990 8553 17372
33825 7990 9032 16795
33825 7990 9032 16882
33825 7990 9069 16798
33825 7990 9069 17048
33825 7990 9069 19966
33825 7990 9069 20216
33825 7990 9070 16795
33825 7990 9070 17045
33825 7990 9080 16802
33825 7990 9576 17141
33825 7990 9581 17144
33825 7990 9581 18328
33825 7990 9672 17045
33825 7990 9672 18811
33825 7990 9677 19582
33825 7990 9683 19582
33825 7990 9700 17017
33825 7990 9821 17807
33825 7990 9821 18344
33825 7990 9976 16802
33825 7990 9976 17285
33825 7990 10063 17141
33825 7990 10179 17017
33825 7990 10180 17790
33825 7990 10180 20153
33825 7990 10218 20057
33825 7990 10227 18831
33825 7990 10227 20056
33825 7990 10228 20057
33825 7990 10329 16882
33825 7990 10329 18850
33825 7990 10334 18859
33825 7990 10457 16802
33825 7990 10457 17787
33825 7990 10457 18818
33825 7990 10457 19803
33825 7990 10483 18815
33825 7990 10568 19698
33825 7990 10568 20181
33825 7990 10621 18313
33825 7990 10692 19582
33825 7990 10692 20057
33825 7990 10701 17790
33825 7990 10701 20056
33825 7990 10714 19582
33825 7990 10714 20057
33825 7990 10724 18328
33825 7990 10724 20153
33825 7990 10735 17842
33825 7990 10873 18859
33825 7990 10969 18811
33825 7990 10969 18850
33825 7990 10996 17289
33825 7990 10996 18831
33825 7990 11006 17285
33825 7990 11006 18268
33825 7990 11006 18818
33825 7990 11006 19803
33825 7990 11609 16802
33825 7990 11609 17285
33825 7990 11630 19611
33825 7990 11630 20156
33825 7991 8527 19667
33825 7991 8527 19962
33825 7991 9033 20181
33825 7991 9577 18332
33825 7991 9577 19667
33825 7991 9711 17020
33825 7991 9818 17368
33825 7991 9818 17806
33825 7991 9941 18264
33825 7991 10211 20057
33825 7991 10238 17020
33825 7991 10238 18819
33825 7991 10460 17791
33825 7991 10460 19806
33825 7991 10574 17843
33825 7991 10574 18332
33825 7991 10574 19706
33825 7991 10574 20181
33825 7991 10616 19667
33825 7991 10616 19706
33825 7991 10618 18344
33825 7991 10691 20056
33825 7991 10698 17791
33825 7991 10698 18264
33825 7991 10698 19582
33825 7991 10698 20057
33825 7991 10709 17806
33825 7991 10709 18344
33825 7991 10709 19582
33825 7991 10709 20056
33825 7991 10723 19615
33825 7991 10728 17843
33825 7991 10963 19806
33825 7991 11594 17368
33825 7991 11614 16803
33825 7991 11614 19667
33825 8002 8630 17320
33825 8002 8630 19551
33825 8002 8693 16984
33825 8002 8693 17320
33825 8002 9109 19855
33825 8002 9109 20092
33825 8002 9125 16984
33825 8002 9125 20188
33825 8002 9156 16858
33825 8002 9156 16953
33825 8002 9500 19702
33825 8002 9646 18421
33825 8002 9756 17320
33825 8002 9756 17862
33825 8002 9823 16774
33825 8002 9823 17320
33825 8002 10134 17867
33825 8002 10134 20092
33825 8002 10141 16953
33825 8002 10141 17862
33825 8002 10431 17862
33825 8002 10431 19878
33825 8002 10484 16783
33825 8002 10558 17862
33825 8002 10558 18313
33825 8002 10661 18264
33825 8002 10661 20092
33825 8002 10701 19514
33825 8002 10735 18264
33825 8002 10735 18421
33825 8002 10735 19547
33825 8002 10735 19702
33825 8002 11686 19547
33825 8002 11686 20092
33825 8002 11719 16703
33825 8002 11719 19514
33825 8006 8682 16952
33825 8006 8682 19806
33825 8006 8698 16984
33825 8006 8698 19551
33825 8006 9118 20092
33825 8006 9133 16984
33825 8006 9133 19806
33825 8006 9636 18783
33825 8006 9661 16984
33825 8006 9661 19518
33825 8006 9758 17324
33825 8006 9789 17353
33825 8006 9789 17823
33825 8006 9816 17324
33825 8006 9816 17397
33825 8006 10218 16984
33825 8006 10218 18782
33825 8006 10483 18863
33825 8006 10483 19806
33825 8006 10559 20181
33825 8006 10671 18268
33825 8006 10671 19547
33825 8006 10698 17790
33825 8006 10698 19518
33825 8006 10728 18268
33825 8006 10728 19698
33825 8006 10932 17353
33825 8006 10932 19806
33825 8006 10942 18268
33825 8006 10942 19803
33825 8006 11001 18268
33825 8006 11001 18818
33825 8006 11694 19547
33825 8006 11694 19698
33825 8006 11694 20092
33825 8006 11694 20181
33825 8009 8541 19671
33825 8009 8541 19710
33825 8009 8541 19855
33825 8009 8541 19878
33825 8009 8543 19675
33825 8009 8543 19850
33825 8009 8636 19510
33825 8009 8677 16959
33825 8009 8678 19603
33825 8009 8678 19794
33825 8009 8693 17327
33825 8009 9118 16771
33825 8009 9118 19850
33825 8009 9133 16854
33825 8009 9133 16990
33825 8009 9133 19799
33825 8009 9133 20191
33825 8009 9156 16798
33825 8009 9159 16795
33825 8009 9159 16858
33825 8009 9502 18891
33825 8009 9502 19603
33825 8009 9644 18422
33825 8009 9652 16990
33825 8009 9726 19539
33825 8009 9757 16798
33825 8009 9757 17327
33825 8009 9757 17863
33825 8009 9757 18422
33825 8009 9788 16854
33825 8009 9791 16858
33825 8009 9791 17810
33825 8009 9823 16778
33825 8009 10044 18886
33825 8009 10134 17866
33825 8009 10134 18818
33825 8009 10141 16959
33825 8009 10141 17863
33825 8009 10141 18830
33825 8009 10141 20086
33825 8009 10214 18770
33825 8009 10261 17823
33825 8009 10262 16795
33825 8009 10262 17810
33825 8009 10389 19855
33825 8009 10428 19878
33825 8009 10431 17866
33825 8009 10431 18771
33825 8009 10484 17790
33825 8009 10549 20191
33825 8009 10661 18271
33825 8009 10701 17790
33825 8009 10701 17823
33825 8009 10701 19510
33825 8009 10701 19671
33825 8009 10724 19710
33825 8009 10836 18830
33825 8009 10935 18891
33825 8009 10935 19794
33825 8009 10941 17358
33825 8009 10941 18271
33825 8009 10941 18886
33825 8009 10941 19799
33825 8009 11006 18771
33825 8009 11006 18818
33825 8009 11572 17358
33825 8009 11575 16771
33825 8009 11575 19675
33825 8009 11692 20086
33825 8009 11719 19611
33825 8013 8536 19679
33825 8013 8536 19706
33825 8013 8538 19667
33825 8013 8538 19874
33825 8013 8629 17323
33825 8013 8629 19506
33825 8013 9125 16990
33825 8013 9503 18890
33825 8013 9503 19706
33825 8013 9638 17023
33825 8013 9638 19667
33825 8013 9654 19506
33825 8013 9654 19539
33825 8013 9759 17323
33825 8013 9759 18426
33825 8013 10218 16990
33825 8013 10218 20127
33825 8013 10262 16786
33825 8013 10262 19874
33825 8013 10483 17786
33825 8013 10548 19615
33825 8013 10671 17786
33825 8013 10671 18267
33825 8013 10671 19543
33825 8013 10671 20086
33825 8013 10698 19506
33825 8013 10698 19667
33825 8013 10723 19543
33825 8013 10723 19706
33825 8013 11001 18267
33825 8013 11574 17346
33825 8013 11574 19667
33825 8013 11684 19706
33825 8013 11684 20086
33825 8013 11721 19506
33825 8013 11721 19607
33825 8018 8615 19775
33825 8018 8677 17368
33825 8018 8677 19483
33825 8018 9188 16921
33825 8018 9644 17045
33825 8018 9644 19483
33825 8018 9791 17285
33825 8018 9791 17368
33825 8018 9884 17285
33825 8018 9884 17878
33825 8018 9911 17180
33825 8018 9911 18425
33825 8018 10046 17045
33825 8018 10046 20181
33825 8018 10156 17077
33825 8018 10156 18715
33825 8018 10238 16921
33825 8018 10238 17077
33825 8018 10388 17770
33825 8018 10388 19775
33825 8018 10399 19771
33825 8018 10399 19846
33825 8018 10460 16747
33825 8018 10460 19771
33825 8018 10525 19638
33825 8018 10525 19706
33825 8018 10574 17878
33825 8018 10574 18425
33825 8018 10574 19706
33825 8018 10574 20181
33825 8018 10671 19483
33825 8018 10671 19638
33825 8018 10709 19615
33825 8018 10781 19846
33825 8018 11750 17180
33825 8018 11750 19483
33825 8023 8623 17077
33825 8023 8623 19603
33825 8023 9178 19822
33825 8023 9193 16924
33825 8023 9193 20181
33825 8023 9503 18890
33825 8023 9503 19706
33825 8023 9545 19603
33825 8023 9545 19706
33825 8023 9644 19487
33825 8023 9788 17368
33825 8023 9788 18377
33825 8023 9909 17775
33825 8023 10158 16924
33825 8023 10158 17077
33825 8023 10158 18714
33825 8023 10158 18867
33825 8023 10303 18890
33825 8023 10303 19843
33825 8023 10431 17795
33825 8023 10431 18714
33825 8023 10526 17795
33825 8023 10526 19706
33825 8023 10568 19706
33825 8023 10568 20181
33825 8023 10661 19646
33825 8023 10661 20024
33825 8023 10712 18373
33825 8023 10782 18867
33825 8023 10782 19843
33825 8023 10995 18377
33825 8023 10995 19822
33825 8023 11001 17180
33825 8023 11001 18373
33825 8023 11754 19487
33825 8023 11754 20024
33825 8025 8524 19638
33825 8025 8527 17043
33825 8025 8527 19962
33825 8025 8621 19766
33825 8025 8677 19766
33825 8025 8678 17371
33825 8025 8678 19762
33825 8025 8693 19638
33825 8025 9149 16774
33825 8025 9150 16747
33825 8025 9150 16771
33825 8025 9175 16747
33825 8025 9175 20114
33825 8025 9188 16702
33825 8025 9188 16927
33825 8025 9188 19959
33825 8025 9188 20182
33825 8025 9500 18374
33825 8025 9503 18378
33825 8025 9503 18891
33825 8025 9551 18426
33825 8025 9636 17054
33825 8025 9636 18335
33825 8025 9636 18710
33825 8025 9636 19479
33825 8025 9789 18374
33825 8025 9879 17371
33825 8025 9879 17882
33825 8025 9916 16774
33825 8025 9943 17259
33825 8025 10045 20182
33825 8025 10046 17043
33825 8025 10046 17794
33825 8025 10156 18710
33825 8025 10238 17075
33825 8025 10293 16774
33825 8025 10388 17774
33825 8025 10388 17879
33825 8025 10388 19766
33825 8025 10388 19855
33825 8025 10399 17882
33825 8025 10399 19762
33825 8025 10421 18710
33825 8025 10422 17794
33825 8025 10422 19962
33825 8025 10460 19766
33825 8025 10516 17807
33825 8025 10516 17863
33825 8025 10516 19638
33825 8025 10516 19710
33825 8025 10565 20182
33825 8025 10669 19638
33825 8025 10709 18374
33825 8025 10775 18867
33825 8025 10775 18891
33825 8025 10941 18710
33825 8025 10996 17183
33825 8025 10996 18374
33825 8025 10996 18878
33825 8025 10996 19815
33825 8025 11006 18378
33825 8025 11006 18867
33825 8025 11572 16774
33825 8025 11572 17294
33825 8025 11572 19607
33825 8025 11572 20127
33825 8025 11574 16771
33825 8025 11574 20114
33825 8025 11676 20182
33825 8025 11750 20018
33825 8028 8521 19646
33825 8028 8521 19962
33825 8028 8613 17183
33825 8028 9140 16750
33825 8028 9140 16922
33825 8028 9178 19811
33825 8028 9178 20127
33825 8028 9193 16922
33825 8028 9193 19962
33825 8028 9545 18426
33825 8028 9545 19710
33825 8028 9636 18711
33825 8028 9636 19475
33825 8028 9879 17294
33825 8028 9918 16774
33825 8028 10158 16922
33825 8028 10158 18711
33825 8028 10227 16922
33825 8028 10227 17771
33825 8028 10292 16771
33825 8028 10292 18887
33825 8028 10457 16750
33825 8028 10457 19811
33825 8028 10519 19710
33825 8028 10563 18426
33825 8028 10563 20182
33825 8028 10663 19475
33825 8028 10663 19646
33825 8028 10663 20018
33825 8028 10663 20127
33825 8028 10712 17771
33825 8028 10712 20018
33825 8028 11573 16774
33825 8028 11573 19611
33825 8028 11575 16771
33825 8028 11575 17294
33825 8034 8598 16924
33825 8034 8613 16984
33825 8034 8613 17368
33825 8034 8613 19675
33825 8034 8613 19803
33825 8034 9652 16924
33825 8034 9652 18377
33825 8034 9652 18890
33825 8034 9652 19487
33825 8034 9700 18714
33825 8034 9788 17333
33825 8034 9788 17368
33825 8034 9788 17846
33825 8034 9788 17883
33825 8034 10156 16984
33825 8034 10156 18811
33825 8034 10189 17846
33825 8034 10189 18714
33825 8034 10388 18890
33825 8034 10460 19803
33825 8034 10526 18377
33825 8034 10526 19706
33825 8034 10621 19706
33825 8034 10621 20181
33825 8034 10623 18344
33825 8034 10623 19702
33825 8034 10661 17883
33825 8034 10782 17333
33825 8034 10902 19887
33825 8034 10908 18811
33825 8034 10966 18344
33825 8034 11684 19706
33825 8034 11684 20057
33825 8034 11719 19487
33825 8034 11719 19706
33825 8034 11750 19675
33825 8036 8604 19483
33825 8036 8604 19582
33825 8036 8605 16922
33825 8036 8605 19578
33825 8036 8621 19667
33825 8036 8648 19638
33825 8036 9178 16807
33825 8036 9654 19483
33825 8036 9683 19582
33825 8036 9699 18715
33825 8036 9699 19646
33825 8036 9704 19638
33825 8036 9704 19667
33825 8036 9756 17294
33825 8036 9756 17794
33825 8036 9759 17282
33825 8036 9788 17342
33825 8036 9788 17371
33825 8036 9850 17282
33825 8036 10134 16922
33825 8036 10134 18863
33825 8036 10141 16927
33825 8036 10141 17018
33825 8036 10150 16990
33825 8036 10179 16990
33825 8036 10303 19874
33825 8036 10303 19911
33825 8036 10428 19803
33825 8036 10431 18819
33825 8036 10431 19906
33825 8036 10457 19803
33825 8036 10525 17795
33825 8036 10525 18378
33825 8036 10525 19706
33825 8036 10525 20147
33825 8036 10616 17795
33825 8036 10616 18351
33825 8036 10616 19706
33825 8036 10616 20182
33825 8036 10618 17794
33825 8036 10618 19702
33825 8036 10671 17879
33825 8036 10671 18422
33825 8036 10671 19667
33825 8036 10671 20210
33825 8036 10691 18426
33825 8036 10691 19646
33825 8036 10698 17842
33825 8036 10698 18422
33825 8036 10698 19638
33825 8036 10698 20210
33825 8036 10723 19483
33825 8036 10723 19582
33825 8036 10728 19578
33825 8036 10728 20150
33825 8036 10781 18426
33825 8036 10781 18819
33825 8036 10873 18830
33825 8036 10902 18815
33825 8036 10908 18715
33825 8036 10908 19906
33825 8036 10941 18886
33825 8036 10963 17294
33825 8036 10963 18863
33825 8036 11692 19582
33825 8036 11721 19483
33825 8036 11722 19702
33825 8036 11722 20150
33825 8036 11754 19638
33825 8036 11754 19667
33825 8043 8621 16985
33825 8043 8621 19679
33825 8043 8647 16985
33825 8043 8647 17337
33825 8043 9661 18373
33825 8043 9661 19475
33825 8043 9692 18863
33825 8043 9692 19570
33825 8043 9757 17795
33825 8043 9757 18373
33825 8043 9791 17368
33825 8043 9791 17878
33825 8043 10158 16985
33825 8043 10158 17878
33825 8043 10180 16985
33825 8043 10180 18710
33825 8043 10292 17878
33825 8043 10292 19878
33825 8043 10454 18831
33825 8043 10519 18373
33825 8043 10519 20153
33825 8043 10661 17878
33825 8043 10661 20216
33825 8043 10724 19475
33825 8043 10724 19574
33825 8043 10724 20153
33825 8043 10724 20188
33825 8043 10735 19570
33825 8043 10775 17337
33825 8043 10775 18421
33825 8043 10870 17368
33825 8043 10870 18818
33825 8043 10935 18373
33825 8043 10935 19855
33825 8043 11573 20188
33825 8043 11694 19574
33825 8045 8613 17371
33825 8045 8613 19671
33825 8045 8648 16991
33825 8045 8648 19642
33825 8045 9663 18890
33825 8045 9663 19479
33825 8045 9683 18347
33825 8045 9683 18854
33825 8045 9791 17371
33825 8045 9791 17846
33825 8045 10132 18854
33825 8045 10148 16991
33825 8045 10148 17882
33825 8045 10148 18806
33825 8045 10148 20211
33825 8045 10293 19918
33825 8045 10422 19794
33825 8045 10422 19918
33825 8045 10451 18806
33825 8045 10451 19883
33825 8045 10516 18374
33825 8045 10671 17882
33825 8045 10671 19671
33825 8045 10691 17846
33825 8045 10691 19642
33825 8045 10698 19634
33825 8045 10698 20211
33825 8045 10867 17371
33825 8045 10867 19883
33825 8045 10932 18374
33825 8045 10932 18890
33825 8045 10969 17294
33825 8045 10969 18347
33825 8045 11686 20191
33825 8045 11753 17371
33825 8045 11753 19634
33825 8050 8629 17320
33825 8050 8629 19883
33825 8050 8646 17116
33825 8050 8646 19679
33825 8050 9109 16747
33825 8050 9109 19996
33825 8050 9125 16699
33825 8050 9125 17048
33825 8050 9125 19743
33825 8050 9125 20156
33825 8050 9156 16698
33825 8050 9156 16863
33825 8050 9159 16858
33825 8050 9580 17077
33825 8050 9580 19638
33825 8050 9636 18361
33825 8050 9636 18874
33825 8050 9646 17045
33825 8050 9646 18357
33825 8050 9716 17084
33825 8050 9716 18794
33825 8050 9726 17077
33825 8050 9726 19638
33825 8050 9759 17397
33825 8050 9879 16863
33825 8050 9879 17260
33825 8050 9916 17830
33825 8050 9975 18361
33825 8050 10044 17077
33825 8050 10093 18874
33825 8050 10094 17045
33825 8050 10094 20153
33825 8050 10150 17084
33825 8050 10150 19996
33825 8050 10158 16953
33825 8050 10158 17077
33825 8050 10158 19993
33825 8050 10158 20117
33825 8050 10198 17867
33825 8050 10398 19818
33825 8050 10428 16747
33825 8050 10428 19878
33825 8050 10431 17830
33825 8050 10484 18874
33825 8050 10559 19638
33825 8050 10606 18361
33825 8050 10669 19514
33825 8050 10669 19638
33825 8050 10669 19993
33825 8050 10669 20117
33825 8050 10709 17867
33825 8050 10812 18357
33825 8050 10812 18891
33825 8050 10813 18361
33825 8050 10813 18874
33825 8050 10902 18280
33825 8050 10909 18794
33825 8050 10909 19878
33825 8050 10966 17260
33825 8050 10966 18891
33825 8050 10972 18373
33825 8050 10972 18886
33825 8050 11671 16751
33825 8050 11684 16698
33825 8050 11684 20153
33825 8050 11686 16699
33825 8050 11686 17180
33825 8050 11686 19611
33825 8050 11686 20156
33825 8050 11716 16858
33825 8053 8649 16958
33825 8053 8649 17107
33825 8053 8649 19514
33825 8053 8649 19671
33825 8053 9118 17107
33825 8053 9133 19738
33825 8053 9133 20147
33825 8053 9576 19634
33825 8053 9715 18798
33825 8053 9879 17179
33825 8053 9918 17827
33825 8053 10089 18878
33825 8053 10089 20147
33825 8053 10201 16958
33825 8053 10201 18798
33825 8053 10483 18878
33825 8053 10483 18890
33825 8053 10483 19738
33825 8053 10483 19822
33825 8053 10558 17827
33825 8053 10558 17862
33825 8053 10558 19634
33825 8053 10558 19671
33825 8053 10602 17810
33825 8053 10602 20147
33825 8053 10663 19514
33825 8053 10712 17862
33825 8053 10712 18287
33825 8053 10813 18890
33825 8053 10903 17327
33825 8053 10908 18287
33825 8053 10935 19822
33825 8053 11692 17179
33825 8053 11692 20150
33825 8053 11694 19607
33825 8053 11694 20147
33825 8059 8636 19887
33825 8059 8647 16953
33825 8059 8647 19667
33825 8059 9135 19734
33825 8059 9581 17077
33825 8059 9581 19667
33825 8059 9886 16851
33825 8059 9886 17180
33825 8059 9909 17324
33825 8059 9909 18284
33825 8059 9973 17180
33825 8059 9973 17256
33825 8059 10046 17084
33825 8059 10046 17862
33825 8059 10148 16953
33825 8059 10148 17084
33825 8059 10156 17077
33825 8059 10156 20120
33825 8059 10388 19734
33825 8059 10388 19811
33825 8059 10422 17826
33825 8059 10422 19887
33825 8059 10494 18867
33825 8059 10494 19811
33825 8059 10548 19638
33825 8059 10548 19667
33825 8059 10599 19615
33825 8059 10671 19506
33825 8059 10671 19638
33825 8059 10709 17862
33825 8059 10709 18284
33825 8059 10709 19506
33825 8059 10709 20120
33825 8059 10966 17256
33825 8059 11678 17324
33825 8059 11678 19667
33825 8060 8553 19603
33825 8060 8629 17323
33825 8060 8629 19506
33825 8060 8648 19506
33825 8060 8648 19675
33825 8060 9108 17114
33825 8060 9108 19987
33825 8060 9127 17054
33825 8060 9127 19731
33825 8060 9162 16703
33825 8060 9162 19731
33825 8060 9636 17054
33825 8060 9636 18362
33825 8060 9636 18871
33825 8060 9636 19603
33825 8060 9646 18358
33825 8060 9911 16751
33825 8060 9976 17263
33825 8060 9976 18358
33825 8060 10046 17114
33825 8060 10046 17867
33825 8060 10195 17867
33825 8060 10195 18791
33825 8060 10388 16803
33825 8060 10388 19731
33825 8060 10489 18871
33825 8060 10489 19731
33825 8060 10549 17867
33825 8060 10549 19634
33825 8060 10595 18362
33825 8060 10661 19506
33825 8060 10661 20127
33825 8060 10712 17867
33825 8060 10712 19506
33825 8060 11669 16747
33825 8060 11669 19675
33825 8068 8524 19518
33825 8068 8524 19762
33825 8068 8696 16927
33825 8068 9576 18710
33825 8068 9576 19539
33825 8068 9683 17054
33825 8068 9683 18891
33825 8068 9823 17346
33825 8068 9823 17843
33825 8068 9946 16791
33825 8068 9946 17346
33825 8068 10186 18710
33825 8068 10211 17054
33825 8068 10361 16839
33825 8068 10361 18891
33825 8068 10460 18798
33825 8068 10460 19771
33825 8068 10563 18335
33825 8068 10563 18426
33825 8068 10563 19518
33825 8068 10563 19547
33825 8068 10595 19710
33825 8068 10623 18374
33825 8068 10623 20018
33825 8068 10701 17843
33825 8068 10701 18426
33825 8068 10870 18335
33825 8068 10870 19771
33825 8068 10876 17346
33825 8068 10876 19762
33825 8068 11001 17346
33825 8068 11001 18798
33825 8068 11596 19710
33825 8068 11596 20018
33825 8068 11753 16791
33825 8068 11753 19547
33825 8069 8524 19506
33825 8069 8524 19551
33825 8069 8681 17139
33825 8069 8681 19706
33825 8069 8695 19483
33825 8069 8695 19818
33825 8069 9069 19987
33825 8069 9667 16922
33825 8069 9667 19483
33825 8069 9677 19479
33825 8069 9677 19706
33825 8069 9704 18422
33825 8069 9704 19506
33825 8069 9943 17358
33825 8069 9943 18335
33825 8069 10218 17139
33825 8069 10218 20018
33825 8069 10334 17842
33825 8069 10355 18890
33825 8069 10355 19818
33825 8069 10574 19506
33825 8069 10574 19543
33825 8069 10599 19483
33825 8069 10599 19706
33825 8069 10616 19615
33825 8069 10698 17842
33825 8069 10698 18422
33825 8069 10698 19543
33825 8069 10698 19987
33825 8069 11001 17358
33825 8069 11587 19611
33825 8069 11587 19706
33825 8069 11603 17263
33825 8069 11603 19483
33825 8069 11754 16786
33825 8069 11754 19506
33825 8076 8677 19702
33825 8076 8698 17263
33825 8076 9161 16922
33825 8076 9175 19811
33825 8076 9176 20031
33825 8076 9192 16886
33825 8076 9577 18426
33825 8076 9577 18711
33825 8076 9700 18426
33825 8076 9700 19539
33825 8076 9818 17342
33825 8076 9818 17346
33825 8076 9944 17346
33825 8076 9975 16846
33825 8076 9975 17263
33825 8076 10233 17770
33825 8076 10238 16922
33825 8076 10238 17771
33825 8076 10238 18887
33825 8076 10238 20150
33825 8076 10361 16846
33825 8076 10361 17770
33825 8076 10361 18887
33825 8076 10361 19811
33825 8076 10451 16795
33825 8076 10574 18426
33825 8076 10574 19510
33825 8076 10606 19702
33825 8076 10606 20150
33825 8076 10616 17771
33825 8076 10691 18426
33825 8076 10691 19547
33825 8076 11749 16795
33825 8076 11749 16886
33825 8076 11749 19510
33825 8076 11749 19547
33825 8077 8522 19762
33825 8077 8648 19551
33825 8077 8682 17139
33825 8077 8682 19603
33825 8077 8693 17259
33825 8077 9065 16887
33825 8077 9065 19803
33825 8077 9066 16882
33825 8077 9066 19987
33825 8077 9173 16846
33825 8077 9173 17054
33825 8077 9178 19822
33825 8077 9189 16798
33825 8077 9189 19762
33825 8077 9193 16882
33825 8077 9193 19771
33825 8077 9576 18422
33825 8077 9670 16927
33825 8077 9670 17150
33825 8077 9670 19475
33825 8077 9670 19698
33825 8077 9672 17139
33825 8077 9672 19487
33825 8077 9683 18886
33825 8077 9686 17054
33825 8077 9686 19603
33825 8077 9711 19514
33825 8077 9823 17846
33825 8077 9941 16798
33825 8077 9941 17358
33825 8077 9941 17867
33825 8077 9941 18331
33825 8077 9973 16846
33825 8077 9973 17771
33825 8077 9976 17770
33825 8077 10179 17082
33825 8077 10179 19990
33825 8077 10180 18710
33825 8077 10180 19987
33825 8077 10218 17043
33825 8077 10218 20031
33825 8077 10227 17771
33825 8077 10227 20150
33825 8077 10228 17770
33825 8077 10228 18886
33825 8077 10355 17770
33825 8077 10355 18886
33825 8077 10454 16798
33825 8077 10454 19762
33825 8077 10563 19514
33825 8077 10602 19475
33825 8077 10602 19698
33825 8077 10602 20050
33825 8077 10602 20147
33825 8077 10623 17770
33825 8077 10692 18422
33825 8077 10836 18886
33825 8077 10867 18794
33825 8077 10867 19771
33825 8077 10873 17358
33825 8077 10873 18331
33825 8077 10873 18791
33825 8077 10873 19762
33825 8077 10996 18710
33825 8077 10996 18794
33825 8077 11589 19607
33825 8077 11604 19487
33825 8077 11604 20150
33825 8077 11609 17259
33825 8077 11750 16798
33825 8102 8681 17180
33825 8102 8681 19675
33825 8102 9038 17077
33825 8102 9038 20092
33825 8102 9085 19822
33825 8102 9085 20024
33825 8102 9176 16747
33825 8102 9176 19915
33825 8102 9716 18377
33825 8102 9716 19487
33825 8102 9976 16747
33825 8102 9976 16834
33825 8102 9976 17180
33825 8102 9976 17333
33825 8102 10186 17791
33825 8102 10195 16953
33825 8102 10195 20024
33825 8102 10361 16786
33825 8102 10361 19915
33825 8102 10489 16834
33825 8102 10489 17867
33825 8102 10623 18284
33825 8102 10623 19506
33825 8102 10712 17867
33825 8102 10712 19506
33825 8102 10714 18377
33825 8102 10714 19518
33825 8102 10735 20092
33825 8102 10836 19822
33825 8102 10846 17333
33825 8102 10846 18284
33825 8102 11587 19487
33825 8102 11630 19506
33825 8102 11630 19675
33825 8102 11721 16786
33825 8102 11721 19506
33825 8103 8677 17337
33825 8103 8677 19679
33825 8103 8693 17353
33825 8103 8693 19918
33825 8103 9039 16858
33825 8103 9039 20085
33825 8103 9178 16952
33825 8103 9178 19918
33825 8103 9193 19731
33825 8103 9193 20085
33825 8103 9721 18284
33825 8103 9721 18373
33825 8103 9721 19475
33825 8103 9721 19642
33825 8103 9973 16846
33825 8103 9973 17337
33825 8103 10094 17045
33825 8103 10094 17116
33825 8103 10179 16952
33825 8103 10179 17823
33825 8103 10201 17045
33825 8103 10364 16703
33825 8103 10364 19918
33825 8103 10565 17790
33825 8103 10565 19646
33825 8103 10574 19642
33825 8103 10574 20085
33825 8103 10616 18284
33825 8103 10728 19475
33825 8103 10728 20085
33825 8103 10835 17337
33825 8103 10835 19918
33825 8103 10841 18373
33825 8103 11587 17337
33825 8103 11587 19646
33825 8103 11722 16863
33825 8108 8536 19483
33825 8108 8681 19582
33825 8108 8681 19667
33825 8108 8693 19638
33825 8108 8696 17346
33825 8108 8696 19634
33825 8108 9032 16854
33825 8108 9080 16843
33825 8108 9080 20018
33825 8108 9156 16798
33825 8108 9159 16703
33825 8108 9159 17054
33825 8108 9178 16751
33825 8108 9193 16851
33825 8108 9193 19738
33825 8108 9545 19582
33825 8108 9550 18358
33825 8108 9550 19574
33825 8108 9700 19667
33825 8108 9726 19483
33825 8108 9726 19638
33825 8108 9850 17358
33825 8108 9943 17358
33825 8108 9946 16703
33825 8108 9946 17346
33825 8108 9976 17183
33825 8108 9976 17330
33825 8108 10089 17054
33825 8108 10089 17882
33825 8108 10094 17114
33825 8108 10179 17114
33825 8108 10201 16958
33825 8108 10201 17043
33825 8108 10329 19731
33825 8108 10355 19818
33825 8108 10355 19911
33825 8108 10483 16843
33825 8108 10483 19738
33825 8108 10484 19731
33825 8108 10565 18358
33825 8108 10565 19634
33825 8108 10574 17786
33825 8108 10574 18362
33825 8108 10574 19638
33825 8108 10574 20086
33825 8108 10599 19582
33825 8108 10599 19667
33825 8108 10606 17882
33825 8108 10606 19574
33825 8108 10616 17867
33825 8108 10616 18283
33825 8108 10616 19506
33825 8108 10616 20114
33825 8108 10709 17867
33825 8108 10709 18374
33825 8108 10709 19506
33825 8108 10709 20031
33825 8108 10711 19518
33825 8108 10711 20018
33825 8108 10723 17879
33825 8108 10723 18362
33825 8108 10723 19483
33825 8108 10723 20086
33825 8108 10846 18871
33825 8108 11589 19483
33825 8108 11589 19638
33825 8108 11623 16851
33825 8108 11623 19518
33825 8108 11626 19667
33825 8108 11719 19582
33825 8109 8677 17179
33825 8109 8677 17342
33825 8109 8677 19570
33825 8109 8677 19671
33825 8109 9082 19822
33825 8109 9161 16786
33825 8109 9162 16959
33825 8109 9192 20095
33825 8109 9544 17107
33825 8109 9544 18358
33825 8109 9715 18283
33825 8109 9715 19479
33825 8109 9941 16702
33825 8109 9941 18283
33825 8109 9973 16750
33825 8109 9973 17342
33825 8109 10186 17107
33825 8109 10211 17787
33825 8109 10358 16702
33825 8109 10358 16786
33825 8109 10358 19822
33825 8109 10358 19906
33825 8109 10595 17787
33825 8109 10595 17878
33825 8109 10595 19578
33825 8109 10595 19671
33825 8109 10602 19570
33825 8109 10623 17866
33825 8109 10623 18283
33825 8109 10724 17878
33825 8109 10724 20095
33825 8109 10835 17179
33825 8109 10841 18283
33825 8109 10841 19906
33825 8109 11638 16750
33825 8109 11716 19578
33825 8133 8553 17075
33825 8133 8599 17323
33825 8133 8599 19675
33825 8133 8604 19679
33825 8133 8615 19962
33825 8133 9032 16854
33825 8133 9080 16774
33825 8133 9080 16802
33825 8133 9118 16802
33825 8133 9118 19811
33825 8133 9133 16887
33825 8133 9133 16990
33825 8133 9133 19962
33825 8133 9133 20051
33825 8133 9501 17075
33825 8133 9544 18358
33825 8133 9544 19487
33825 8133 9545 19479
33825 8133 9683 18830
33825 8133 9758 17843
33825 8133 9758 18358
33825 8133 9848 16854
33825 8133 9848 17826
33825 8133 9879 17371
33825 8133 9879 18351
33825 8133 9918 17394
33825 8133 9918 18310
33825 8133 9944 16774
33825 8133 9944 18267
33825 8133 10044 17826
33825 8133 10089 17843
33825 8133 10089 18782
33825 8133 10090 17846
33825 8133 10201 16990
33825 8133 10201 17795
33825 8133 10201 18830
33825 8133 10201 20051
33825 8133 10355 18830
33825 8133 10355 19962
33825 8133 10398 16854
33825 8133 10398 17826
33825 8133 10519 18283
33825 8133 10519 18314
33825 8133 10519 19547
33825 8133 10519 19642
33825 8133 10558 19570
33825 8133 10712 20086
33825 8133 10714 17826
33825 8133 10775 18267
33825 8133 10775 18874
33825 8133 10807 19822
33825 8133 10813 18874
33825 8133 10813 19811
33825 8133 10873 18830
33825 8133 10873 19962
33825 8133 10941 18791
33825 8133 10941 19731
33825 8133 10969 17294
33825 8133 10969 18782
33825 8133 11594 19570
33825 8133 11619 17183
33825 8133 11619 17406
33825 8133 11619 19547
33825 8133 11619 19642
33825 8133 11635 17294
33825 8133 11635 19675
33825 8133 11676 17323
33825 8133 11676 19487
33825 8133 11692 20086
33825 8133 11694 16854
33825 8135 8552 17084
33825 8135 8613 16984
33825 8135 8613 17401
33825 8135 8613 19551
33825 8135 8613 19966
33825 8135 8629 17144
33825 8135 8629 17289
33825 8135 8639 17141
33825 8135 9033 16858
33825 8135 9033 17084
33825 8135 9033 19731
33825 8135 9033 20085
33825 8135 9082 16783
33825 8135 9082 17144
33825 8135 9119 16746
33825 8135 9119 16803
33825 8135 9135 16883
33825 8135 9503 17084
33825 8135 9503 18794
33825 8135 9689 18309
33825 8135 9689 19539
33825 8135 9756 16783
33825 8135 9756 18361
33825 8135 9848 17372
33825 8135 9850 18344
33825 8135 9877 18344
33825 8135 9916 17176
33825 8135 9946 17790
33825 8135 9946 18264
33825 8135 10046 17084
33825 8135 10046 18794
33825 8135 10195 17807
33825 8135 10195 20057
33825 8135 10268 16751
33825 8135 10271 16746
33825 8135 10271 18874
33825 8135 10361 16883
33825 8135 10399 16858
33825 8135 10399 17827
33825 8135 10399 18794
33825 8135 10399 19731
33825 8135 10526 18284
33825 8135 10526 19642
33825 8135 10549 18344
33825 8135 10549 19582
33825 8135 10563 17790
33825 8135 10563 18361
33825 8135 10568 17786
33825 8135 10595 20216
33825 8135 10602 18264
33825 8135 10602 20217
33825 8135 10714 18344
33825 8135 10714 19582
33825 8135 10782 18771
33825 8135 10782 18874
33825 8135 10867 17401
33825 8135 10867 18313
33825 8135 10867 18830
33825 8135 10867 19966
33825 8135 10942 18794
33825 8135 10969 17324
33825 8135 10969 18771
33825 8135 11587 19582
33825 8135 11626 17176
33825 8135 11635 17289
33825 8135 11635 20217
33825 8135 11678 16803
33825 8135 11678 17324
33825 8135 11692 19582
33825 8135 11694 17372
33825 8137 8556 19743
33825 8137 8598 17114
33825 8137 8598 17323
33825 8137 8598 19667
33825 8137 8598 19874
33825 8137 8605 19671
33825 8137 8605 19878
33825 8137 8613 17406
33825 8137 8613 19959
33825 8137 8629 17150
33825 8137 8629 19815
33825 8137 8639 17139
33825 8137 8639 17282
33825 8137 8639 19483
33825 8137 8639 19818
33825 8137 9039 16858
33825 8137 9039 17082
33825 8137 9087 16778
33825 8137 9087 16803
33825 8137 9087 17114
33825 8137 9087 17139
33825 8137 9118 16747
33825 8137 9118 16803
33825 8137 9118 19818
33825 8137 9118 19874
33825 8137 9133 16886
33825 8137 9133 19959
33825 8137 9140 16750
33825 8137 9140 19990
33825 8137 9143 16747
33825 8137 9143 16778
33825 8137 9143 19987
33825 8137 9143 20210
33825 8137 9503 17082
33825 8137 9503 18314
33825 8137 9550 17107
33825 8137 9550 19475
33825 8137 9551 17114
33825 8137 9551 18362
33825 8137 9551 18811
33825 8137 9551 19483
33825 8137 9636 17150
33825 8137 9636 18806
33825 8137 9646 17139
33825 8137 9646 18267
33825 8137 9646 18811
33825 8137 9646 19667
33825 8137 9692 16991
33825 8137 9759 16778
33825 8137 9759 17282
33825 8137 9759 17842
33825 8137 9759 18362
33825 8137 9853 17831
33825 8137 9853 18310
33825 8137 9855 16858
33825 8137 9855 18314
33825 8137 9879 17179
33825 8137 9879 18347
33825 8137 9916 18287
33825 8137 9943 16778
33825 8137 9943 17323
33825 8137 9943 17786
33825 8137 9943 18267
33825 8137 10044 20095
33825 8137 10093 17847
33825 8137 10093 19990
33825 8137 10094 17139
33825 8137 10094 17842
33825 8137 10094 18770
33825 8137 10094 19987
33825 8137 10150 17114
33825 8137 10150 17786
33825 8137 10150 18770
33825 8137 10150 20210
33825 8137 10158 17107
33825 8137 10158 20211
33825 8137 10198 18818
33825 8137 10198 20050
33825 8137 10261 16750
33825 8137 10261 17847
33825 8137 10262 16747
33825 8137 10262 17842
33825 8137 10262 18867
33825 8137 10262 19818
33825 8137 10292 17790
33825 8137 10292 19878
33825 8137 10303 16747
33825 8137 10303 17786
33825 8137 10303 18867
33825 8137 10303 19874
33825 8137 10364 17807
33825 8137 10389 17831
33825 8137 10389 18798
33825 8137 10525 19543
33825 8137 10525 19638
33825 8137 10548 19582
33825 8137 10548 19638
33825 8137 10565 17790
33825 8137 10565 19671
33825 8137 10574 17786
33825 8137 10574 18362
33825 8137 10574 19667
33825 8137 10574 19987
33825 8137 10599 17842
33825 8137 10599 18267
33825 8137 10599 19483
33825 8137 10599 20210
33825 8137 10606 19475
33825 8137 10606 20211
33825 8137 10709 19543
33825 8137 10709 19582
33825 8137 10711 18347
33825 8137 10711 19547
33825 8137 10782 18267
33825 8137 10782 18362
33825 8137 10782 18770
33825 8137 10782 18867
33825 8137 10807 18811
33825 8137 10807 18867
33825 8137 10807 19818
33825 8137 10807 19874
33825 8137 10813 18806
33825 8137 10813 19815
33825 8137 10870 17394
33825 8137 10870 18818
33825 8137 10932 18310
33825 8137 10932 18798
33825 8137 10966 17282
33825 8137 10966 17323
33825 8137 10966 18770
33825 8137 10966 18811
33825 8137 11596 17375
33825 8137 11623 17179
33825 8137 11623 19547
33825 8137 11638 16803
33825 8137 11638 17282
33825 8137 11638 19667
33825 8137 11638 20210
33825 8137 11671 16803
33825 8137 11671 17323
33825 8137 11671 19483
33825 8137 11671 19987
33825 8137 11684 16886
33825 8137 11684 17406
33825 8137 11686 17394
33825 8137 11686 20050
33825 8139 8557 17397
33825 8139 8557 19551
33825 8139 8615 16985
33825 8139 8615 19955
33825 8139 9038 16854
33825 8139 9038 20092
33825 8139 9085 16771
33825 8139 9085 17109
33825 8139 9119 16802
33825 8139 9119 19878
33825 8139 9135 16882
33825 8139 9135 20056
33825 8139 9149 19993
33825 8139 9150 16771
33825 8139 9150 19996
33825 8139 9501 17077
33825 8139 9501 18309
33825 8139 9501 18787
33825 8139 9501 19539
33825 8139 9638 18264
33825 8139 9638 18802
33825 8139 9644 18815
33825 8139 9686 18818
33825 8139 9757 17285
33825 8139 9757 18357
33825 8139 9853 17795
33825 8139 9855 16882
33825 8139 9877 17180
33825 8139 9877 17368
33825 8139 9877 18280
33825 8139 9877 18348
33825 8139 9918 17180
33825 8139 9941 17324
33825 8139 9941 18264
33825 8139 10046 17830
33825 8139 10148 17116
33825 8139 10156 17109
33825 8139 10156 18783
33825 8139 10204 20056
33825 8139 10293 19874
33825 8139 10302 18867
33825 8139 10302 19878
33825 8139 10358 16882
33825 8139 10388 17830
33825 8139 10516 19638
33825 8139 10559 18280
33825 8139 10559 18348
33825 8139 10559 19570
33825 8139 10559 19638
33825 8139 10709 20056
33825 8139 10711 17795
33825 8139 10775 18357
33825 8139 10775 18867
33825 8139 10876 18818
33825 8139 10935 17401
33825 8139 10935 18309
33825 8139 10935 18787
33825 8139 10935 19743
33825 8139 10966 18783
33825 8139 10966 18802
33825 8139 11589 17180
33825 8139 11589 19638
33825 8139 11630 17180
33825 8139 11630 19638
33825 8139 11638 16802
33825 8139 11638 17285
33825 8139 11669 17324
33825 8139 11669 19996
33825 8139 11686 16882
33825 8139 11686 20056
33825 8148 8552 19574
33825 8148 8598 17023
33825 8148 9576 18771
33825 8148 9576 18806
33825 8148 9576 19475
33825 8148 9576 19510
33825 8148 9788 17826
33825 8148 9818 16839
33825 8148 9818 17346
33825 8148 9818 17843
33825 8148 9818 18358
33825 8148 10141 16922
33825 8148 10150 16922
33825 8148 10150 16958
33825 8148 10179 17023
33825 8148 10179 18782
33825 8148 10428 16839
33825 8148 10428 17826
33825 8148 10428 18782
33825 8148 10428 19771
33825 8148 10431 18771
33825 8148 10618 19510
33825 8148 10618 20018
33825 8148 10669 17843
33825 8148 10671 19475
33825 8148 10671 20018
33825 8148 10698 18358
33825 8148 10698 19574
33825 8148 10813 18806
33825 8148 10867 19771
33825 8148 10908 17346
33825 8148 10909 18351
33825 8148 11641 19611
33825 8148 11641 20018
33825 8148 11692 16791
33825 8148 11692 20018
33825 8150 8553 19483
33825 8150 8553 19762
33825 8150 9149 19918
33825 8150 9576 18811
33825 8150 9576 19483
33825 8150 9652 16953
33825 8150 9757 18344
33825 8150 9816 16843
33825 8150 9816 17349
33825 8150 10148 16953
33825 8150 10148 17822
33825 8150 10186 20153
33825 8150 10323 17775
33825 8150 10323 19918
33825 8150 10516 20057
33825 8150 10525 19615
33825 8150 10548 17775
33825 8150 10548 18344
33825 8150 10548 19582
33825 8150 10548 20153
33825 8150 10559 17771
33825 8150 10616 17771
33825 8150 10616 18284
33825 8150 10616 19506
33825 8150 10616 20021
33825 8150 10669 18361
33825 8150 10671 19483
33825 8150 10671 19506
33825 8150 10698 17822
33825 8150 10698 18361
33825 8150 10698 19582
33825 8150 10698 20057
33825 8150 10782 18284
33825 8150 11609 17349
33825 8150 11694 19483
33825 8150 11694 20021
33825 8153 8557 19582
33825 8153 8557 19766
33825 8153 8598 17018
33825 8153 8598 19906
33825 8153 8604 19582
33825 8153 8604 19911
33825 8153 8613 16958
33825 8153 8613 17342
33825 8153 8623 17330
33825 8153 8623 19738
33825 8153 9108 16846
33825 8153 9108 17023
33825 8153 9119 16803
33825 8153 9119 17018
33825 8153 9127 16795
33825 8153 9127 20147
33825 8153 9135 16922
33825 8153 9149 16806
33825 8153 9149 16958
33825 8153 9150 16803
33825 8153 9150 19906
33825 8153 9580 18782
33825 8153 9580 19479
33825 8153 9652 16958
33825 8153 9652 18351
33825 8153 9788 17342
33825 8153 9788 17831
33825 8153 9821 16846
33825 8153 9821 18358
33825 8153 10156 16958
33825 8153 10156 17847
33825 8153 10189 18782
33825 8153 10189 20150
33825 8153 10268 17774
33825 8153 10268 19799
33825 8153 10271 16795
33825 8153 10271 17770
33825 8153 10324 17774
33825 8153 10324 19743
33825 8153 10421 16846
33825 8153 10421 18782
33825 8153 10422 17826
33825 8153 10422 18771
33825 8153 10519 17826
33825 8153 10519 18283
33825 8153 10526 20051
33825 8153 10549 17774
33825 8153 10549 19582
33825 8153 10558 17770
33825 8153 10558 20147
33825 8153 10621 17774
33825 8153 10621 19510
33825 8153 10663 18331
33825 8153 10692 17823
33825 8153 10692 19582
33825 8153 10772 17263
33825 8153 10772 18782
33825 8153 10782 18283
33825 8153 10782 18771
33825 8153 10806 17330
33825 8153 10806 18811
33825 8153 10813 17342
33825 8153 10813 18854
33825 8153 10902 17346
33825 8153 10903 18811
33825 8153 10903 19738
33825 8153 11644 16846
33825 8153 11644 19607
33825 8153 11684 17342
33825 8153 11684 20031
33825 8155 8615 16953
33825 8155 8615 17337
33825 8155 8615 19603
33825 8155 8615 19731
33825 8155 8621 17333
33825 8155 9069 20057
33825 8155 9118 16803
33825 8155 9125 16924
33825 8155 9133 19775
33825 8155 9580 19487
33825 8155 9580 19506
33825 8155 9654 18344
33825 8155 9654 19506
33825 8155 9677 19603
33825 8155 9790 16803
33825 8155 9790 17337
33825 8155 9823 16834
33825 8155 9823 17846
33825 8155 10158 16924
33825 8155 10158 16953
33825 8155 10158 17811
33825 8155 10158 17846
33825 8155 10262 16786
33825 8155 10334 19731
33825 8155 10623 18284
33825 8155 10623 19506
33825 8155 10661 19506
33825 8155 10661 20024
33825 8155 10663 17811
33825 8155 10692 19574
33825 8155 10692 20057
33825 8155 11638 16834
33825 8155 11686 16786
33825 8155 11686 17333
33825 8155 11686 19487
33825 8155 11686 20024
