c CMS SHA1: GIT-notfound
c CryptoMiniSat version 5.14.7
c CMS compilation env CMAKE_CXX_COMPILER = clang++ | CMAKE_CXX_FLAGS =  -fno-stack-protector -msse4.2 -Wno-bitfield-constant-conversion -Wlogical-op -Wrestrict -Wnull-dereference -Wdouble-promotion -Wshadow -Wformat=2 -Wextra-semi -pedantic | COMPILE_DEFINES =  -DNDEBUG -D_FORTIFY_SOURCE=0 -DUSE_ZLIB | BUILD_SHARED_LIBS = ON | ONLY_SIMPLE =  | STATS = OFF | SQLITE3_FOUND =  | ZLIB_FOUND = TRUE | VALGRIND_FOUND =  | ENABLE_TESTING = OFF | SLOW_DEBUG = OFF | ENABLE_ASSERTIONS = OFF | PYTHON_EXECUTABLE =  | PYTHON_LIBRARY =  | PYTHON_INCLUDE_DIRS =  | MY_TARGETS =  | LARGEMEM = OFF | LIMITMEM = OFF | BREAKID_LIBRARIES =  | BREAKID-VER = . | c c Using VMTF, picosat, CaDiCaL, and CadiBack code by Armin Biere
c CMS is MIT licensed
c Using code from 'When Boolean Satisfiability Meets Gauss-E. in a Simplex Way'
c       by C.-S. Han and J.-H. Roland Jiang in CAV 2012. Fixes by M. Soos
c Using CCAnr from 'CCAnr: A Conf. Checking Based Local Search Solver [...]'
c       by Shaowei Cai, Chuan Luo, and Kaile Su, SAT 2015
c Using Oracle code from 'Integrating Tree Decompositions [...]'
c       by Tuukka Korhonen and Matti Jarvisalo, CP 2021
c Executed with command line: cryptominisat5 --verb 1 residual_256_512.cnf
c Reading file 'residual_256_512.cnf'
c o -- header says num vars:           1788
c o -- header says num clauses:        7097
c -- clauses added: 7097
c -- xor clauses added: 0
c -- vars added 1788
c Parsing time: 0.00 s
c [branch] adjusting to: vsids (from: vsids) var_decay:0.95 descr: VSIDS
c rst  geom  stb   vs     1   113    1788  6992   105    3.00    2.99    18    28    67     0   14.69   14.69
c rst  geom  stb   vs     2   235    1788  6992   105    3.00    2.99    18    47   170     0   18.29   18.29
c  res  pol bran  nres  conf freevar  IrrL  IrrB l/longC  l/allC RedL0 RedL1 RedL2  RedB l/longC  l/allC
c rst  geom  stb   vs     3   369    1788  6992   105    3.00    2.99    22    56   291     0   17.96   17.96
c rst  geom  stb   vs     4   517    1788  6992   105    3.00    2.99    22    58   437     0   18.48   18.48
c rst  geom  stb   vs     5   680    1788  6992   105    3.00    2.99    23    67   590     0   18.29   18.29
c rst  geom  stb   vs     6   857    1788  6992   105    3.00    2.99    24    72   761     0   18.26   18.26
c rst  geom  stb   vs     7  1051    1788  6992   105    3.00    2.99    24    74   953     0   18.36   18.36
c rst  geom  stb   vs     8  1265    1788  6992   105    3.00    2.99    25    88  1152     0   18.27   18.27
c rst  geom  stb   vs     9  1499    1788  6992   105    3.00    2.99    26    94  1379     0   18.07   18.07
c rst  geom  stb   vs    10  1757    1788  6992   105    3.00    2.99    26   105  1626     0   18.03   18.03
c rst  geom  stb   vs    11  2039    1788  6992   105    3.00    2.99    27   110  1902     0   18.16   18.16
c rst  geom  stb   vs    12  2349    1788  6992   105    3.00    2.99    27   117  2205     0   18.09   18.09
c rst  geom  stb   vs    13  2690    1788  6992   105    3.00    2.99    27   126  2537     0   18.08   18.08
c rst  geom  stb   vs    14  3064    1788  6992   105    3.00    2.99    29   136  2899     0   18.00   18.00
c rst  geom  stb   vs    15  3474    1788  6992   105    3.00    2.99    30   140  3304     0   18.11   18.11
c rst  geom  stb   vs    16  3924    1788  6992   105    3.00    2.99    33   154  3737     0   18.06   18.06
c rst  geom  stb   vs    17  4418    1788  6992   105    3.00    2.99    37   173  4208     0   17.97   17.97
c rst  geom  stb   vs    18  4961    1788  6992   105    3.00    2.99    38   192  4731     0   17.90   17.90
c rst  geom  stb   vs    19  5558    1788  6992   105    3.00    2.99    40   204  5314     0   17.91   17.91
c [branch] adjusting to: vmtf (from: vsids) var_decay:0.95 descr: VMTF
c [distill-long-red0] cls tried: 40/40 T: 0.00 T-out: N T-r: 100.00%
c [distill-long-red1] cls tried: 204/204 T: 0.01 T-out: N T-r: 96.97%
c rst  luby ibes  vmt    20  5659    1788  6992   105    3.00    2.99    63   224  5372     0   17.87   17.87
c rst  luby ibes  vmt    21  5760    1788  6992   105    3.00    2.99    63   235  5462     0   17.91   17.91
c rst  luby ibes  vmt    22  5961    1788  6992   105    3.00    2.99    65   240  5656     0   17.96   17.96
c rst  luby ibes  vmt    23  6062    1788  6992   105    3.00    2.99    67   241  5754     0   17.97   17.97
c rst  luby ibes  vmt    24  6163    1788  6992   105    3.00    2.99    72   246  5845     0   17.94   17.94
c rst  luby ibes  vmt    25  6364    1788  6992   105    3.00    2.99    73   253  6038     0   18.00   18.00
c rst  luby ibes  vmt    26  6765    1788  6992   105    3.00    2.99    87   284  6394     0   18.00   18.00
c rst  luby ibes  vmt    27  6867    1788  6992   105    3.00    2.99    89   289  6489     0   18.00   18.00
c rst  luby ibes  vmt    28  6971    1788  6992   105    3.00    2.99    92   293  6586     0   18.01   18.01
c rst  luby ibes  vmt    29  7174    1788  6992   105    3.00    2.99    98   309  6767     0   18.00   18.00
c rst  luby ibes  vmt    30  7276    1788  6992   105    3.00    2.99   112   318  6845     1   17.94   17.94
c rst  luby ibes  vmt    31  7380    1788  6992   105    3.00    2.99   113   318  6948     1   17.95   17.95
c rst  luby ibes  vmt    32  7582    1788  6992   105    3.00    2.99   114   328  7139     1   17.94   17.93
c rst  luby ibes  vmt    33  7984    1788  6992   105    3.00    2.99   144   384  7452     4   17.82   17.81
c rst  luby ibes  vmt    34  8786    1788  6992   105    3.00    2.99   145   414  8223     4   17.79   17.78
c rst  luby ibes  vmt    35  8887    1788  6992   105    3.00    2.99   145   416  8322     4   17.79   17.78
c rst  luby ibes  vmt    36  8988    1788  6992   105    3.00    2.99   145   417  8422     4   17.79   17.78
c rst  luby ibes  vmt    37  9192    1788  6992   105    3.00    2.99   145   420  8623     4   17.82   17.81
c rst  luby ibes  vmt    38  9294    1788  6992   105    3.00    2.99   147   422  8721     4   17.84   17.83
c rst  luby ibes  vmt    39  9395    1788  6992   105    3.00    2.99   150   425  8816     4   17.85   17.84
c rst  luby ibes  vmt    40  9596    1788  6992   105    3.00    2.99   151   432  9008     5   17.85   17.84
c rst  luby ibes  vmt    41 10000    1788  6992   105    3.00    2.99   349   270  9376     5   17.86   17.85
c rst  luby ibes  vmt    42 10101    1788  6992   105    3.00    2.99   349   272  9475     5   17.86   17.85
c rst  luby ibes  vmt    43 10204    1788  6992   105    3.00    2.99   349   273  9577     5   17.90   17.89
c rst  luby ibes  vmt    44 10405    1788  6992   105    3.00    2.99   359   296  9745     5   17.86   17.85
c rst  luby ibes  vmt    45 10507    1788  6992   105    3.00    2.99   359   296  9847     5   17.89   17.88
c rst  luby ibes  vmt    46 10608    1788  6992   105    3.00    2.99   359   296  9948     5   17.89   17.88
c rst  luby ibes  vmt    47 10809    1788  6992   105    3.00    2.99   364   308 10132     5   17.88   17.87
c rst  luby  svd  vmt    48 11212    1788  6992   105    3.00    2.99   366   320 10521     5   17.86   17.86
c rst  luby  svd  vmt    49 12013    1788  6992   105    3.00    2.99   409   378 11220     6   17.84   17.84
c [branch] adjusting to: vsids (from: vmtf) var_decay:0.95 descr: VSIDS
c [distill-bin] useful: 0/105/105 lits-rem: 0 cl-rem: 0 0-depth-assigns: 0 T: 0.00 T-out: N
c rst  geom  svd   vs    50 12124    1788  6992   105    3.00    2.99   409   382 11327     6   17.85   17.84
c rst  geom  svd   vs    51 12246    1788  6992   105    3.00    2.99   410   385 11445     6   17.85   17.84
c rst  geom  svd   vs    52 12381    1788  6992   105    3.00    2.99   412   390 11573     6   17.84   17.83
c rst  geom  svd   vs    53 12532    1788  6992   105    3.00    2.99   412   390 11724     6   17.86   17.85
c rst  geom  svd   vs    54 12695    1788  6992   105    3.00    2.99   413   394 11882     6   17.87   17.86
c rst  geom  svd   vs    55 12872    1788  6992   105    3.00    2.99   413   395 12058     6   17.88   17.88
c rst  geom  svd   vs    56 13067    1788  6992   105    3.00    2.99   413   400 12248     6   17.90   17.89
c rst  geom  svd   vs    57 13280    1788  6992   105    3.00    2.99   415   402 12457     6   17.91   17.90
c rst  geom  svd   vs    58 13516    1788  6992   105    3.00    2.99   417   412 12681     6   17.93   17.92
c rst  geom  svd   vs    59 13774    1788  6992   105    3.00    2.99   417   415 12936     6   17.95   17.94
c rst  geom  svd   vs    60 14056    1788  6992   105    3.00    2.99   418   422 13210     6   17.96   17.95
c rst  geom  svd   vs    61 14367    1788  6992   105    3.00    2.99   418   429 13514     6   17.99   17.98
c rst  geom  svd   vs    62 14708    1788  6992   105    3.00    2.99   420   435 13847     6   17.99   17.99
c rst  geom  svd   vs    63 15084    1788  6992   105    3.00    2.99   434  1048 13596     6   18.02   18.01
c rst  geom  svd   vs    64 15496    1788  6992   105    3.00    2.99   434  1051 14005     6   18.04   18.03
c rst  geom  svd   vs    65 15947    1788  6992   105    3.00    2.99   434  1055 14452     6   18.04   18.04
c rst  geom  svd   vs    66 16444    1788  6992   105    3.00    2.99   434  1064 14940     6   18.03   18.03
c rst  geom best   vs    67 16988    1788  6992   105    3.00    2.99   434  1071 15477     6   18.01   18.00
c rst  geom best   vs    68 17585    1788  6992   105    3.00    2.99   436  1078 16064     7   18.01   18.00
c rst  geom best   vs    69 18242    1788  6992   105    3.00    2.99   437  1102 16696     7   17.97   17.96
c [branch] adjusting to: vmtf (from: vsids) var_decay:0.95 descr: VMTF
c rst  luby best  vmt    70 18345    1788  6992   105    3.00    2.99   438  1113 16787     7   17.96   17.96
c rst  luby best  vmt    71 18447    1788  6992   105    3.00    2.99   439  1115 16886     7   17.97   17.96
c rst  luby best  vmt    72 18648    1788  6992   105    3.00    2.99   439  1123 17079     7   17.99   17.99
c rst  luby best  vmt    73 18750    1788  6992   105    3.00    2.99   440  1131 17172     7   18.00   17.99
c rst  luby best  vmt    74 18851    1788  6992   105    3.00    2.99   441  1131 17272     7   18.01   18.01
c rst  luby best  vmt    75 19052    1788  6992   105    3.00    2.99   441  1135 17469     7   18.04   18.04
c rst  luby best  vmt    76 19454    1788  6992   105    3.00    2.99   443  1146 17858     7   18.05   18.04
c rst  luby best  vmt    77 19556    1788  6992   105    3.00    2.99   443  1150 17956     7   18.05   18.04
c rst  luby best  vmt    78 19658    1788  6992   105    3.00    2.99   443  1157 18051     7   18.05   18.04
c rst  luby best  vmt    79 19860    1788  6992   105    3.00    2.99   448  1165 18240     7   18.06   18.05
c rst  luby best  vmt    80 19962    1788  6992   105    3.00    2.99   449  1170 18336     7   18.06   18.05
c rst  luby best  vmt    81   20K    1788  6992   105    3.00    2.99   597  1027 18432     7   18.06   18.05
c [full-probe]  bin_only: 1 set: 0 repl: 0 T: 0.00 T-out: N T-r: 99.96%
c rst  luby best  vmt    82   20K    1788  6992   107    3.00    2.98   604  1055 18599     7   18.05   18.05
c rst  luby best  vmt    83   20K    1788  6992   107    3.00    2.98   608  1076 18978     7   18.12   18.12
c [distill-long-red0] cls tried: 487/487 T: 0.02 T-out: N T-r: 99.97%
c [distill-long-red1] cls tried: 953/953 T: 0.09 T-out: N T-r: 49.53%
c rst  luby best  vmt    84   21K    1788  6992   107    3.00    2.98   623  1136 19697    15   18.10   18.09
c rst  luby best  vmt    85   21K    1788  6992   107    3.00    2.98   624  1142 19791    15   18.10   18.09
c rst  luby best  vmt    86   21K    1788  6992   107    3.00    2.98   625  1147 19886    15   18.11   18.10
c rst  luby  stb  vmt    87   21K    1788  6992   107    3.00    2.98   625  1156   20K    15   18.12   18.11
c rst  luby  stb  vmt    88   21K    1788  6992   107    3.00    2.98   625  1158   20K    15   18.14   18.13
c rst  luby  stb  vmt    89   22K    1788  6992   107    3.00    2.98   625  1159   20K    15   18.15   18.14
c rst  luby  stb  vmt    90   22K    1788  6992   107    3.00    2.98   628  1168   20K    15   18.19   18.18
c rst  luby  stb  vmt    91   22K    1788  6992   107    3.00    2.98   634  1200   20K    17   18.18   18.17
c rst  luby  stb  vmt    92   22K    1788  6992   107    3.00    2.98   634  1202   20K    17   18.19   18.18
c rst  luby  stb  vmt    93   22K    1788  6992   107    3.00    2.98   643  1210   21K    17   18.19   18.18
c rst  luby  stb  vmt    94   23K    1788  6992   107    3.00    2.98   644  1222   21K    17   18.19   18.18
c rst  luby  stb  vmt    95   23K    1788  6992   107    3.00    2.98   650  1231   21K    17   18.20   18.18
c rst  luby  stb  vmt    96   23K    1788  6992   107    3.00    2.98   656  1237   21K    17   18.21   18.19
c rst  luby  stb  vmt    97   23K    1788  6992   107    3.00    2.98   658  1253   21K    18   18.21   18.19
c rst  luby  stb  vmt    98   23K    1788  6992   107    3.00    2.98   667  1275   21K    18   18.19   18.18
c rst  luby  stb  vmt    99   24K    1788  6992   107    3.00    2.98   669  1293   22K    18   18.28   18.26
c rst  luby  stb  vmt   100   26K    1788  6992   107    3.00    2.98   690  1379   24K    18   18.24   18.23
c [branch] adjusting to: vsids (from: vmtf) var_decay:0.95 descr: VSIDS
c [distill] watch-based irred--  cl tried    13984 cl-sh     0 cl-rem    0 lit-rem      0 T: 0.01 T-out: N
c [distill] watch-based   red--  cl tried     1376 cl-sh     1 cl-rem    4 lit-rem      1 T: 0.00 T-out: N
c rst  geom  stb   vs   101   26K    1788  6992   107    3.00    2.98   687  1379   24K    18   18.25   18.24
c rst  geom  stb   vs   102   26K    1788  6992   107    3.00    2.98   687  1382   24K    18   18.25   18.24
c rst  geom  stb   vs   103   26K    1788  6992   107    3.00    2.98   687  1383   24K    18   18.26   18.24
c rst  geom  stb   vs   104   26K    1788  6992   107    3.00    2.98   687  1385   24K    18   18.26   18.24
c rst  geom  stb   vs   105   26K    1788  6992   107    3.00    2.98   687  1386   24K    18   18.27   18.26
c rst  geom ibes   vs   106   27K    1788  6992   107    3.00    2.98   687  1388   25K    18   18.27   18.26
c rst  geom ibes   vs   107   27K    1788  6992   107    3.00    2.98   687  1392   25K    18   18.26   18.25
c rst  geom ibes   vs   108   27K    1788  6992   107    3.00    2.98   687  1396   25K    18   18.25   18.24
c rst  geom ibes   vs   109   27K    1788  6992   107    3.00    2.98   687  1401   25K    18   18.26   18.25
c rst  geom ibes   vs   110   28K    1788  6992   107    3.00    2.98   687  1403   25K    18   18.25   18.24
c rst  geom ibes   vs   111   28K    1788  6992   107    3.00    2.98   687  1403   26K    18   18.26   18.25
c rst  geom ibes   vs   112   28K    1788  6992   107    3.00    2.98   687  1407   26K    18   18.25   18.24
c rst  geom ibes   vs   113   28K    1788  6992   107    3.00    2.98   687  1412   26K    18   18.25   18.24
c rst  geom ibes   vs   114   29K    1788  6992   107    3.00    2.98   688  1422   27K    18   18.23   18.22
c rst  geom ibes   vs   115   29K    1788  6992   107    3.00    2.98   689  1425   27K    18   18.22   18.22
c rst  geom ibes   vs   116   30K    1788  6992   107    3.00    2.98   927  1897   26K    18   18.13   18.12
c rst  geom ibes   vs   117   30K    1788  6992   107    3.00    2.98   927  1906   26K    18   18.10   18.09
c rst  geom ibes   vs   118   31K    1788  6992   107    3.00    2.98   927  1909   27K    18   18.08   18.07
c rst  geom ibes   vs   119   31K    1788  6992   107    3.00    2.98   931  1919   27K    18   18.08   18.07
c rst  geom ibes   vs   120   32K    1788  6992   107    3.00    2.98   933  1938   28K    18   18.06   18.05
c [distill-bin] useful: 0/107/107 lits-rem: 0 cl-rem: 0 0-depth-assigns: 0 T: 0.00 T-out: N
c rst  geom  svd   vs   121   33K    1788  6992   107    3.00    2.98   933  1953   29K    18   18.06   18.05
c rst  geom  svd   vs   122   34K    1788  6992   107    3.00    2.98   934  1966   29K    18   18.07   18.06
c [branch] adjusting to: vmtf (from: vsids) var_decay:0.95 descr: VMTF
c rst  luby  svd  vmt   123   34K    1788  6992   107    3.00    2.98   934  1971   29K    18   18.07   18.06
c rst  luby  svd  vmt   124   34K    1788  6992   107    3.00    2.98   934  1975   30K    18   18.07   18.07
c rst  luby  svd  vmt   125   34K    1788  6992   107    3.00    2.98   936  1993   30K    18   18.07   18.06
c rst  luby  svd  vmt   126   34K    1788  6992   107    3.00    2.98   936  1998   30K    18   18.07   18.06
c rst  luby  svd  vmt   127   34K    1788  6992   107    3.00    2.98   939  2002   30K    18   18.07   18.06
c rst  luby  svd  vmt   128   34K    1788  6992   107    3.00    2.98   939  2008   30K    18   18.07   18.06
c rst  luby  svd  vmt   129   35K    1788  6992   107    3.00    2.98   942  2023   31K    18   18.08   18.07
c rst  luby  svd  vmt   130   35K    1788  6992   107    3.00    2.98   943  2029   31K    18   18.08   18.08
c rst  luby  svd  vmt   131   35K    1788  6992   107    3.00    2.98   943  2031   31K    18   18.09   18.08
c rst  luby  svd  vmt   132   35K    1788  6992   107    3.00    2.98   949  2041   31K    20   18.09   18.08
c rst  luby  svd  vmt   133   35K    1788  6992   107    3.00    2.98   949  2044   31K    20   18.09   18.08
c [distill-long-red0] cls tried: 264/264 T: 0.01 T-out: N T-r: 99.95%
c [distill-long-red1] cls tried: 430/1054 T: 0.11 T-out: Y T-r: -0.34%
c rst  luby  svd  vmt   134   35K    1788  6992   107    3.00    2.98   944  2047   31K    25   18.09   18.07
c rst  luby  svd  vmt   135   36K    1788  6992   107    3.00    2.98   945  2055   31K    25   18.08   18.07
c rst  luby  svd  vmt   136   36K    1788  6992   107    3.00    2.98   948  2070   32K    25   18.11   18.10
c rst  luby  svd  vmt   137   37K    1788  6992   107    3.00    2.98   957  2092   32K    27   18.11   18.10
c rst  luby  svd  vmt   138   37K    1788  6992   107    3.00    2.98   957  2096   33K    27   18.11   18.10
c rst  luby  svd  vmt   139   37K    1788  6992   107    3.00    2.98   959  2097   33K    28   18.12   18.10
c rst  luby  svd  vmt   140   37K    1788  6992   107    3.00    2.98   961  2107   33K    28   18.12   18.11
c rst  luby  svd  vmt   141   37K    1788  6992   107    3.00    2.98   962  2112   33K    28   18.13   18.12
c rst  luby  svd  vmt   142   37K    1788  6992   107    3.00    2.98   962  2117   33K    28   18.14   18.12
c rst  luby  svd  vmt   143   38K    1788  6992   107    3.00    2.98   966  2128   33K    28   18.13   18.12
c rst  geom best  vmt   144   38K    1788  6992   107    3.00    2.98   970  2131   33K    28   18.14   18.13
c rst  geom best  vmt   145   38K    1788  6992   107    3.00    2.98   977  2137   33K    28   18.14   18.13
c rst  geom best  vmt   146   38K    1788  6992   107    3.00    2.98   978  2142   34K    28   18.14   18.13
c rst  geom best  vmt   147   38K    1788  6992   107    3.00    2.98   978  2143   34K    28   18.15   18.14
c rst  geom best  vmt   148   38K    1788  6992   107    3.00    2.98   979  2149   34K    28   18.16   18.15
c rst  geom best  vmt   149   38K    1788  6992   107    3.00    2.98   983  2155   34K    28   18.16   18.15
c rst  geom best  vmt   150   39K    1788  6992   107    3.00    2.98   983  2161   34K    28   18.17   18.16
c rst  geom best  vmt   151   39K    1788  6992   107    3.00    2.98   984  2176   34K    28   18.17   18.16
c rst  geom best  vmt   152   39K    1788  6992   107    3.00    2.98   987  2189   35K    29   18.17   18.15
c rst  geom best  vmt   153   39K    1788  6992   107    3.00    2.98   991  2197   35K    29   18.17   18.16
c rst  geom best  vmt   154   40K    1788  6992   107    3.00    2.98  1141  2055   35K    29   18.17   18.16
c [full-probe]  bin_only: 0 set: 0 repl: 0 T: 0.00 T-out: N T-r: 99.10%
c [impl-str] lit bin: 0 set-var: 0 T: 0.00 T-out: N T-r: 99.97% w-visit: 3576
c [impl-sub] bin: 22 T: 0.00 T-out: N w-visit: 3576
c rst  geom best  vmt   155   40K    1788  6992   115    3.00    2.98  1141  2059   35K     9   18.19   18.18
c rst  geom best  vmt   156   40K    1788  6992   115    3.00    2.98  1143  2074   36K     9   18.21   18.20
c rst  geom best  vmt   157   41K    1788  6992   115    3.00    2.98  1144  2089   36K     9   18.21   18.20
c rst  geom best  vmt   158   41K    1788  6992   115    3.00    2.98  1144  2095   37K     9   18.21   18.20
c rst  geom best  vmt   159   41K    1788  6992   115    3.00    2.98  1147  2124   37K     9   18.20   18.19
c rst  geom best  vmt   160   42K    1788  6992   115    3.00    2.98  1151  2163   37K     9   18.20   18.20
c [branch] adjusting to: vsids (from: vmtf) var_decay:0.95 descr: VSIDS
c rst  geom best   vs   161   42K    1788  6992   115    3.00    2.98  1152  2164   38K     9   18.20   18.20
c rst  geom best   vs   162   42K    1788  6992   115    3.00    2.98  1152  2165   38K     9   18.20   18.20
c rst  geom best   vs   163   42K    1788  6992   115    3.00    2.98  1152  2167   38K     9   18.20   18.20
c rst  geom best   vs   164   43K    1788  6992   115    3.00    2.98  1152  2167   38K     9   18.21   18.20
c rst  geom best   vs   165   43K    1788  6992   115    3.00    2.98  1152  2170   38K     9   18.21   18.20
c rst  geom best   vs   166   43K    1788  6992   115    3.00    2.98  1152  2171   38K     9   18.21   18.20
c rst  geom best   vs   167   43K    1788  6992   115    3.00    2.98  1153  2179   38K     9   18.21   18.20
c rst  geom  stb   vs   168   43K    1788  6992   115    3.00    2.98  1154  2186   39K     9   18.21   18.20
c rst  geom  stb   vs   169   43K    1788  6992   115    3.00    2.98  1154  2188   39K     9   18.21   18.21
c rst  geom  stb   vs   170   44K    1788  6992   115    3.00    2.98  1154  2193   39K     9   18.22   18.21
c [ccnr] tries: 0 steps: 262143 best found: 14
c [ccnr] tries: 0 steps: 524287 best found: 14
c [ccnr] tries: 0 steps: 786431 best found: 14
c [ccnr] tries: 1 steps: 262143 best found: 14
c [ccnr] tries: 1 steps: 524287 best found: 14
c [ccnr] tries: 1 steps: 786431 best found: 14
c [ccnr] saving best assignment phase to stable_polar
c [ccnr] bumping based on clause weights
c [ccnr] Bumped vars: 103 bump type: 6
c [ccnr] time: 0.67
c rst  geom  stb   vs   171   44K    1788  6992   115    3.00    2.98  1154  2195   39K     9   18.22   18.22
c rst  geom  stb   vs   172   44K    1788  6992   115    3.00    2.98  1155  2196   40K     9   18.22   18.22
c rst  geom  stb   vs   173   45K    1788  6992   115    3.00    2.98  1187  2832   31K     9   18.00   18.00
c rst  geom  stb   vs   174   45K    1788  6992   115    3.00    2.98  1190  2834   32K     9   17.99   17.99
c rst  geom  stb   vs   175   45K    1788  6992   115    3.00    2.98  1190  2836   32K     9   17.99   17.99
c rst  geom  stb   vs   176   46K    1788  6992   115    3.00    2.98  1191  2846   32K     9   18.00   18.00
c rst  geom  stb   vs   177   46K    1788  6992   115    3.00    2.98  1192  2853   33K     9   18.00   17.99
c rst  geom  stb   vs   178   47K    1788  6992   115    3.00    2.98  1195  2865   33K    10   17.99   17.99
c rst  geom  stb   vs   179   48K    1788  6992   115    3.00    2.98  1196  2873   34K    10   17.99   17.99
c rst  geom  stb   vs   180   48K    1788  6992   115    3.00    2.98  1197  2886   35K    10   17.98   17.97
c rst  geom  stb   vs   181   49K    1788  6992   115    3.00    2.98  1197  2891   35K    10   17.96   17.96
c rst  geom ibes   vs   182   50K    1788  6992   115    3.00    2.98  1348  2754   36K    10   17.94   17.94
c [scc] new: 8 BP 0M T: 0.00
c [vrep] vars 7 lits 5877 rem-bin-cls 31 rem-long-cls 8 BP 0M T: 0.01
c [scc] new: 0 BP 0M T: 0.00
c [vrep] vars 0 lits 0 rem-bin-cls 0 rem-long-cls 0 BP 0M T: 0.01
c [intree] Set 0 vars hyper-added: 0 trans-irred: 0 trans-red: 0 T: 0.00 T-out: N T-r: -2.85%
c [branch] rebuilding order heap for all branchings. Current branching: vsids
c rst  geom ibes   vs   183   51K    1781  6992   105    3.00    2.99  1344  2759   37K     5   17.94   17.94
c [distill-long-red0] cls tried: 335/335 T: 0.03 T-out: N T-r: 99.89%
c [distill-long-red1] cls tried: 325/1405 T: 0.12 T-out: Y T-r: -0.40%
c rst  geom ibes   vs   184   52K    1781  6992   105    3.00    2.99  1343  2769   38K     6   17.93   17.92
c [distill] watch-based irred--  cl tried    13984 cl-sh     0 cl-rem    0 lit-rem      0 T: 0.02 T-out: N
c [distill] watch-based   red--  cl tried     2686 cl-sh     1 cl-rem    0 lit-rem      1 T: 0.01 T-out: N
c rst  geom ibes   vs   185   53K    1781  6992   105    3.00    2.99  1344  2780   39K     6   17.91   17.90
c [branch] adjusting to: vmtf (from: vsids) var_decay:0.95 descr: VMTF
c [distill-bin] useful: 0/105/105 lits-rem: 0 cl-rem: 0 0-depth-assigns: 0 T: 0.00 T-out: N
c rst  luby ibes  vmt   186   53K    1781  6992   105    3.00    2.99  1346  2794   39K     6   17.91   17.91
c rst  luby ibes  vmt   187   53K    1781  6992   105    3.00    2.99  1346  2794   39K     6   17.91   17.91
c rst  luby ibes  vmt   188   53K    1781  6992   105    3.00    2.99  1349  2799   39K     6   17.91   17.91
c rst  luby ibes  vmt   189   53K    1781  6992   105    3.00    2.99  1350  2801   39K     6   17.92   17.92
c rst  luby ibes  vmt   190   53K    1781  6992   105    3.00    2.99  1350  2801   40K     6   17.92   17.92
c rst  luby ibes  vmt   191   53K    1781  6992   105    3.00    2.99  1350  2801   40K     6   17.92   17.92
c rst  luby ibes  vmt   192   54K    1781  6992   105    3.00    2.99  1351  2806   40K     6   17.92   17.92
c rst  luby ibes  vmt   193   54K    1781  6992   105    3.00    2.99  1352  2809   40K     6   17.93   17.92
c rst  luby ibes  vmt   194   54K    1781  6992   105    3.00    2.99  1353  2815   40K     6   17.92   17.92
c rst  luby ibes  vmt   195   54K    1781  6992   105    3.00    2.99  1356  2821   41K     6   17.93   17.92
c rst  luby ibes  vmt   196   54K    1781  6992   105    3.00    2.99  1356  2825   41K     6   17.93   17.93
c rst  luby ibes  vmt   197   54K    1781  6992   105    3.00    2.99  1360  2842   41K     6   17.93   17.93
c rst  luby ibes  vmt   198   55K    1781  6992   105    3.00    2.99  1360  2854   41K     6   17.93   17.93
c rst  luby  svd  vmt   199   55K    1781  6992   105    3.00    2.99  1365  2879   41K     6   17.93   17.92
c rst  luby  svd  vmt   200   56K    1781  6992   105    3.00    2.99  1365  2888   42K     6   17.93   17.93
c ecursive minimization cost OK: 196Kcost/(% lits removed)
c --> Executing strategy token: scc-vrepl
c [scc] new: 0 BP 0M T: 0.00
c --> Executing strategy token: sub-impl
c [impl-sub] bin: 1 T: 0.00 T-out: N w-visit: 3576
c --> Executing strategy token: breakid
c Executing OCC strategy token(s): 'occ-backw-sub-str,occ-clean-implicit,occ-bve,occ-bva,occ-ternary-res,occ-xor,
c [occ] mem usage for occur      0 MB
c [occ] Linked in IRRED BIN by default: 105
c [occ] Linked in RED   BIN by default: 5
c [occ] mem usage for occur      0 MB
c Mem for watch alloc      : 3           MB (0.00      %)
c Mem for watch array      : 0           MB (0.00      %)
c Executing OCC strategy token: occ-backw-sub-str
c [occ-backw-sub-str-long-w-bins] subs: 0 str: 0 tried: 110 0-depth ass: 0 T: 0.00 T-out: N T-r: 99.98%
c [occ-backw-sub-long-w-long] rem cl: 172 tried: 53468/53468 (100.0%) T: 0.01 T-out: N T-r: 93.57%
c [occ-backw-sub-str-long-w-long] sub: 8 str: 31 tried: 160404/53468 (300.0)  T: 0.05 T-out: N T-r: 88.04%
c Executing OCC strategy token: occ-clean-implicit
c Executing OCC strategy token: occ-bve
c [occ-empty-res] Empty resolvent elimed: 0 T: 0.00 T-out: N
c [occ-bve] iter v-elim 951
c cl_inc_rate=0.9, var_dec_rate=2.1 (grow=0)
c Reduced to 830 vars, 6540 cls (grow=0)
c [occ-bve] iter v-elim 0
c cl_inc_rate=1.0, var_dec_rate=1.0 (grow=3)
c Reduced to 830 vars, 6540 cls (grow=3)
c [occ-bve] iter v-elim 151
c cl_inc_rate=1.1, var_dec_rate=1.2 (grow=4)
c Reduced to 679 vars, 7132 cls (grow=4)
c x n vars       : 679
c #try to eliminate:  4521
c #var-elim        :  1102
c #T-o: N
c #T-r: 99.99%
c #T  : 0.14
c [occur] 0.02 is overhead
c [occur] link-in T: 0.02 cleanup T: 0.00
c [occ-xor-bve] elimed: 0 T: 0.00 T-out: N
c Executing OCC strategy token: occ-bva
c Executing OCC strategy token: occ-ternary-res
c [occ-ternary-res] Ternary res-tri: 0 res-bin: 0 sub: 0 str: 0 T: 0.00 T-out: N T-r: 99.75%
c Executing OCC strategy token: occ-xor
c [occ-xor] sort occur list T: 0.00
c [occ-xor] found    639 avg sz 4.2 min sz  3 max sz  5 T: 0.00 T-out: N T-r: 99.99%
c --> Executing strategy token: card-find
c --> Executing strategy token: cl-consolidate
c [mem] consolidate  old-sz: 5369K new-sz: 2240K new bits offs: 19 T: 0.00
c --> Executing strategy token: scc-vrepl
c [scc] new: 0 BP 0M T: 0.00
c [vrep] vars 0 lits 0 rem-bin-cls 0 rem-long-cls 0 BP 0M T: 0.00
c --> Executing strategy token: renumber
c [renumber] T: 0.00
c --> Executing strategy token: louvain-comms
c [consolidate] mini T: 0.00
c global_timeout_multiplier: 3.3000
c [branch] rebuilding order heap for all branchings. Current branching: vmtf
c [gauss] clauses deleted that are represented by XORs: 6012 xorclauses: 639 GJ matrices: 0 T: 0.01
c [find&init matx] performing matrix init
c [matrix] Good   matrix  0c [matrix] disabling SLS since matrix is found
    639 x  678  density:0.0062  xorlen avg:  4.17
c [matrix] Using 1 matrices recovered from 0 xors T: 0.00 T-out: N
c rst  luby  svd  vmt   201   56K     679  1120    10    5.50    5.47    95   447   20K     0   16.60   16.60
c rst  luby  svd  vmt   202   56K     679  1120    10    5.50    5.47    95   448   20K     0   16.62   16.62
c rst  luby  svd  vmt   203   56K     679  1120    10    5.50    5.47    95   448   20K     0   16.63   16.63
c rst  luby  svd  vmt   204   56K     679  1120    10    5.50    5.47    95   450   20K     0   16.66   16.66
c rst  luby  svd  vmt   205   56K     679  1120    10    5.50    5.47    95   454   20K     0   16.67   16.67
c rst  luby  svd  vmt   206   56K     679  1120    10    5.50    5.47    96   455   20K     0   16.68   16.68
c rst  luby  svd  vmt   207   57K     679  1120    10    5.50    5.47    96   460   20K     0   16.70   16.70
c rst  luby  svd  vmt   208   57K     679  1120    10    5.50    5.47    96   471   21K     0   16.73   16.73
c rst  luby  svd  vmt   209   57K     679  1120    10    5.50    5.47    96   473   21K     0   16.73   16.73
c rst  luby  svd  vmt   210   57K     679  1120    10    5.50    5.47    96   474   21K     0   16.75   16.75
c rst  luby  svd  vmt   211   57K     679  1120    10    5.50    5.47    96   474   21K     0   16.78   16.78
c rst  luby  svd  vmt   212   58K     679  1120    10    5.50    5.47    96   476   21K     0   16.79   16.79
c rst  luby  svd  vmt   213   58K     679  1120    10    5.50    5.47    97   480   21K     0   16.80   16.80
c rst  luby  svd  vmt   214   58K     679  1120    10    5.50    5.47    97   481   22K     0   16.81   16.81
c rst  luby  svd  vmt   215   58K     679  1120    10    5.50    5.47    97   489   22K     0   16.84   16.84
c rst  luby  svd  vmt   216   59K     679  1120    10    5.50    5.47    97   499   23K     0   16.87   16.87
c rst  luby  svd  vmt   217   61K     679  1120    10    5.50    5.47   146   564   20K     0   16.82   16.82
c [full-probe]  bin_only: 1 set: 0 repl: 0 T: 0.00 T-out: N T-r: 99.98%
c rst  geom best  vmt   218   61K     679  1120    20    5.50    5.44   146   564   20K     0   16.83   16.83
c rst  geom best  vmt   219   61K     679  1120    20    5.50    5.44   146   566   21K     0   16.83   16.83
c rst  geom best  vmt   220   61K     679  1120    20    5.50    5.44   146   566   21K     0   16.84   16.84
c rst  geom best  vmt   221   61K     679  1120    20    5.50    5.44   146   567   21K     0   16.85   16.85
c rst  geom best  vmt   222   61K     679  1120    20    5.50    5.44   146   568   21K     0   16.86   16.86
c rst  geom best  vmt   223   62K     679  1120    20    5.50    5.44   146   568   21K     0   16.87   16.87
c rst  geom best  vmt   224   62K     679  1120    20    5.50    5.44   146   574   21K     0   16.86   16.86
c rst  geom best  vmt   225   62K     679  1120    20    5.50    5.44   147   587   22K     0   16.87   16.87
c rst  geom best  vmt   226   62K     679  1120    20    5.50    5.44   148   595   22K     0   16.88   16.88
c rst  geom best  vmt   227   62K     679  1120    20    5.50    5.44   148   602   22K     0   16.89   16.89
c [branch] adjusting to: vsids (from: vmtf) var_decay:0.95 descr: VSIDS
c rst  geom best   vs   228   63K     679  1120    20    5.50    5.44   148   603   22K     0   16.89   16.89
c rst  geom best   vs   229   63K     679  1120    20    5.50    5.44   148   604   22K     0   16.90   16.90
c rst  geom best   vs   230   63K     679  1120    20    5.50    5.44   148   605   22K     0   16.90   16.90
c rst  geom best   vs   231   63K     679  1120    20    5.50    5.44   148   606   23K     0   16.91   16.91
c rst  geom best   vs   232   63K     679  1120    20    5.50    5.44   148   611   23K     0   16.91   16.91
c rst  geom best   vs   233   63K     679  1120    20    5.50    5.44   148   611   23K     0   16.91   16.91
c rst  geom best   vs   234   63K     679  1120    20    5.50    5.44   148   611   23K     0   16.91   16.91
c rst  geom best   vs   235   64K     679  1120    20    5.50    5.44   148   612   23K     0   16.91   16.91
c rst  geom best   vs   236   64K     679  1120    20    5.50    5.44   148   617   24K     0   16.91   16.91
c rst  geom best   vs   237   64K     679  1120    20    5.50    5.44   149   621   24K     0   16.92   16.92
c rst  geom best   vs   238   64K     679  1120    20    5.50    5.44   149   625   24K     0   16.93   16.93
c rst  geom best   vs   239   65K     679  1120    20    5.50    5.44   149   628   24K     0   16.94   16.94
c rst  geom best   vs   240   65K     679  1120    20    5.50    5.44   149   628   25K     0   16.95   16.95
c rst  geom best   vs   241   65K     679  1120    20    5.50    5.44   149   628   25K     0   16.96   16.96
c rst  geom best   vs   242   66K     679  1120    20    5.50    5.44   149   632   26K     0   16.99   16.99
c [distill-long-red0] cls tried: 62/62 T: 0.01 T-out: N T-r: 99.99%
c [distill-long-red1] cls tried: 432/432 T: 0.04 T-out: N T-r: 78.78%
c rst  geom best   vs   243   66K     679  1120    20    5.50    5.44   149   635   26K     0   16.99   16.99
c rst  geom  stb   vs   244   67K     679  1120    20    5.50    5.44   149   638   26K     0   17.02   17.02
c rst  geom  stb   vs   245   67K     679  1120    20    5.50    5.44   149   641   27K     0   17.05   17.05
c rst  geom  stb   vs   246   68K     679  1120    20    5.50    5.44   149   647   28K     0   17.07   17.07
c rst  geom  stb   vs   247   69K     679  1120    20    5.50    5.44   150   649   28K     0   17.12   17.12
c rst  geom  stb   vs   248   69K     679  1120    20    5.50    5.44   150   652   29K     0   17.12   17.12
c rst  geom  stb   vs   249   70K     679  1120    20    5.50    5.44   230   574   30K     0   17.12   17.12
c rst  geom  stb   vs   250   71K     679  1120    20    5.50    5.44   230   584   31K     0   17.12   17.12
c rst  geom  stb   vs   251   72K     679  1120    20    5.50    5.44   230   622   32K     0   17.12   17.12
c rst  geom  stb   vs   252   73K     679  1120    20    5.50    5.44   230   627   33K     0   17.18   17.18
c [distill-bin] useful: 10/20/20 lits-rem: 0 cl-rem: 10 0-depth-assigns: 0 T: 0.00 T-out: N
c rst  geom ibes   vs   253   74K     679  1120    10    5.50    5.47   230   640   34K     0   17.18   17.18
c [branch] adjusting to: vmtf (from: vsids) var_decay:0.95 descr: VMTF
c rst  luby ibes  vmt   254   74K     679  1120    10    5.50    5.47   230   640   34K     0   17.19   17.19
c rst  luby ibes  vmt   255   74K     679  1120    10    5.50    5.47   230   645   34K     0   17.19   17.19
c rst  luby ibes  vmt   256   75K     679  1120    10    5.50    5.47   252  1012   29K     0   17.23   17.23
c rst  luby ibes  vmt   257   75K     679  1120    10    5.50    5.47   252  1012   29K     0   17.24   17.24
c rst  luby ibes  vmt   258   75K     679  1120    10    5.50    5.47   252  1013   29K     0   17.24   17.24
c rst  luby ibes  vmt   259   75K     679  1120    10    5.50    5.47   252  1018   29K     0   17.24   17.24
c rst  luby ibes  vmt   260   75K     679  1120    10    5.50    5.47   252  1041   30K     0   17.25   17.25
c rst  luby ibes  vmt   261   76K     679  1120    10    5.50    5.47   252  1042   30K     0   17.26   17.26
c rst  luby ibes  vmt   262   76K     679  1120    10    5.50    5.47   252  1046   30K     0   17.26   17.26
c rst  luby ibes  vmt   263   76K     679  1120    10    5.50    5.47   252  1053   30K     0   17.26   17.26
c rst  luby ibes  vmt   264   76K     679  1120    10    5.50    5.47   252  1053   30K     0   17.26   17.26
c rst  luby ibes  vmt   265   76K     679  1120    10    5.50    5.47   254  1061   30K     0   17.26   17.26
c rst  luby ibes  vmt   266   76K     679  1120    10    5.50    5.47   254  1064   31K     0   17.26   17.26
c rst  luby ibes  vmt   267   77K     679  1120    10    5.50    5.47   255  1075   31K     0   17.27   17.27
c [distill] watch-based irred--  cl tried     2240 cl-sh     0 cl-rem    0 lit-rem      0 T: 0.01 T-out: N
c [distill] watch-based   red--  cl tried      510 cl-sh     0 cl-rem    0 lit-rem      0 T: 0.00 T-out: N
c rst  luby ibes  vmt   268   77K     679  1120    10    5.50    5.47   255  1091   32K     0   17.29   17.29
c rst  luby ibes  vmt   269   78K     679  1120    10    5.50    5.47   255  1091   32K     0   17.30   17.30
c rst  luby ibes  vmt   270   78K     679  1120    10    5.50    5.47   255  1094   32K     0   17.30   17.30
c rst  luby ibes  vmt   271   78K     679  1120    10    5.50    5.47   255  1097   32K     0   17.31   17.31
c rst  luby ibes  vmt   272   78K     679  1120    10    5.50    5.47   255  1099   32K     0   17.31   17.31
c rst  luby ibes  vmt   273   78K     679  1120    10    5.50    5.47   255  1101   32K     0   17.32   17.32
c rst  luby ibes  vmt   274   78K     679  1120    10    5.50    5.47   255  1105   33K     0   17.32   17.32
c rst  luby ibes  vmt   275   79K     679  1120    10    5.50    5.47   255  1113   33K     0   17.32   17.32
c rst  luby ibes  vmt   276   79K     679  1120    10    5.50    5.47   255  1116   33K     0   17.32   17.32
c rst  luby ibes  vmt   277   79K     679  1120    10    5.50    5.47   256  1128   33K     0   17.31   17.31
c rst  luby  svd  vmt   278   79K     679  1120    10    5.50    5.47   256  1130   33K     0   17.32   17.32
c rst  luby  svd  vmt   279   79K     679  1120    10    5.50    5.47   256  1132   33K     0   17.32   17.32
c rst  luby  svd  vmt   280   79K     679  1120    10    5.50    5.47   256  1132   33K     0   17.33   17.33
c rst  luby  svd  vmt   281   79K     679  1120    10    5.50    5.47   256  1138   34K     0   17.35   17.35
c rst  luby  svd  vmt   282   80K     679  1120    10    5.50    5.47   376  1020   34K     0   17.37   17.37
c rst  luby  svd  vmt   283   81K     679  1120    10    5.50    5.47   376  1030   35K     0   17.37   17.37
c rst  luby  svd  vmt   284   82K     679  1120    10    5.50    5.47   377  1063   36K     0   17.37   17.37
c [distill-long-red0] cls tried: 100/100 T: 0.01 T-out: N T-r: 99.97%
c [distill-long-red1] cls tried: 563/563 T: 0.09 T-out: N T-r: 13.18%
c [full-probe]  bin_only: 0 set: 0 repl: 0 T: 0.00 T-out: N T-r: 99.29%
c rst  luby  svd  vmt   285   82K     679  1120    20    5.50    5.44   377  1069   37K     0   17.37   17.37
c rst  luby  svd  vmt   286   82K     679  1120    20    5.50    5.44   377  1069   37K     0   17.38   17.38
c rst  luby  svd  vmt   287   83K     679  1120    20    5.50    5.44   377  1075   37K     0   17.38   17.38
c rst  luby  svd  vmt   288   83K     679  1120    20    5.50    5.44   377  1077   37K     0   17.39   17.39
c rst  luby  svd  vmt   289   83K     679  1120    20    5.50    5.44   377  1077   37K     0   17.40   17.40
c rst  luby  svd  vmt   290   83K     679  1120    20    5.50    5.44   377  1079   37K     0   17.41   17.41
c rst  luby  svd  vmt   291   83K     679  1120    20    5.50    5.44   381  1102   38K     0   17.42   17.42
c rst  luby  svd  vmt   292   84K     679  1120    20    5.50    5.44   381  1105   38K     0   17.42   17.42
c rst  luby  svd  vmt   293   84K     679  1120    20    5.50    5.44   381  1108   38K     0   17.43   17.43
c rst  luby  svd  vmt   294   84K     679  1120    20    5.50    5.44   381  1109   38K     0   17.43   17.43
c rst  luby  svd  vmt   295   84K     679  1120    20    5.50    5.44   381  1109   38K     0   17.43   17.43
c rst  luby  svd  vmt   296   84K     679  1120    20    5.50    5.44   381  1113   38K     0   17.43   17.43
c rst  luby  svd  vmt   297   84K     679  1120    20    5.50    5.44   381  1115   38K     0   17.43   17.43
c rst  luby  svd  vmt   298   85K     679  1120    20    5.50    5.44   381  1125   39K     0   17.44   17.44
c rst  luby  svd  vmt   299   85K     679  1120    20    5.50    5.44   381  1138   40K     0   17.46   17.46
c rst  geom best  vmt   300   86K     679  1120    20    5.50    5.44   381  1138   40K     0   17.46   17.46
c rst  geom best  vmt   301   86K     679  1120    20    5.50    5.44   381  1139   40K     0   17.47   17.47
c rst  geom best  vmt   302   86K     679  1120    20    5.50    5.44   381  1141   40K     0   17.47   17.47
c rst  geom best  vmt   303   86K     679  1120    20    5.50    5.44   381  1143   40K     0   17.47   17.47
c rst  geom best  vmt   304   86K     679  1120    20    5.50    5.44   381  1150   40K     0   17.48   17.48
c rst  geom best  vmt   305   86K     679  1120    20    5.50    5.44   381  1152   40K     0   17.48   17.48
c rst  geom best  vmt   306   87K     679  1120    20    5.50    5.44   381  1153   41K     0   17.49   17.49
c rst  geom best  vmt   307   87K     679  1120    20    5.50    5.44   381  1155   41K     0   17.49   17.49
c rst  geom best  vmt   308   87K     679  1120    20    5.50    5.44   381  1158   41K     0   17.50   17.50
c rst  geom best  vmt   309   87K     679  1120    20    5.50    5.44   381  1163   41K     0   17.50   17.50
c [branch] adjusting to: vsids (from: vmtf) var_decay:0.95 descr: VSIDS
c rst  geom best   vs   310   87K     679  1120    20    5.50    5.44   381  1163   41K     0   17.50   17.50
c rst  geom best   vs   311   87K     679  1120    20    5.50    5.44   381  1167   42K     0   17.50   17.50
c rst  geom best   vs   312   88K     679  1120    20    5.50    5.44   381  1167   42K     0   17.51   17.51
c rst  geom best   vs   313   88K     679  1120    20    5.50    5.44   381  1169   42K     0   17.51   17.51
c rst  geom best   vs   314   88K     679  1120    20    5.50    5.44   381  1172   42K     0   17.51   17.51
c rst  geom best   vs   315   88K     679  1120    20    5.50    5.44   381  1176   42K     0   17.51   17.51
c rst  geom best   vs   316   88K     679  1120    20    5.50    5.44   381  1176   42K     0   17.50   17.50
c rst  geom best   vs   317   89K     679  1120    20    5.50    5.44   381  1177   43K     0   17.51   17.51
c rst  geom best   vs   318   89K     679  1120    20    5.50    5.44   381  1180   43K     0   17.51   17.51
c rst  geom best   vs   319   89K     679  1120    20    5.50    5.44   381  1182   43K     0   17.51   17.51
c rst  geom best   vs   320   89K     679  1120    20    5.50    5.44   381  1183   43K     0   17.52   17.52
c rst  geom best   vs   321   90K     679  1120    20    5.50    5.44   576  1492   33K     0   17.81   17.81
c rst  geom best   vs   322   90K     679  1120    20    5.50    5.44   576  1495   33K     0   17.82   17.82
c rst  geom best   vs   323   90K     679  1120    20    5.50    5.44   577  1502   34K     0   17.82   17.82
c rst  geom best   vs   324   91K     679  1120    20    5.50    5.44   577  1509   34K     0   17.81   17.81
c rst  geom best   vs   325   91K     679  1120    20    5.50    5.44   577  1511   34K     0   17.80   17.80
c rst  geom best   vs   326   92K     679  1120    20    5.50    5.44   577  1512   35K     0   17.80   17.80
c rst  geom  stb   vs   327   92K     679  1120    20    5.50    5.44   577  1520   35K     0   17.79   17.79
c rst  geom  stb   vs   328   93K     679  1120    20    5.50    5.44   578  1521   36K     0   17.80   17.80
c rst  geom  stb   vs   329   93K     679  1120    20    5.50    5.44   578  1532   37K     0   17.78   17.78
c [distill-bin] useful: 10/20/20 lits-rem: 0 cl-rem: 10 0-depth-assigns: 0 T: 0.00 T-out: N
c rst  geom  stb   vs   330   94K     679  1120    10    5.50    5.47   578  1535   37K     0   17.78   17.78
c rst  geom  stb   vs   331   95K     679  1120    10    5.50    5.47   578  1547   38K     0   17.78   17.78
c rst  geom  stb   vs   332   96K     679  1120    10    5.50    5.47   578  1551   39K     0   17.79   17.79
c rst  geom  stb   vs   333   97K     679  1120    10    5.50    5.47   578  1558   40K     0   17.79   17.79
c rst  geom  stb   vs   334   98K     679  1120    10    5.50    5.47   578  1564   41K     0   17.78   17.78
c [distill-long-red0] cls tried: 81/81 T: 0.01 T-out: N T-r: 99.97%
c [distill-long-red1] cls tried: 631/631 T: 0.12 T-out: N T-r: 3.81%
c rst  geom ibes   vs   335   99K     679  1120    10    5.50    5.47   578  1582   42K     0   17.76   17.76
c rst  geom ibes   vs   336  100K     679  1120    10    5.50    5.47   646  1524   43K     0   17.74   17.74
c [impl-str] lit bin: 0 set-var: 0 T: 0.00 T-out: N T-r: 99.97% w-visit: 1358
c [impl-sub] bin: 0 T: 0.00 T-out: N w-visit: 1358
c rst  geom ibes   vs   337  102K     679  1120    10    5.50    5.47   646  1542   45K     0   17.69   17.69
c [branch] adjusting to: vmtf (from: vsids) var_decay:0.95 descr: VMTF
c [distill] watch-based irred--  cl tried     2240 cl-sh     0 cl-rem    0 lit-rem      0 T: 0.01 T-out: N
c [distill] watch-based   red--  cl tried     1292 cl-sh     0 cl-rem    0 lit-rem      0 T: 0.01 T-out: N
c rst  luby ibes  vmt   338  102K     679  1120    10    5.50    5.47   646  1544   45K     0   17.69   17.69
c rst  luby ibes  vmt   339  102K     679  1120    10    5.50    5.47   647  1547   45K     0   17.69   17.69
c rst  luby ibes  vmt   340  102K     679  1120    10    5.50    5.47   647  1550   45K     0   17.69   17.69
c rst  luby ibes  vmt   341  102K     679  1120    10    5.50    5.47   647  1554   45K     0   17.69   17.69
c rst  luby ibes  vmt   342  102K     679  1120    10    5.50    5.47   647  1554   45K     0   17.69   17.69
c [full-probe]  bin_only: 1 set: 0 repl: 0 T: 0.00 T-out: N T-r: 99.96%
c rst  luby ibes  vmt   343  103K     679  1120    20    5.50    5.44   647  1558   46K     0   17.70   17.70
c rst  luby ibes  vmt   344  103K     679  1120    20    5.50    5.44   648  1571   46K     0   17.70   17.70
c rst  luby ibes  vmt   345  103K     679  1120    20    5.50    5.44   648  1571   46K     0   17.70   17.70
c rst  luby ibes  vmt   346  103K     679  1120    20    5.50    5.44   648  1571   46K     0   17.70   17.70
c rst  luby ibes  vmt   347  103K     679  1120    20    5.50    5.44   648  1574   46K     0   17.70   17.70
c rst  luby ibes  vmt   348  103K     679  1120    20    5.50    5.44   648  1574   47K     0   17.70   17.70
c rst  luby ibes  vmt   349  104K     679  1120    20    5.50    5.44   648  1578   47K     0   17.70   17.70
c rst  luby ibes  vmt   350  104K     679  1120    20    5.50    5.44   648  1583   47K     0   17.70   17.70
c rst  luby ibes  vmt   351  104K     679  1120    20    5.50    5.44   648  1584   47K     0   17.70   17.70
c rst  luby  svd  vmt   352  105K     679  1120    20    5.50    5.44   674  2050   35K     0   17.44   17.44
c rst  luby  svd  vmt   353  105K     679  1120    20    5.50    5.44   674  2053   35K     0   17.44   17.44
c rst  luby  svd  vmt   354  105K     679  1120    20    5.50    5.44   674  2053   36K     0   17.44   17.44
c rst  luby  svd  vmt   355  105K     679  1120    20    5.50    5.44   674  2059   36K     0   17.44   17.44
c rst  luby  svd  vmt   356  105K     679  1120    20    5.50    5.44   674  2059   36K     0   17.44   17.44
c rst  luby  svd  vmt   357  106K     679  1120    20    5.50    5.44   674  2063   36K     0   17.45   17.45
c rst  luby  svd  vmt   358  106K     679  1120    20    5.50    5.44   674  2066   36K     0   17.45   17.45
c rst  luby  svd  vmt   359  106K     679  1120    20    5.50    5.44   675  2071   37K     0   17.46   17.46
c rst  luby  svd  vmt   360  106K     679  1120    20    5.50    5.44   675  2071   37K     0   17.47   17.47
c rst  luby  svd  vmt   361  106K     679  1120    20    5.50    5.44   675  2072   37K     0   17.47   17.47
c rst  luby  svd  vmt   362  107K     679  1120    20    5.50    5.44   675  2072   37K     0   17.48   17.48
c rst  luby  svd  vmt   363  107K     679  1120    20    5.50    5.44   675  2076   37K     0   17.48   17.48
c rst  luby  svd  vmt   364  107K     679  1120    20    5.50    5.44   675  2076   37K     0   17.48   17.48
c rst  luby  svd  vmt   365  107K     679  1120    20    5.50    5.44   675  2078   37K     0   17.49   17.49
c rst  luby  svd  vmt   366  107K     679  1120    20    5.50    5.44   675  2080   38K     0   17.51   17.51
c rst  luby  svd  vmt   367  108K     679  1120    20    5.50    5.44   675  2085   39K     0   17.52   17.52
c rst  luby  svd  vmt   368  110K     679  1120    20    5.50    5.44   834  1955   40K     0   17.52   17.52
c rst  luby  svd  vmt   369  110K     679  1120    20    5.50    5.44   834  1956   40K     0   17.52   17.52
c rst  luby  svd  vmt   370  110K     679  1120    20    5.50    5.44   834  1957   40K     0   17.53   17.53
c rst  luby  svd  vmt   371  110K     679  1120    20    5.50    5.44   834  1962   40K     0   17.53   17.53
c rst  luby  svd  vmt   372  110K     679  1120    20    5.50    5.44   834  1972   41K     0   17.52   17.52
c rst  geom best  vmt   373  110K     679  1120    20    5.50    5.44   834  1973   41K     0   17.52   17.52
c rst  geom best  vmt   374  110K     679  1120    20    5.50    5.44   834  1973   41K     0   17.52   17.52
c rst  geom best  vmt   375  111K     679  1120    20    5.50    5.44   834  1978   41K     0   17.52   17.52
c rst  geom best  vmt   376  111K     679  1120    20    5.50    5.44   834  1980   41K     0   17.52   17.52
c rst  geom best  vmt   377  111K     679  1120    20    5.50    5.44   834  1983   41K     0   17.52   17.52
c rst  geom best  vmt   378  111K     679  1120    20    5.50    5.44   834  1987   41K     0   17.52   17.52
c rst  geom best  vmt   379  111K     679  1120    20    5.50    5.44   834  1990   42K     0   17.52   17.52
c rst  geom best  vmt   380  112K     679  1120    20    5.50    5.44   834  1992   42K     0   17.52   17.52
c rst  geom best  vmt   381  112K     679  1120    20    5.50    5.44   834  1996   42K     0   17.52   17.52
c rst  geom best  vmt   382  112K     679  1120    20    5.50    5.44   834  1999   42K     0   17.52   17.52
c rst  geom best  vmt   383  112K     679  1120    20    5.50    5.44   834  2004   43K     0   17.52   17.52
c rst  geom best  vmt   384  113K     679  1120    20    5.50    5.44   834  2005   43K     0   17.53   17.53
c rst  geom best  vmt   385  113K     679  1120    20    5.50    5.44   834  2019   43K     0   17.53   17.53
c [distill-long-red0] cls tried: 101/101 T: 0.01 T-out: N T-r: 99.96%
c [distill-long-red1] cls tried: 580/638 T: 0.11 T-out: Y T-r: -0.26%
c rst  geom best  vmt   386  113K     679  1120    20    5.50    5.44   834  2021   44K     0   17.53   17.53
c rst  geom best  vmt   387  114K     679  1120    20    5.50    5.44   834  2030   44K     0   17.52   17.52
c [distill-bin] useful: 10/20/20 lits-rem: 0 cl-rem: 10 0-depth-assigns: 0 T: 0.00 T-out: N
c rst  geom best  vmt   388  114K     679  1120    10    5.50    5.47   834  2035   44K     0   17.53   17.53
c rst  geom best  vmt   389  115K     679  1120    10    5.50    5.47   834  2051   45K     0   17.53   17.53
c rst  geom best  vmt   390  115K     679  1120    10    5.50    5.47   834  2052   45K     0   17.52   17.52
c rst  geom best  vmt   391  116K     679  1120    10    5.50    5.47   834  2068   46K     0   17.51   17.51
c rst  geom best  vmt   392  116K     679  1120    10    5.50    5.47   834  2076   47K     0   17.52   17.52
c rst  geom  stb  vmt   393  117K     679  1120    10    5.50    5.47   835  2082   47K     0   17.51   17.51
c [branch] adjusting to: vsids (from: vmtf) var_decay:0.95 descr: VSIDS
c rst  geom  stb   vs   394  117K     679  1120    10    5.50    5.47   835  2083   48K     0   17.51   17.51
c rst  geom  stb   vs   395  117K     679  1120    10    5.50    5.47   835  2083   48K     0   17.52   17.52
c rst  geom  stb   vs   396  118K     679  1120    10    5.50    5.47   835  2084   48K     0   17.52   17.52
c rst  geom  stb   vs   397  118K     679  1120    10    5.50    5.47   836  2085   48K     0   17.52   17.52
c rst  geom  stb   vs   398  118K     679  1120    10    5.50    5.47   836  2087   48K     0   17.52   17.52
c rst  geom  stb   vs   399  118K     679  1120    10    5.50    5.47   836  2087   48K     0   17.53   17.53
c rst  geom  stb   vs   400  118K     679  1120    10    5.50    5.47   836  2088   48K     0   17.53   17.53
c rst  geom  stb   vs   401  118K     679  1120    10    5.50    5.47   836  2090   49K     0   17.53   17.53
c rst  geom  stb   vs   402  119K     679  1120    10    5.50    5.47   836  2091   49K     0   17.54   17.54
c rst  geom  stb   vs   403  119K     679  1120    10    5.50    5.47   836  2095   49K     0   17.53   17.53
c rst  geom  stb   vs   404  119K     679  1120    10    5.50    5.47   836  2100   49K     0   17.53   17.53
c rst  geom  stb   vs   405  120K     679  1120    10    5.50    5.47   973  2443   36K     0   17.25   17.25
c rst  geom  stb   vs   406  120K     679  1120    10    5.50    5.47   973  2443   36K     0   17.25   17.25
c rst  geom  stb   vs   407  120K     679  1120    10    5.50    5.47   973  2444   36K     0   17.26   17.26
c rst  geom  stb   vs   408  121K     679  1120    10    5.50    5.47   973  2444   37K     0   17.26   17.26
c rst  geom  stb   vs   409  121K     679  1120    10    5.50    5.47   973  2449   37K     0   17.26   17.26
c rst  geom  stb   vs   410  122K     679  1120    10    5.50    5.47   973  2454   38K     0   17.26   17.26
c rst  geom  stb   vs   411  122K     679  1120    10    5.50    5.47   973  2455   38K     0   17.26   17.26
c rst  geom  stb   vs   412  123K     679  1120    10    5.50    5.47   973  2459   39K     0   17.28   17.28
c [full-probe]  bin_only: 0 set: 0 repl: 0 T: 0.00 T-out: N T-r: 99.22%
c rst  geom ibes   vs   413  123K     679  1120    20    5.50    5.44   973  2465   40K     0   17.29   17.29
c rst  geom ibes   vs   414  124K     679  1120    20    5.50    5.44   973  2470   40K     0   17.27   17.27
c rst  geom ibes   vs   415  125K     679  1120    20    5.50    5.44   974  2481   41K     0   17.26   17.26
c rst  geom ibes   vs   416  126K     679  1120    20    5.50    5.44   974  2495   42K     0   17.24   17.24
c rst  geom ibes   vs   417  127K     679  1120    20    5.50    5.44   974  2506   43K     0   17.24   17.24
c [distill] watch-based irred--  cl tried     2240 cl-sh     0 cl-rem    0 lit-rem      0 T: 0.01 T-out: N
c [distill] watch-based   red--  cl tried     1948 cl-sh     0 cl-rem    0 lit-rem      0 T: 0.02 T-out: N
c rst  geom ibes   vs   418  128K     679  1120    20    5.50    5.44   974  2511   44K     0   17.22   17.22
c rst  geom ibes   vs   419  129K     679  1120    20    5.50    5.44   974  2516   45K     0   17.19   17.19
c [distill-long-red0] cls tried: 64/64 T: 0.01 T-out: N T-r: 99.97%
c [distill-long-red1] cls tried: 452/655 T: 0.11 T-out: Y T-r: -0.39%
c rst  geom ibes   vs   420  130K     679  1120    20    5.50    5.44  1050  2400   46K     0   17.17   17.17
c rst  geom  svd   vs   421  132K     679  1120    20    5.50    5.44  1050  2411   48K     0   17.16   17.16
c rst  geom  svd   vs   422  133K     679  1120    20    5.50    5.44  1050  2422   49K     0   17.15   17.15
c rst  geom  svd   vs   423  134K     679  1120    20    5.50    5.44  1050  2430   50K     0   17.14   17.14
c ecursive minimization cost OK: 265Kcost/(% lits removed)
c [g 0] truth-find prop checks  : 5864K
c [g 0] -> of which prop        : 73.40 %
c [g 0] -> of which confl       :  0.51 %
c [g 0] elim called             : 43K
c [g 0] ---> which lead to prop : 1217.23 %
c [g 0] ---> which lead to confl:  5.43 %
c [g 0] size: 639   x 678  
c --> Executing strategy token: scc-vrepl
c [scc] new: 5 BP 0M T: 0.00
c [vrep] vars 5 lits 70 rem-bin-cls 30 rem-long-cls 0 BP 0M T: 0.00
c --> Executing strategy token: sub-impl
c [impl-sub] bin: 0 T: 0.00 T-out: N w-visit: 1358
c --> Executing strategy token: breakid
c Executing OCC strategy token(s): 'occ-backw-sub-str,occ-clean-implicit,occ-bve,occ-bva,occ-ternary-res,occ-xor,
c [occ] mem usage for occur 0      MB
c [occ] Linked in IRRED BIN by default: 0
c [occ] Linked in RED   BIN by default: 0
c [occ] mem usage for occur 0      MB
c Mem for watch alloc      : 5           MB (0.00      %)
c Mem for watch array      : 0           MB (0.00      %)
c Executing OCC strategy token: occ-backw-sub-str
c [occ-backw-sub-str-long-w-bins] subs: 0 str: 0 tried: 110 0-depth ass: 0 T: 0.00 T-out: N T-r: 100.00%
c [occ-backw-sub-long-w-long] rem cl: 177 tried: 55064/55064 (100.0%) T: 0.01 T-out: N T-r: 97.73%
c [occ-backw-sub-str-long-w-long] sub: 10 str: 57 tried: 165192/55064 (300.0)  T: 0.04 T-out: N T-r: 93.02%
c Executing OCC strategy token: occ-clean-implicit
c Executing OCC strategy token: occ-bve
c [occ-empty-res] Empty resolvent elimed: 0 T: 0.00 T-out: N
c [occ-bve] iter v-elim 0
c cl_inc_rate=1.0, var_dec_rate=1.0 (grow=0)
c Reduced to 674 vars, 1120 cls (grow=0)
c [occ-bve] iter v-elim 0
c cl_inc_rate=1.0, var_dec_rate=1.0 (grow=3)
c Reduced to 674 vars, 1120 cls (grow=3)
c [occ-bve] iter v-elim 0
c cl_inc_rate=1.0, var_dec_rate=1.0 (grow=4)
c Reduced to 674 vars, 1120 cls (grow=4)
c [occ-bve] iter v-elim 0
c cl_inc_rate=1.0, var_dec_rate=1.0 (grow=6)
c Reduced to 674 vars, 1120 cls (grow=6)
c [occ-bve] iter v-elim 0
c cl_inc_rate=1.0, var_dec_rate=1.0 (grow=9)
c Reduced to 674 vars, 1120 cls (grow=9)
c [occ-bve] iter v-elim 0
c cl_inc_rate=1.0, var_dec_rate=1.0 (grow=13)
c Reduced to 674 vars, 1120 cls (grow=13)
c [occ-bve] iter v-elim 0
c cl_inc_rate=1.0, var_dec_rate=1.0 (grow=16)
c Reduced to 674 vars, 1120 cls (grow=16)
c x n vars       : 674
c #try to eliminate:     7
c #var-elim        :     0
c #T-o: N
c #T-r: 100.00%
c #T  : 0.00
c [occur] 0.02 is overhead
c [occur] link-in T: 0.02 cleanup T: 0.00
c [occ-xor-bve] elimed: 0 T: 0.00 T-out: N
c Executing OCC strategy token: occ-bva
c Executing OCC strategy token: occ-ternary-res
c [occ-ternary-res] Ternary res-tri: 0 res-bin: 0 sub: 0 str: 0 T: 0.00 T-out: N T-r: 99.83%
c Executing OCC strategy token: occ-xor
c [occ-xor] sort occur list T: 0.00
c [occ-xor] found      0 T: 0.00 T-out: N T-r: 100.00%
c --> Executing strategy token: card-find
c --> Executing strategy token: cl-consolidate
c Not consolidating memory.
c --> Executing strategy token: scc-vrepl
c [scc] new: 0 BP 0M T: 0.00
c [vrep] vars 0 lits 0 rem-bin-cls 0 rem-long-cls 0 BP 0M T: 0.01
c --> Executing strategy token: renumber
c --> Executing strategy token: louvain-comms
c [consolidate] mini T: 0.00
c global_timeout_multiplier: 3.6300
c [branch] rebuilding order heap for all branchings. Current branching: vsids
c [gauss] clauses deleted that are represented by XORs: 0 xorclauses: 639 GJ matrices: 0 T: 0.00
c [find&init matx] performing matrix init
c [matrix] Good   matrix  0    639 x  673  density:0.0062  xorlen avg:  4.17
c [matrix] Using 1 matrices recovered from 0 xors T: 0.00 T-out: N
c [distill-bin] useful: 0/2/2 lits-rem: 0 cl-rem: 0 0-depth-assigns: 0 T: 0.00 T-out: N
c rst  geom  svd   vs   424  135K     674  1120     2    5.50    5.49   907  2819   37K     0   16.80   16.80
c [branch] adjusting to: vmtf (from: vsids) var_decay:0.95 descr: VMTF
c rst  luby  svd  vmt   425  135K     674  1120     2    5.50    5.49   907  2823   37K     0   16.80   16.80
c rst  luby  svd  vmt   426  135K     674  1120     2    5.50    5.49   907  2823   37K     0   16.81   16.81
c rst  luby  svd  vmt   427  135K     674  1120     2    5.50    5.49   907  2825   37K     0   16.82   16.82
c rst  luby  svd  vmt   428  135K     674  1120     2    5.50    5.49   907  2829   37K     0   16.82   16.82
c rst  luby  svd  vmt   429  135K     674  1120     2    5.50    5.49   907  2829   37K     0   16.83   16.83
c rst  luby  svd  vmt   430  136K     674  1120     2    5.50    5.49   907  2832   38K     0   16.84   16.84
c rst  luby  svd  vmt   431  136K     674  1120     2    5.50    5.49   907  2839   38K     0   16.85   16.85
c rst  luby  svd  vmt   432  136K     674  1120     2    5.50    5.49   907  2842   38K     0   16.86   16.86
c rst  luby  svd  vmt   433  136K     674  1120     2    5.50    5.49   907  2843   38K     0   16.86   16.86
c rst  luby  svd  vmt   434  137K     674  1120     2    5.50    5.49   907  2846   38K     0   16.86   16.86
c rst  luby  svd  vmt   435  137K     674  1120     2    5.50    5.49   907  2847   38K     0   16.86   16.86
c rst  geom best  vmt   436  137K     674  1120     2    5.50    5.49   907  2849   39K     0   16.86   16.86
c rst  geom best  vmt   437  137K     674  1120     2    5.50    5.49   907  2851   39K     0   16.86   16.86
c rst  geom best  vmt   438  137K     674  1120     2    5.50    5.49   907  2851   39K     0   16.87   16.87
c rst  geom best  vmt   439  137K     674  1120     2    5.50    5.49   907  2856   39K     0   16.87   16.87
c rst  geom best  vmt   440  137K     674  1120     2    5.50    5.49   907  2858   39K     0   16.88   16.88
c rst  geom best  vmt   441  137K     674  1120     2    5.50    5.49   907  2861   39K     0   16.88   16.88
c rst  geom best  vmt   442  138K     674  1120     2    5.50    5.49   907  2865   40K     0   16.89   16.89
c rst  geom best  vmt   443  138K     674  1120     2    5.50    5.49   907  2871   40K     0   16.90   16.90
c rst  geom best  vmt   444  138K     674  1120     2    5.50    5.49   907  2876   40K     0   16.91   16.91
c rst  geom best  vmt   445  138K     674  1120     2    5.50    5.49   908  2884   40K     0   16.91   16.91
c rst  geom best  vmt   446  139K     674  1120     2    5.50    5.49   908  2887   40K     0   16.92   16.92
c rst  geom best  vmt   447  139K     674  1120     2    5.50    5.49   908  2891   41K     0   16.93   16.93
c rst  geom best  vmt   448  139K     674  1120     2    5.50    5.49   909  2901   41K     0   16.93   16.93
c rst  geom best  vmt   449  140K     674  1120     2    5.50    5.49  1009  2718   42K     0   16.94   16.94
c rst  geom best  vmt   450  140K     674  1120     2    5.50    5.49  1009  2731   42K     0   16.95   16.95
c rst  geom best  vmt   451  141K     674  1120     2    5.50    5.49  1009  2733   42K     0   16.95   16.95
c rst  geom best  vmt   452  141K     674  1120     2    5.50    5.49  1009  2744   43K     0   16.94   16.94
c rst  geom best  vmt   453  142K     674  1120     2    5.50    5.49  1009  2745   43K     0   16.95   16.95
c rst  geom best  vmt   454  142K     674  1120     2    5.50    5.49  1009  2757   44K     0   16.96   16.96
c rst  geom best  vmt   455  143K     674  1120     2    5.50    5.49  1009  2766   45K     0   16.97   16.97
c [full-probe]  bin_only: 1 set: 0 repl: 0 T: 0.00 T-out: N T-r: 99.96%
c rst  geom best  vmt   456  144K     674  1120     4    5.50    5.49  1009  2778   45K     0   16.97   16.97
c rst  geom  stb  vmt   457  144K     674  1120     4    5.50    5.49  1009  2789   46K     0   17.00   17.00
c [distill-long-red0] cls tried: 124/124 T: 0.02 T-out: N T-r: 99.93%
c [distill-long-red1] cls tried: 382/706 T: 0.12 T-out: Y T-r: -0.42%
c rst  geom  stb  vmt   458  145K     674  1120     4    5.50    5.49  1009  2806   47K     0   17.00   17.00
c rst  geom  stb  vmt   459  146K     674  1120     4    5.50    5.49  1009  2807   48K     0   17.00   17.00
c rst  geom  stb  vmt   460  147K     674  1120     4    5.50    5.49  1009  2817   49K     0   17.02   17.02
c rst  geom  stb  vmt   461  148K     674  1120     4    5.50    5.49  1009  2843   50K     0   17.02   17.02
c rst  geom  stb  vmt   462  150K     674  1120     4    5.50    5.49  1194  3131   37K     0   16.67   16.67
c rst  geom  stb  vmt   463  151K     674  1120     4    5.50    5.49  1194  3148   38K     0   16.70   16.70
c rst  geom ibes  vmt   464  153K     674  1120     4    5.50    5.49  1195  3165   40K     0   16.69   16.69
c [distill] watch-based irred--  cl tried     2240 cl-sh     0 cl-rem    0 lit-rem      0 T: 0.01 T-out: N
c [distill] watch-based   red--  cl tried     2390 cl-sh     0 cl-rem    0 lit-rem      0 T: 0.02 T-out: N
c rst  geom ibes  vmt   465  154K     674  1120     4    5.50    5.49  1195  3179   41K     0   16.71   16.71
c [branch] adjusting to: vsids (from: vmtf) var_decay:0.95 descr: VSIDS
c [distill-bin] useful: 2/4/4 lits-rem: 0 cl-rem: 2 0-depth-assigns: 0 T: 0.00 T-out: N
c rst  geom ibes   vs   466  154K     674  1120     2    5.50    5.49  1195  3180   41K     0   16.70   16.70
c rst  geom ibes   vs   467  155K     674  1120     2    5.50    5.49  1195  3182   41K     0   16.70   16.70
c rst  geom ibes   vs   468  155K     674  1120     2    5.50    5.49  1195  3183   42K     0   16.70   16.70
c rst  geom ibes   vs   469  155K     674  1120     2    5.50    5.49  1195  3183   42K     0   16.71   16.71
c rst  geom ibes   vs   470  155K     674  1120     2    5.50    5.49  1195  3186   42K     0   16.71   16.71
c rst  geom ibes   vs   471  155K     674  1120     2    5.50    5.49  1195  3186   42K     0   16.71   16.71
c rst  geom ibes   vs   472  155K     674  1120     2    5.50    5.49  1195  3186   42K     0   16.72   16.72
c rst  geom ibes   vs   473  156K     674  1120     2    5.50    5.49  1195  3187   42K     0   16.72   16.72
c rst  geom ibes   vs   474  156K     674  1120     2    5.50    5.49  1195  3190   43K     0   16.73   16.73
c rst  geom ibes   vs   475  156K     674  1120     2    5.50    5.49  1195  3190   43K     0   16.72   16.72
c rst  geom ibes   vs   476  156K     674  1120     2    5.50    5.49  1195  3194   43K     0   16.73   16.73
c rst  geom ibes   vs   477  157K     674  1120     2    5.50    5.49  1195  3195   44K     0   16.72   16.72
c rst  geom ibes   vs   478  157K     674  1120     2    5.50    5.49  1195  3196   44K     0   16.72   16.72
c rst  geom ibes   vs   479  157K     674  1120     2    5.50    5.49  1195  3201   44K     0   16.72   16.72
c rst  geom ibes   vs   480  158K     674  1120     2    5.50    5.49  1195  3207   45K     0   16.71   16.71
c rst  geom  svd   vs   481  158K     674  1120     2    5.50    5.49  1195  3210   45K     0   16.71   16.71
c rst  geom  svd   vs   482  159K     674  1120     2    5.50    5.49  1195  3216   46K     0   16.71   16.71
c rst  geom  svd   vs   483  159K     674  1120     2    5.50    5.49  1195  3219   46K     0   16.71   16.71
c rst  geom  svd   vs   484  160K     674  1120     2    5.50    5.49  1330  2937   47K     0   16.71   16.71
c [distill-long-red0] cls tried: 190/190 T: 0.03 T-out: N T-r: 99.89%
c [distill-long-red1] cls tried: 459/923 T: 0.13 T-out: Y T-r: -0.11%
c rst  geom  svd   vs   485  161K     674  1120     2    5.50    5.49  1330  2943   48K     0   16.71   16.71
c [impl-str] lit bin: 0 set-var: 0 T: 0.00 T-out: N T-r: 99.97% w-visit: 1358
c [impl-sub] bin: 0 T: 0.00 T-out: N w-visit: 1358
c rst  geom  svd   vs   486  161K     674  1120     2    5.50    5.49  1330  2948   48K     0   16.71   16.71
c rst  geom  svd   vs   487  162K     674  1120     2    5.50    5.49  1330  2957   49K     0   16.71   16.71
c rst  geom  svd   vs   488  163K     674  1120     2    5.50    5.49  1330  2966   50K     0   16.71   16.71
c [full-probe]  bin_only: 0 set: 0 repl: 0 T: 0.00 T-out: N T-r: 99.11%
c rst  geom  svd   vs   489  164K     674  1120     4    5.50    5.49  1330  2968   51K     0   16.70   16.70
c rst  geom  svd   vs   490  165K     674  1120     4    5.50    5.49  1350  3457   37K     0   16.40   16.40
c rst  geom best   vs   491  166K     674  1120     4    5.50    5.49  1350  3463   39K     0   16.40   16.40
c rst  geom best   vs   492  167K     674  1120     4    5.50    5.49  1351  3486   40K     0   16.41   16.41
c rst  geom best   vs   493  169K     674  1120     4    5.50    5.49  1351  3503   41K     0   16.40   16.40
c rst  geom best   vs   494  170K     674  1120     4    5.50    5.49  1453  3310   43K     0   16.38   16.38
c rst  geom best   vs   495  172K     674  1120     4    5.50    5.49  1453  3334   44K     0   16.40   16.40
c rst  geom  stb   vs   496  174K     674  1120     4    5.50    5.49  1453  3354   46K     0   16.39   16.39
c rst  geom  stb   vs   497  176K     674  1120     4    5.50    5.49  1453  3371   48K     0   16.39   16.39
c [branch] adjusting to: vmtf (from: vsids) var_decay:0.95 descr: VMTF
c [distill-long-red0] cls tried: 73/73 T: 0.02 T-out: N T-r: 99.96%
c [distill-long-red1] cls tried: 372/1053 T: 0.14 T-out: Y T-r: -0.16%
c [distill-bin] useful: 2/4/4 lits-rem: 0 cl-rem: 2 0-depth-assigns: 0 T: 0.00 T-out: N
c rst  luby  stb  vmt   498  176K     674  1120     2    5.50    5.49  1454  3374   48K     0   16.39   16.39
c rst  luby  stb  vmt   499  176K     674  1120     2    5.50    5.49  1454  3376   49K     0   16.38   16.38
c rst  luby  stb  vmt   500  176K     674  1120     2    5.50    5.49  1454  3379   49K     0   16.39   16.39
c rst  luby  stb  vmt   501  176K     674  1120     2    5.50    5.49  1454  3380   49K     0   16.39   16.39
c rst  luby  stb  vmt   502  177K     674  1120     2    5.50    5.49  1454  3382   49K     0   16.39   16.39
c rst  luby  stb  vmt   503  177K     674  1120     2    5.50    5.49  1454  3382   49K     0   16.39   16.39
c rst  luby  stb  vmt   504  177K     674  1120     2    5.50    5.49  1454  3395   50K     0   16.39   16.39
c rst  luby  stb  vmt   505  177K     674  1120     2    5.50    5.49  1454  3396   50K     0   16.39   16.39
c rst  luby  stb  vmt   506  177K     674  1120     2    5.50    5.49  1454  3396   50K     0   16.39   16.39
c rst  luby  stb  vmt   507  178K     674  1120     2    5.50    5.49  1454  3397   50K     0   16.39   16.39
c rst  luby  stb  vmt   508  178K     674  1120     2    5.50    5.49  1454  3397   50K     0   16.39   16.39
c [distill] watch-based irred--  cl tried     2240 cl-sh     0 cl-rem    0 lit-rem      0 T: 0.01 T-out: N
c [distill] watch-based   red--  cl tried     2908 cl-sh     0 cl-rem    0 lit-rem      0 T: 0.03 T-out: N
c rst  luby  stb  vmt   509  178K     674  1120     2    5.50    5.49  1454  3397   50K     0   16.40   16.40
c rst  luby  stb  vmt   510  178K     674  1120     2    5.50    5.49  1454  3401   50K     0   16.40   16.40
c rst  luby  stb  vmt   511  178K     674  1120     2    5.50    5.49  1454  3409   51K     0   16.39   16.39
c rst  luby  stb  vmt   512  179K     674  1120     2    5.50    5.49  1455  3426   51K     0   16.37   16.37
c rst  luby ibes  vmt   513  179K     674  1120     2    5.50    5.49  1455  3427   52K     0   16.37   16.37
c rst  luby ibes  vmt   514  179K     674  1120     2    5.50    5.49  1455  3429   52K     0   16.37   16.37
c rst  luby ibes  vmt   515  180K     674  1120     2    5.50    5.49  1609  3751   37K     0   15.98   15.98
c rst  luby ibes  vmt   516  180K     674  1120     2    5.50    5.49  1609  3755   37K     0   15.98   15.98
c rst  luby ibes  vmt   517  180K     674  1120     2    5.50    5.49  1609  3761   37K     0   15.99   15.99
c rst  luby ibes  vmt   518  180K     674  1120     2    5.50    5.49  1609  3765   38K     0   15.99   15.99
c rst  luby ibes  vmt   519  180K     674  1120     2    5.50    5.49  1609  3769   38K     0   16.00   16.00
c rst  luby ibes  vmt   520  180K     674  1120     2    5.50    5.49  1609  3770   38K     0   16.00   16.00
c rst  luby ibes  vmt   521  181K     674  1120     2    5.50    5.49  1609  3770   38K     0   16.00   16.00
c rst  luby ibes  vmt   522  181K     674  1120     2    5.50    5.49  1609  3772   38K     0   16.01   16.01
c rst  luby ibes  vmt   523  181K     674  1120     2    5.50    5.49  1609  3772   38K     0   16.01   16.01
c rst  luby ibes  vmt   524  181K     674  1120     2    5.50    5.49  1609  3772   39K     0   16.01   16.01
c rst  luby ibes  vmt   525  181K     674  1120     2    5.50    5.49  1609  3773   39K     0   16.01   16.01
c rst  luby ibes  vmt   526  182K     674  1120     2    5.50    5.49  1609  3778   39K     0   16.03   16.03
c rst  luby ibes  vmt   527  182K     674  1120     2    5.50    5.49  1610  3795   40K     0   16.03   16.03
c rst  luby ibes  vmt   528  184K     674  1120     2    5.50    5.49  1611  3828   41K     0   15.99   15.99
c [full-probe]  bin_only: 1 set: 0 repl: 0 T: 0.00 T-out: N T-r: 99.96%
c rst  luby ibes  vmt   529  184K     674  1120     4    5.50    5.49  1611  3828   42K     0   16.00   16.00
c rst  luby ibes  vmt   530  184K     674  1120     4    5.50    5.49  1611  3829   42K     0   16.00   16.00
c rst  luby ibes  vmt   531  184K     674  1120     4    5.50    5.49  1611  3832   42K     0   16.00   16.00
c rst  luby ibes  vmt   532  184K     674  1120     4    5.50    5.49  1611  3834   42K     0   16.00   16.00
c rst  luby ibes  vmt   533  185K     674  1120     4    5.50    5.49  1611  3835   42K     0   16.00   16.00
c rst  luby ibes  vmt   534  185K     674  1120     4    5.50    5.49  1611  3841   42K     0   16.00   16.00
c rst  luby ibes  vmt   535  185K     674  1120     4    5.50    5.49  1611  3850   43K     0   16.00   16.00
c rst  luby ibes  vmt   536  185K     674  1120     4    5.50    5.49  1611  3851   43K     0   16.00   16.00
c rst  luby ibes  vmt   537  185K     674  1120     4    5.50    5.49  1611  3853   43K     0   16.00   16.00
c rst  luby ibes  vmt   538  186K     674  1120     4    5.50    5.49  1611  3855   43K     0   16.00   16.00
c rst  luby ibes  vmt   539  186K     674  1120     4    5.50    5.49  1611  3857   43K     0   16.00   16.00
c rst  luby ibes  vmt   540  186K     674  1120     4    5.50    5.49  1611  3857   43K     0   16.00   16.00
c rst  luby ibes  vmt   541  186K     674  1120     4    5.50    5.49  1611  3862   43K     0   16.00   16.00
c rst  luby  svd  vmt   542  186K     674  1120     4    5.50    5.49  1611  3873   44K     0   16.01   16.01
c rst  luby  svd  vmt   543  187K     674  1120     4    5.50    5.49  1611  3894   45K     0   16.05   16.05
c rst  luby  svd  vmt   544  187K     674  1120     4    5.50    5.49  1611  3896   45K     0   16.05   16.05
c rst  luby  svd  vmt   545  187K     674  1120     4    5.50    5.49  1611  3898   45K     0   16.06   16.06
c rst  luby  svd  vmt   546  188K     674  1120     4    5.50    5.49  1611  3904   45K     0   16.06   16.06
c rst  luby  svd  vmt   547  188K     674  1120     4    5.50    5.49  1611  3905   45K     0   16.07   16.07
c rst  luby  svd  vmt   548  188K     674  1120     4    5.50    5.49  1611  3906   45K     0   16.08   16.08
c rst  luby  svd  vmt   549  188K     674  1120     4    5.50    5.49  1611  3908   45K     0   16.09   16.09
c rst  luby  svd  vmt   550  188K     674  1120     4    5.50    5.49  1611  3908   46K     0   16.11   16.11
c rst  luby  svd  vmt   551  188K     674  1120     4    5.50    5.49  1611  3908   46K     0   16.12   16.12
c rst  luby  svd  vmt   552  189K     674  1120     4    5.50    5.49  1611  3909   46K     0   16.12   16.12
c rst  luby  svd  vmt   553  189K     674  1120     4    5.50    5.49  1611  3916   46K     0   16.12   16.12
c rst  luby  svd  vmt   554  189K     674  1120     4    5.50    5.49  1611  3917   46K     0   16.13   16.13
c rst  luby  svd  vmt   555  189K     674  1120     4    5.50    5.49  1611  3917   46K     0   16.14   16.14
c rst  luby  svd  vmt   556  189K     674  1120     4    5.50    5.49  1611  3922   47K     0   16.14   16.14
c rst  luby  svd  vmt   557  190K     674  1120     4    5.50    5.49  1819  3539   47K     0   16.15   16.15
c rst  luby  svd  vmt   558  190K     674  1120     4    5.50    5.49  1819  3545   48K     0   16.16   16.16
c rst  luby  svd  vmt   559  192K     674  1120     4    5.50    5.49  1819  3560   50K     0   16.21   16.21
c [distill-long-red0] cls tried: 257/257 T: 0.05 T-out: N T-r: 99.85%
c [distill-long-red1] cls tried: 357/1331 T: 0.14 T-out: Y T-r: -0.40%
c rst  luby  svd  vmt   560  195K     674  1120     4    5.50    5.49  1866  4340   38K     0   15.84   15.84
c rst  geom best  vmt   561  195K     674  1120     4    5.50    5.49  1866  4343   38K     0   15.85   15.85
c rst  geom best  vmt   562  195K     674  1120     4    5.50    5.49  1866  4345   38K     0   15.86   15.86
c rst  geom best  vmt   563  196K     674  1120     4    5.50    5.49  1867  4345   38K     0   15.87   15.87
c rst  geom best  vmt   564  196K     674  1120     4    5.50    5.49  1867  4348   38K     0   15.87   15.87
c rst  geom best  vmt   565  196K     674  1120     4    5.50    5.49  1867  4349   38K     0   15.88   15.88
c rst  geom best  vmt   566  196K     674  1120     4    5.50    5.49  1867  4351   39K     0   15.88   15.88
c [distill-bin] useful: 2/4/4 lits-rem: 0 cl-rem: 2 0-depth-assigns: 0 T: 0.00 T-out: N
c rst  geom best  vmt   567  196K     674  1120     2    5.50    5.49  1867  4356   39K     0   15.89   15.89
c rst  geom best  vmt   568  196K     674  1120     2    5.50    5.49  1867  4357   39K     0   15.90   15.90
c rst  geom best  vmt   569  197K     674  1120     2    5.50    5.49  1867  4360   39K     0   15.91   15.91
c rst  geom best  vmt   570  197K     674  1120     2    5.50    5.49  1867  4362   40K     0   15.91   15.91
c rst  geom best  vmt   571  197K     674  1120     2    5.50    5.49  1867  4363   40K     0   15.93   15.93
c [branch] adjusting to: vsids (from: vmtf) var_decay:0.95 descr: VSIDS
c rst  geom best   vs   572  197K     674  1120     2    5.50    5.49  1867  4364   40K     0   15.94   15.94
c rst  geom best   vs   573  197K     674  1120     2    5.50    5.49  1867  4366   40K     0   15.95   15.95
c rst  geom best   vs   574  198K     674  1120     2    5.50    5.49  1867  4366   40K     0   15.96   15.96
c rst  geom best   vs   575  198K     674  1120     2    5.50    5.49  1867  4370   40K     0   15.97   15.97
c rst  geom best   vs   576  198K     674  1120     2    5.50    5.49  1867  4371   40K     0   15.97   15.97
c rst  geom best   vs   577  198K     674  1120     2    5.50    5.49  1867  4373   41K     0   15.98   15.98
c rst  geom best   vs   578  198K     674  1120     2    5.50    5.49  1867  4373   41K     0   15.98   15.98
c rst  geom best   vs   579  199K     674  1120     2    5.50    5.49  1867  4374   41K     0   15.99   15.99
c rst  geom best   vs   580  199K     674  1120     2    5.50    5.49  1867  4378   41K     0   15.99   15.99
c rst  geom best   vs   581  199K     674  1120     2    5.50    5.49  1867  4380   42K     0   15.99   15.99
c rst  geom best   vs   582  199K     674  1120     2    5.50    5.49  1867  4383   42K     0   16.00   16.00
c rst  geom best   vs   583  200K     674  1120     2    5.50    5.49  2002  4129   42K     0   16.00   16.00
c rst  geom best   vs   584  200K     674  1120     2    5.50    5.49  2002  4132   43K     0   16.00   16.00
c rst  geom best   vs   585  200K     674  1120     2    5.50    5.49  2002  4134   43K     0   16.00   16.00
c rst  geom best   vs   586  201K     674  1120     2    5.50    5.49  2002  4134   43K     0   15.99   15.99
c rst  geom best   vs   587  201K     674  1120     2    5.50    5.49  2002  4137   44K     0   15.99   15.99
c rst  geom best   vs   588  202K     674  1120     2    5.50    5.49  2002  4141   44K     0   15.99   15.99
c rst  geom best   vs   589  202K     674  1120     2    5.50    5.49  2002  4145   45K     0   15.99   15.99
c rst  geom best   vs   590  203K     674  1120     2    5.50    5.49  2002  4148   45K     0   15.98   15.98
c [distill] watch-based irred--  cl tried     2240 cl-sh     0 cl-rem    0 lit-rem      0 T: 0.01 T-out: N
c [distill] watch-based   red--  cl tried     3675 cl-sh     0 cl-rem    0 lit-rem      0 T: 0.04 T-out: Y
c rst  geom  stb   vs   591  203K     674  1120     2    5.50    5.49  2002  4152   46K     0   15.98   15.98
c rst  geom  stb   vs   592  204K     674  1120     2    5.50    5.49  2002  4160   47K     0   15.96   15.96
c [full-probe]  bin_only: 0 set: 0 repl: 0 T: 0.01 T-out: N T-r: 99.13%
c rst  geom  stb   vs   593  205K     674  1120     4    5.50    5.49  2002  4161   48K     0   15.97   15.97
c rst  geom  stb   vs   594  206K     674  1120     4    5.50    5.49  2003  4167   48K     0   15.95   15.95
c rst  geom  stb   vs   595  207K     674  1120     4    5.50    5.49  2003  4173   49K     0   15.94   15.94
c rst  geom  stb   vs   596  208K     674  1120     4    5.50    5.49  2003  4180   50K     0   15.92   15.92
c [distill-long-red0] cls tried: 124/124 T: 0.03 T-out: N T-r: 99.92%
c [distill-long-red1] cls tried: 310/1746 T: 0.14 T-out: Y T-r: -0.49%
c rst  geom  stb   vs   597  209K     674  1120     4    5.50    5.49  2003  4186   52K     0   15.91   15.91
c rst  geom  stb   vs   598  210K     674  1120     4    5.50    5.49  2113  4561   38K     0   15.63   15.63
c rst  geom ibes   vs   599  212K     674  1120     4    5.50    5.49  2113  4571   40K     0   15.62   15.62
c rst  geom ibes   vs   600  213K     674  1120     4    5.50    5.49  2113  4586   41K     0   15.62   15.62
c rst  geom ibes   vs   601  215K     674  1120     4    5.50    5.49  2113  4608   43K     0   15.64   15.64
c rst  geom ibes   vs   602  217K     674  1120     4    5.50    5.49  2113  4629   45K     0   15.61   15.61
c [distill-bin] useful: 2/4/4 lits-rem: 0 cl-rem: 2 0-depth-assigns: 0 T: 0.00 T-out: N
c rst  geom ibes   vs   603  219K     674  1120     2    5.50    5.49  2113  4643   47K     0   15.60   15.60
c rst  geom  svd   vs   604  221K     674  1120     2    5.50    5.49  2223  4352   49K     0   15.62   15.62
c [impl-str] lit bin: 0 set-var: 0 T: 0.00 T-out: N T-r: 99.97% w-visit: 1358
c [impl-sub] bin: 0 T: 0.00 T-out: N w-visit: 1358
c rst  geom  svd   vs   605  224K     674  1120     2    5.50    5.49  2223  4377   52K     0   15.64   15.64
c [branch] adjusting to: vmtf (from: vsids) var_decay:0.95 descr: VMTF
c [distill-long-red0] cls tried: 167/167 T: 0.04 T-out: N T-r: 99.90%
c [distill-long-red1] cls tried: 297/2031 T: 0.12 T-out: Y T-r: -0.29%
c rst  luby  svd  vmt   606  224K     674  1120     2    5.50    5.49  2223  4379   52K     0   15.64   15.64
c rst  luby  svd  vmt   607  224K     674  1120     2    5.50    5.49  2223  4381   52K     0   15.65   15.65
c rst  luby  svd  vmt   608  224K     674  1120     2    5.50    5.49  2223  4381   52K     0   15.65   15.65
c rst  luby  svd  vmt   609  224K     674  1120     2    5.50    5.49  2223  4381   52K     0   15.65   15.65
c rst  luby  svd  vmt   610  224K     674  1120     2    5.50    5.49  2223  4381   52K     0   15.66   15.66
c [full-probe]  bin_only: 1 set: 0 repl: 0 T: 0.00 T-out: N T-r: 99.95%
c rst  luby  svd  vmt   611  224K     674  1120     4    5.50    5.49  2223  4381   52K     0   15.67   15.67
c rst  luby  svd  vmt   612  225K     674  1120     4    5.50    5.49  2247  4962   38K     0   15.36   15.36
c rst  luby  svd  vmt   613  225K     674  1120     4    5.50    5.49  2247  4962   38K     0   15.37   15.37
c rst  luby  svd  vmt   614  225K     674  1120     4    5.50    5.49  2247  4964   38K     0   15.38   15.38
c rst  luby  svd  vmt   615  225K     674  1120     4    5.50    5.49  2247  4974   38K     0   15.39   15.39
c rst  luby  svd  vmt   616  225K     674  1120     4    5.50    5.49  2247  4976   38K     0   15.39   15.39
c rst  luby  svd  vmt   617  225K     674  1120     4    5.50    5.49  2247  4977   38K     0   15.40   15.40
c rst  luby  svd  vmt   618  226K     674  1120     4    5.50    5.49  2247  4978   39K     0   15.41   15.41
c rst  luby  svd  vmt   619  226K     674  1120     4    5.50    5.49  2247  4979   39K     0   15.43   15.43
c rst  luby  svd  vmt   620  227K     674  1120     4    5.50    5.49  2247  5003   40K     0   15.45   15.45
c rst  geom best  vmt   621  227K     674  1120     4    5.50    5.49  2247  5004   40K     0   15.46   15.46
c rst  geom best  vmt   622  227K     674  1120     4    5.50    5.49  2247  5008   40K     0   15.46   15.46
c rst  geom best  vmt   623  227K     674  1120     4    5.50    5.49  2247  5010   40K     0   15.47   15.47
c rst  geom best  vmt   624  227K     674  1120     4    5.50    5.49  2247  5010   40K     0   15.47   15.47
c rst  geom best  vmt   625  228K     674  1120     4    5.50    5.49  2247  5011   40K     0   15.47   15.47
c rst  geom best  vmt   626  228K     674  1120     4    5.50    5.49  2247  5013   41K     0   15.47   15.47
c rst  geom best  vmt   627  228K     674  1120     4    5.50    5.49  2247  5017   41K     0   15.48   15.48
c [distill] watch-based irred--  cl tried     2240 cl-sh     0 cl-rem    0 lit-rem      0 T: 0.01 T-out: N
c [distill] watch-based   red--  cl tried     3978 cl-sh     0 cl-rem    0 lit-rem      0 T: 0.04 T-out: Y
c rst  geom best  vmt   628  228K     674  1120     4    5.50    5.49  2247  5017   41K     0   15.49   15.49
c rst  geom best  vmt   629  228K     674  1120     4    5.50    5.49  2247  5019   41K     0   15.49   15.49
c rst  geom best  vmt   630  229K     674  1120     4    5.50    5.49  2247  5024   42K     0   15.50   15.50
c rst  geom best  vmt   631  229K     674  1120     4    5.50    5.49  2247  5030   42K     0   15.51   15.51
c rst  geom best  vmt   632  229K     674  1120     4    5.50    5.49  2247  5031   42K     0   15.51   15.51
c rst  geom best  vmt   633  230K     674  1120     4    5.50    5.49  2247  5031   42K     0   15.52   15.52
c rst  geom best  vmt   634  230K     674  1120     4    5.50    5.49  2376  4738   43K     0   15.53   15.53
c rst  geom best  vmt   635  230K     674  1120     4    5.50    5.49  2376  4743   43K     0   15.54   15.54
c rst  geom best  vmt   636  231K     674  1120     4    5.50    5.49  2376  4745   44K     0   15.55   15.55
c rst  geom best  vmt   637  231K     674  1120     4    5.50    5.49  2376  4749   44K     0   15.56   15.56
c rst  geom best  vmt   638  232K     674  1120     4    5.50    5.49  2376  4751   45K     0   15.57   15.57
c rst  geom best  vmt   639  232K     674  1120     4    5.50    5.49  2376  4753   45K     0   15.59   15.59
c rst  geom best  vmt   640  233K     674  1120     4    5.50    5.49  2376  4755   46K     0   15.61   15.61
c rst  geom best  vmt   641  234K     674  1120     4    5.50    5.49  2376  4768   47K     0   15.63   15.63
c rst  geom best  vmt   642  235K     674  1120     4    5.50    5.49  2381  4791   48K     0   15.65   15.65
c rst  geom  stb  vmt   643  235K     674  1120     4    5.50    5.49  2381  4804   48K     0   15.63   15.63
c rst  geom  stb  vmt   644  236K     674  1120     4    5.50    5.49  2381  4812   49K     0   15.63   15.63
c rst  geom  stb  vmt   645  237K     674  1120     4    5.50    5.49  2381  4823   50K     0   15.65   15.65
c [distill-bin] useful: 2/4/4 lits-rem: 0 cl-rem: 2 0-depth-assigns: 0 T: 0.00 T-out: N
c rst  geom  stb  vmt   646  239K     674  1120     2    5.50    5.49  2381  4835   52K     0   15.67   15.67
c [distill-long-red0] cls tried: 123/123 T: 0.03 T-out: N T-r: 99.91%
c [distill-long-red1] cls tried: 316/2363 T: 0.13 T-out: Y T-r: -0.50%
c rst  geom  stb  vmt   647  240K     674  1120     2    5.50    5.49  2582  5213   38K     0   15.10   15.10
c rst  geom  stb  vmt   648  241K     674  1120     2    5.50    5.49  2582  5230   39K     0   15.10   15.10
c rst  geom  stb  vmt   649  243K     674  1120     2    5.50    5.49  2582  5242   41K     0   15.14   15.14
c rst  geom ibes  vmt   650  244K     674  1120     2    5.50    5.49  2583  5252   41K     0   15.14   15.14
c ecursive minimization cost OK: 342Kcost/(% lits removed)
c [g 0] truth-find prop checks  : 10201K
c [g 0] -> of which prop        : 69.58 %
c [g 0] -> of which confl       :  0.41 %
c [g 0] elim called             : 78K
c [g 0] ---> which lead to prop : 1320.59 %
c [g 0] ---> which lead to confl:  4.77 %
c [g 0] size: 634   x 673  
c --> Executing strategy token: scc-vrepl
c [scc] new: 1 BP 0M T: 0.00
c [vrep] vars 1 lits 59 rem-bin-cls 4 rem-long-cls 0 BP 0M T: 0.00
c --> Executing strategy token: sub-impl
c [impl-sub] bin: 0 T: 0.00 T-out: N w-visit: 1358
c --> Executing strategy token: breakid
c Executing OCC strategy token(s): 'occ-backw-sub-str,occ-clean-implicit,occ-bve,occ-bva,occ-ternary-res,occ-xor,
c [occ] mem usage for occur 0      MB
c [occ] Linked in IRRED BIN by default: 0
c [occ] Linked in RED   BIN by default: 0
c [occ] mem usage for occur 0      MB
c Mem for watch alloc      : 7           MB (0.00      %)
c Mem for watch array      : 0           MB (0.00      %)
c Executing OCC strategy token: occ-backw-sub-str
c [occ-backw-sub-str-long-w-bins] subs: 0 str: 0 tried: 110 0-depth ass: 0 T: 0.00 T-out: N T-r: 100.00%
c [occ-backw-sub-long-w-long] rem cl: 250 tried: 50954/50954 (100.0%) T: 0.01 T-out: N T-r: 94.42%
c [occ-backw-sub-str-long-w-long] sub: 46 str: 190 tried: 152862/50954 (300.0)  T: 0.05 T-out: N T-r: 89.69%
c Executing OCC strategy token: occ-clean-implicit
c Executing OCC strategy token: occ-bve
c [occ-empty-res] Empty resolvent elimed: 0 T: 0.00 T-out: N
c [occ-bve] iter v-elim 0
c cl_inc_rate=1.0, var_dec_rate=1.0 (grow=0)
c Reduced to 673 vars, 1120 cls (grow=0)
c [occ-bve] iter v-elim 0
c cl_inc_rate=1.0, var_dec_rate=1.0 (grow=3)
c Reduced to 673 vars, 1120 cls (grow=3)
c [occ-bve] iter v-elim 0
c cl_inc_rate=1.0, var_dec_rate=1.0 (grow=4)
c Reduced to 673 vars, 1120 cls (grow=4)
c [occ-bve] iter v-elim 0
c cl_inc_rate=1.0, var_dec_rate=1.0 (grow=6)
c Reduced to 673 vars, 1120 cls (grow=6)
c [occ-bve] iter v-elim 0
c cl_inc_rate=1.0, var_dec_rate=1.0 (grow=9)
c Reduced to 673 vars, 1120 cls (grow=9)
c [occ-bve] iter v-elim 0
c cl_inc_rate=1.0, var_dec_rate=1.0 (grow=13)
c Reduced to 673 vars, 1120 cls (grow=13)
c [occ-bve] iter v-elim 0
c cl_inc_rate=1.0, var_dec_rate=1.0 (grow=16)
c Reduced to 673 vars, 1120 cls (grow=16)
c x n vars       : 673
c #try to eliminate:     7
c #var-elim        :     0
c #T-o: N
c #T-r: 100.00%
c #T  : 0.00
c [occur] 0.02 is overhead
c [occur] link-in T: 0.02 cleanup T: 0.00
c [occ-xor-bve] elimed: 0 T: 0.00 T-out: N
c Executing OCC strategy token: occ-bva
c Executing OCC strategy token: occ-ternary-res
c [occ-ternary-res] Ternary res-tri: 0 res-bin: 0 sub: 0 str: 0 T: 0.00 T-out: N T-r: 99.86%
c Executing OCC strategy token: occ-xor
c [occ-xor] sort occur list T: 0.00
c [occ-xor] found      0 T: 0.00 T-out: N T-r: 100.00%
c --> Executing strategy token: card-find
c --> Executing strategy token: cl-consolidate
c Not consolidating memory.
c --> Executing strategy token: scc-vrepl
c [scc] new: 0 BP 0M T: 0.00
c [vrep] vars 0 lits 0 rem-bin-cls 0 rem-long-cls 0 BP 0M T: 0.01
c --> Executing strategy token: renumber
c --> Executing strategy token: louvain-comms
c [consolidate] mini T: 0.00
c global_timeout_multiplier: 3.9930
c [branch] rebuilding order heap for all branchings. Current branching: vmtf
c [gauss] clauses deleted that are represented by XORs: 0 xorclauses: 639 GJ matrices: 0 T: 0.00
c [find&init matx] performing matrix init
c [matrix] Good   matrix  0    639 x  672  density:0.0062  xorlen avg:  4.17
c [matrix] Using 1 matrices recovered from 0 xors T: 0.00 T-out: N
c rst  geom ibes  vmt   651  245K     673  1120     0    5.50    5.50  2362  5435   42K     0   15.19   15.19
c [full-probe]  bin_only: 0 set: 0 repl: 0 T: 0.01 T-out: N T-r: 99.24%
c rst  geom ibes  vmt   652  246K     673  1120     0    5.50    5.50  2362  5462   44K     0   15.23   15.23
c rst  geom ibes  vmt   653  248K     673  1120     0    5.50    5.50  2362  5523   46K     0   15.26   15.26
c rst  geom ibes  vmt   654  251K     673  1120     0    5.50    5.50  2532  5116   48K     0   15.25   15.25
c [branch] adjusting to: vsids (from: vmtf) var_decay:0.95 descr: VSIDS
c rst  geom  svd   vs   655  251K     673  1120     0    5.50    5.50  2532  5117   49K     0   15.26   15.26
c rst  geom  svd   vs   656  251K     673  1120     0    5.50    5.50  2532  5117   49K     0   15.26   15.26
c rst  geom  svd   vs   657  251K     673  1120     0    5.50    5.50  2532  5118   49K     0   15.28   15.28
c rst  geom  svd   vs   658  251K     673  1120     0    5.50    5.50  2532  5119   49K     0   15.28   15.28
c rst  geom  svd   vs   659  251K     673  1120     0    5.50    5.50  2532  5119   49K     0   15.29   15.29
c rst  geom  svd   vs   660  252K     673  1120     0    5.50    5.50  2532  5121   49K     0   15.29   15.29
c rst  geom  svd   vs   661  252K     673  1120     0    5.50    5.50  2532  5121   49K     0   15.30   15.30
c rst  geom  svd   vs   662  252K     673  1120     0    5.50    5.50  2532  5122   50K     0   15.30   15.30
c rst  geom  svd   vs   663  252K     673  1120     0    5.50    5.50  2532  5124   50K     0   15.31   15.31
c rst  geom  svd   vs   664  252K     673  1120     0    5.50    5.50  2532  5124   50K     0   15.31   15.31
c rst  geom  svd   vs   665  253K     673  1120     0    5.50    5.50  2532  5126   50K     0   15.32   15.32
c rst  geom  svd   vs   666  253K     673  1120     0    5.50    5.50  2532  5129   51K     0   15.34   15.34
c [distill] watch-based irred--  cl tried     2240 cl-sh     0 cl-rem    0 lit-rem      0 T: 0.02 T-out: N
c [distill] watch-based   red--  cl tried     3812 cl-sh     0 cl-rem    0 lit-rem      0 T: 0.06 T-out: Y
c rst  geom  svd   vs   667  253K     673  1120     0    5.50    5.50  2532  5130   51K     0   15.35   15.35
c rst  geom  svd   vs   668  254K     673  1120     0    5.50    5.50  2532  5132   51K     0   15.36   15.36
c [distill-long-red0] cls tried: 344/344 T: 0.10 T-out: N T-r: 99.75%
c [distill-long-red1] cls tried: 290/2759 T: 0.15 T-out: Y T-r: -0.74%
c rst  geom  svd   vs   669  254K     673  1120     0    5.50    5.50  2532  5134   52K     0   15.36   15.36
c rst  geom  svd   vs   670  255K     673  1120     0    5.50    5.50  2551  5616   37K     0   15.32   15.32
c rst  geom  svd   vs   671  255K     673  1120     0    5.50    5.50  2551  5617   38K     0   15.35   15.35
c rst  geom  svd   vs   672  256K     673  1120     0    5.50    5.50  2551  5623   38K     0   15.35   15.35
c rst  geom  svd   vs   673  256K     673  1120     0    5.50    5.50  2551  5632   39K     0   15.36   15.36
c rst  geom  svd   vs   674  257K     673  1120     0    5.50    5.50  2551  5635   40K     0   15.37   15.37
c rst  geom  svd   vs   675  258K     673  1120     0    5.50    5.50  2551  5645   40K     0   15.40   15.40
c [distill-bin] useful: 0/0/0 lits-rem: 0 cl-rem: 0 0-depth-assigns: 0 T: 0.00 T-out: N
c rst  geom  svd   vs   676  258K     673  1120     0    5.50    5.50  2551  5653   41K     0   15.41   15.41
c rst  geom best   vs   677  259K     673  1120     0    5.50    5.50  2551  5656   42K     0   15.40   15.40
c rst  geom best   vs   678  260K     673  1120     0    5.50    5.50  2634  5193   43K     0   15.39   15.39
c rst  geom best   vs   679  261K     673  1120     0    5.50    5.50  2634  5202   44K     0   15.37   15.37
c rst  geom best   vs   680  262K     673  1120     0    5.50    5.50  2635  5218   45K     0   15.35   15.35
c rst  geom best   vs   681  264K     673  1120     0    5.50    5.50  2635  5240   47K     0   15.36   15.36
c rst  geom best   vs   682  265K     673  1120     0    5.50    5.50  2635  5254   48K     0   15.38   15.38
c [full-probe]  bin_only: 1 set: 0 repl: 0 T: 0.00 T-out: N T-r: 99.96%
c rst  geom best   vs   683  267K     673  1120     0    5.50    5.50  2635  5265   50K     0   15.40   15.40
c rst  geom  stb   vs   684  268K     673  1120     0    5.50    5.50  2635  5277   51K     0   15.40   15.40
c rst  geom  stb   vs   685  270K     673  1120     0    5.50    5.50  2782  5444   39K     0   15.03   15.03
c [distill-long-red0] cls tried: 207/207 T: 0.04 T-out: N T-r: 99.90%
c [distill-long-red1] cls tried: 368/3230 T: 0.13 T-out: Y T-r: -0.17%
c rst  geom  stb   vs   686  272K     673  1120     0    5.50    5.50  2782  5458   41K     0   15.02   15.02
c rst  geom  stb   vs   687  275K     673  1120     0    5.50    5.50  2782  5467   43K     0   15.01   15.01
c rst  geom ibes   vs   688  277K     673  1120     0    5.50    5.50  2782  5494   45K     0   14.96   14.96
c rst  geom ibes   vs   689  280K     673  1120     0    5.50    5.50  2851  5185   48K     0   14.87   14.87
c [distill-bin] useful: 0/0/0 lits-rem: 0 cl-rem: 0 0-depth-assigns: 0 T: 0.00 T-out: N
c [distill] watch-based irred--  cl tried     2240 cl-sh     0 cl-rem    0 lit-rem      0 T: 0.02 T-out: N
c [distill] watch-based   red--  cl tried     4538 cl-sh     0 cl-rem    0 lit-rem      0 T: 0.05 T-out: Y
c rst  geom ibes   vs   690  283K     673  1120     0    5.50    5.50  2851  5211   51K     0   14.83   14.83
c [branch] adjusting to: vmtf (from: vsids) var_decay:0.95 descr: VMTF
c [impl-str] lit bin: 0 set-var: 0 T: 0.00 T-out: N T-r: 99.97% w-visit: 1358
c [impl-sub] bin: 0 T: 0.00 T-out: N w-visit: 1358
c rst  luby  svd  vmt   691  283K     673  1120     0    5.50    5.50  2851  5213   51K     0   14.83   14.83
c rst  luby  svd  vmt   692  283K     673  1120     0    5.50    5.50  2851  5214   51K     0   14.83   14.83
c rst  luby  svd  vmt   693  283K     673  1120     0    5.50    5.50  2851  5214   52K     0   14.84   14.84
c rst  luby  svd  vmt   694  283K     673  1120     0    5.50    5.50  2851  5215   52K     0   14.84   14.84
c rst  luby  svd  vmt   695  283K     673  1120     0    5.50    5.50  2851  5216   52K     0   14.84   14.84
c rst  luby  svd  vmt   696  284K     673  1120     0    5.50    5.50  2851  5218   52K     0   14.85   14.85
c rst  luby  svd  vmt   697  284K     673  1120     0    5.50    5.50  2851  5224   52K     0   14.86   14.86
c rst  luby  svd  vmt   698  284K     673  1120     0    5.50    5.50  2851  5224   53K     0   14.86   14.86
c rst  luby  svd  vmt   699  284K     673  1120     0    5.50    5.50  2851  5224   53K     0   14.87   14.87
c rst  luby  svd  vmt   700  284K     673  1120     0    5.50    5.50  2851  5225   53K     0   14.87   14.87
c rst  luby  svd  vmt   701  284K     673  1120     0    5.50    5.50  2851  5226   53K     0   14.88   14.88
c rst  luby  svd  vmt   702  285K     673  1120     0    5.50    5.50  2860  5827   38K     0   14.38   14.38
c rst  luby  svd  vmt   703  285K     673  1120     0    5.50    5.50  2860  5828   38K     0   14.40   14.40
c rst  luby  svd  vmt   704  285K     673  1120     0    5.50    5.50  2861  5835   38K     0   14.43   14.43
c [full-probe]  bin_only: 0 set: 0 repl: 0 T: 0.00 T-out: N T-r: 99.32%
c rst  luby  svd  vmt   705  286K     673  1120     0    5.50    5.50  2861  5842   39K     0   14.47   14.47
c [distill-long-red0] cls tried: 58/58 T: 0.01 T-out: N T-r: 99.97%
c [distill-long-red1] cls tried: 392/3446 T: 0.12 T-out: Y T-r: -0.32%
c rst  luby  svd  vmt   706  286K     673  1120     0    5.50    5.50  2861  5842   39K     0   14.47   14.47
c rst  luby  svd  vmt   707  286K     673  1120     0    5.50    5.50  2861  5848   39K     0   14.47   14.47
c rst  luby  svd  vmt   708  286K     673  1120     0    5.50    5.50  2861  5852   40K     0   14.47   14.47
c rst  luby  svd  vmt   709  286K     673  1120     0    5.50    5.50  2861  5852   40K     0   14.48   14.48
c rst  luby  svd  vmt   710  287K     673  1120     0    5.50    5.50  2861  5856   40K     0   14.48   14.48
c rst  luby  svd  vmt   711  287K     673  1120     0    5.50    5.50  2861  5858   40K     0   14.49   14.49
c rst  luby  svd  vmt   712  287K     673  1120     0    5.50    5.50  2861  5863   40K     0   14.51   14.51
c rst  luby  svd  vmt   713  287K     673  1120     0    5.50    5.50  2861  5864   41K     0   14.51   14.51
c rst  luby  svd  vmt   714  287K     673  1120     0    5.50    5.50  2861  5865   41K     0   14.52   14.52
c rst  luby  svd  vmt   715  288K     673  1120     0    5.50    5.50  2861  5872   41K     0   14.53   14.53
c rst  luby  svd  vmt   716  288K     673  1120     0    5.50    5.50  2861  5874   41K     0   14.54   14.54
c rst  luby  svd  vmt   717  288K     673  1120     0    5.50    5.50  2861  5875   41K     0   14.55   14.55
c rst  luby  svd  vmt   718  288K     673  1120     0    5.50    5.50  2861  5875   41K     0   14.57   14.57
c rst  luby  svd  vmt   719  288K     673  1120     0    5.50    5.50  2861  5882   42K     0   14.60   14.60
c rst  luby  svd  vmt   720  289K     673  1120     0    5.50    5.50  2861  5887   42K     0   14.64   14.64
c rst  luby  svd  vmt   721  291K     673  1120     0    5.50    5.50  2978  5516   44K     0   14.69   14.69
c rst  geom best  vmt   722  291K     673  1120     0    5.50    5.50  2978  5516   44K     0   14.69   14.69
c rst  geom best  vmt   723  291K     673  1120     0    5.50    5.50  2978  5516   44K     0   14.70   14.70
c rst  geom best  vmt   724  291K     673  1120     0    5.50    5.50  2978  5518   45K     0   14.70   14.70
c rst  geom best  vmt   725  291K     673  1120     0    5.50    5.50  2978  5519   45K     0   14.70   14.70
c rst  geom best  vmt   726  291K     673  1120     0    5.50    5.50  2978  5521   45K     0   14.71   14.71
c rst  geom best  vmt   727  292K     673  1120     0    5.50    5.50  2978  5521   45K     0   14.73   14.73
c rst  geom best  vmt   728  292K     673  1120     0    5.50    5.50  2978  5521   45K     0   14.74   14.74
c rst  geom best  vmt   729  292K     673  1120     0    5.50    5.50  2978  5521   46K     0   14.75   14.75
c rst  geom best  vmt   730  292K     673  1120     0    5.50    5.50  2978  5521   46K     0   14.75   14.75
c rst  geom best  vmt   731  293K     673  1120     0    5.50    5.50  2978  5522   46K     0   14.77   14.77
c rst  geom best  vmt   732  293K     673  1120     0    5.50    5.50  2978  5528   46K     0   14.77   14.77
c rst  geom best  vmt   733  293K     673  1120     0    5.50    5.50  2978  5531   47K     0   14.78   14.78
c rst  geom best  vmt   734  294K     673  1120     0    5.50    5.50  2978  5534   47K     0   14.79   14.79
c rst  geom best  vmt   735  294K     673  1120     0    5.50    5.50  2978  5537   47K     0   14.80   14.80
c rst  geom best  vmt   736  294K     673  1120     0    5.50    5.50  2978  5543   48K     0   14.80   14.80
c rst  geom best  vmt   737  295K     673  1120     0    5.50    5.50  2978  5547   48K     0   14.81   14.81
c rst  geom best  vmt   738  295K     673  1120     0    5.50    5.50  2978  5547   49K     0   14.82   14.82
c rst  geom best  vmt   739  296K     673  1120     0    5.50    5.50  2978  5561   49K     0   14.83   14.83
c rst  geom best  vmt   740  296K     673  1120     0    5.50    5.50  2978  5564   50K     0   14.84   14.84
c rst  geom best  vmt   741  297K     673  1120     0    5.50    5.50  2978  5572   50K     0   14.86   14.86
c rst  geom best  vmt   742  298K     673  1120     0    5.50    5.50  2978  5578   51K     0   14.86   14.86
c rst  geom best  vmt   743  299K     673  1120     0    5.50    5.50  2978  5594   52K     0   14.87   14.87
c rst  geom best  vmt   744  299K     673  1120     0    5.50    5.50  2978  5599   53K     0   14.87   14.87
c rst  geom  stb  vmt   745  300K     673  1120     0    5.50    5.50  3092  5835   38K     0   14.50   14.50
c [distill-bin] useful: 0/0/0 lits-rem: 0 cl-rem: 0 0-depth-assigns: 0 T: 0.00 T-out: N
c rst  geom  stb  vmt   746  301K     673  1120     0    5.50    5.50  3093  5857   39K     0   14.54   14.54
c [distill-long-red0] cls tried: 195/195 T: 0.05 T-out: N T-r: 99.89%
c [distill-long-red1] cls tried: 422/3475 T: 0.14 T-out: Y T-r: -0.35%
c rst  geom  stb  vmt   747  303K     673  1120     0    5.50    5.50  3093  5896   41K     0   14.55   14.55
c rst  geom  stb  vmt   748  304K     673  1120     0    5.50    5.50  3093  5907   42K     0   14.59   14.59
c rst  geom  stb  vmt   749  305K     673  1120     0    5.50    5.50  3093  5926   43K     0   14.62   14.62
c [full-probe]  bin_only: 1 set: 0 repl: 0 T: 0.00 T-out: N T-r: 99.96%
c [distill] watch-based irred--  cl tried     2240 cl-sh     0 cl-rem    0 lit-rem      0 T: 0.02 T-out: N
c [distill] watch-based   red--  cl tried     4785 cl-sh     0 cl-rem    0 lit-rem      0 T: 0.06 T-out: Y
c rst  geom  stb  vmt   750  307K     673  1120     0    5.50    5.50  3093  5938   45K     0   14.64   14.64
c rst  geom  stb  vmt   751  309K     673  1120     0    5.50    5.50  3093  5956   46K     0   14.66   14.66
c rst  geom ibes  vmt   752  310K     673  1120     0    5.50    5.50  3283  5407   49K     0   14.66   14.66
c rst  geom ibes  vmt   753  312K     673  1120     0    5.50    5.50  3283  5431   51K     0   14.66   14.66
c rst  geom ibes  vmt   754  315K     673  1120     0    5.50    5.50  3314  6238   38K     0   14.46   14.46
c [branch] adjusting to: vsids (from: vmtf) var_decay:0.95 descr: VSIDS
c rst  geom ibes   vs   755  315K     673  1120     0    5.50    5.50  3314  6239   38K     0   14.46   14.46
c rst  geom ibes   vs   756  315K     673  1120     0    5.50    5.50  3314  6241   38K     0   14.47   14.47
c rst  geom ibes   vs   757  315K     673  1120     0    5.50    5.50  3314  6241   38K     0   14.47   14.47
c rst  geom ibes   vs   758  315K     673  1120     0    5.50    5.50  3314  6242   38K     0   14.46   14.46
c rst  geom ibes   vs   759  315K     673  1120     0    5.50    5.50  3314  6244   38K     0   14.46   14.46
c rst  geom ibes   vs   760  316K     673  1120     0    5.50    5.50  3314  6247   38K     0   14.45   14.45
c rst  geom ibes   vs   761  316K     673  1120     0    5.50    5.50  3314  6253   39K     0   14.45   14.45
c rst  geom ibes   vs   762  316K     673  1120     0    5.50    5.50  3314  6254   39K     0   14.45   14.45
c rst  geom ibes   vs   763  316K     673  1120     0    5.50    5.50  3314  6260   39K     0   14.45   14.45
c rst  geom ibes   vs   764  316K     673  1120     0    5.50    5.50  3314  6270   39K     0   14.43   14.43
c [distill-long-red0] cls tried: 177/177 T: 0.04 T-out: N T-r: 99.90%
c [distill-long-red1] cls tried: 390/3701 T: 0.13 T-out: Y T-r: -0.43%
c rst  geom ibes   vs   765  317K     673  1120     0    5.50    5.50  3314  6271   40K     0   14.43   14.43
c rst  geom  svd   vs   766  317K     673  1120     0    5.50    5.50  3314  6272   40K     0   14.44   14.44
c rst  geom  svd   vs   767  317K     673  1120     0    5.50    5.50  3314  6272   40K     0   14.46   14.46
c rst  geom  svd   vs   768  318K     673  1120     0    5.50    5.50  3314  6275   41K     0   14.47   14.47
c rst  geom  svd   vs   769  318K     673  1120     0    5.50    5.50  3314  6275   41K     0   14.49   14.49
c rst  geom  svd   vs   770  319K     673  1120     0    5.50    5.50  3314  6280   42K     0   14.50   14.50
c rst  geom  svd   vs   771  319K     673  1120     0    5.50    5.50  3314  6284   42K     0   14.52   14.52
c rst  geom  svd   vs   772  320K     673  1120     0    5.50    5.50  3422  5710   43K     0   14.51   14.51
c rst  geom  svd   vs   773  320K     673  1120     0    5.50    5.50  3422  5712   44K     0   14.51   14.51
c rst  geom  svd   vs   774  321K     673  1120     0    5.50    5.50  3422  5713   44K     0   14.56   14.56
c [distill-bin] useful: 0/0/0 lits-rem: 0 cl-rem: 0 0-depth-assigns: 0 T: 0.00 T-out: N
c rst  geom  svd   vs   775  322K     673  1120     0    5.50    5.50  3422  5723   45K     0   14.58   14.58
c rst  geom  svd   vs   776  322K     673  1120     0    5.50    5.50  3422  5727   46K     0   14.61   14.61
c rst  geom  svd   vs   777  323K     673  1120     0    5.50    5.50  3422  5736   47K     0   14.63   14.63
c rst  geom  svd   vs   778  324K     673  1120     0    5.50    5.50  3422  5758   48K     0   14.63   14.63
c rst  geom  svd   vs   779  325K     673  1120     0    5.50    5.50  3422  5769   49K     0   14.61   14.61
c [full-probe]  bin_only: 0 set: 0 repl: 0 T: 0.01 T-out: N T-r: 99.16%
c rst  geom best   vs   780  326K     673  1120     0    5.50    5.50  3422  5790   50K     0   14.60   14.60
c rst  geom best   vs   781  328K     673  1120     0    5.50    5.50  3422  5881   51K     0   14.55   14.55
c rst  geom best   vs   782  329K     673  1120     0    5.50    5.50  3422  5902   52K     0   14.55   14.55
c rst  geom best   vs   783  331K     673  1120     0    5.50    5.50  3652  6398   39K     0   14.20   14.20
c [distill] watch-based irred--  cl tried     2240 cl-sh     0 cl-rem    0 lit-rem      0 T: 0.02 T-out: N
c [distill] watch-based   red--  cl tried     5196 cl-sh     0 cl-rem    0 lit-rem      0 T: 0.06 T-out: Y
c rst  geom best   vs   784  332K     673  1120     0    5.50    5.50  3652  6430   40K     0   14.21   14.21
c [distill-long-red0] cls tried: 282/282 T: 0.06 T-out: N T-r: 99.82%
c [distill-long-red1] cls tried: 361/3915 T: 0.15 T-out: Y T-r: -0.41%
c rst  geom best   vs   785  334K     673  1120     0    5.50    5.50  3652  6464   42K     0   14.17   14.17
c rst  geom  stb   vs   786  336K     673  1120     0    5.50    5.50  3652  6489   44K     0   14.18   14.18
c rst  geom  stb   vs   787  339K     673  1120     0    5.50    5.50  3652  6506   46K     0   14.19   14.19
c rst  geom  stb   vs   788  341K     673  1120     0    5.50    5.50  3786  6060   49K     0   14.18   14.18
c [distill-bin] useful: 0/0/0 lits-rem: 0 cl-rem: 0 0-depth-assigns: 0 T: 0.00 T-out: N
c rst  geom  stb   vs   789  344K     673  1120     0    5.50    5.50  3787  6079   52K     0   14.23   14.23
c [impl-str] lit bin: 0 set-var: 0 T: 0.00 T-out: N T-r: 99.97% w-visit: 1358
c [impl-sub] bin: 0 T: 0.00 T-out: N w-visit: 1358
c rst  geom ibes   vs   790  347K     673  1120     0    5.50    5.50  3806  6848   40K     0   13.73   13.73
c [full-probe]  bin_only: 1 set: 0 repl: 0 T: 0.00 T-out: N T-r: 99.96%
c rst  geom ibes   vs   791  350K     673  1120     0    5.50    5.50  3906  6366   43K     0   13.67   13.67
c [distill-long-red0] cls tried: 223/223 T: 0.05 T-out: N T-r: 99.86%
c [distill-long-red1] cls tried: 280/4034 T: 0.15 T-out: Y T-r: -0.42%
c rst  geom ibes   vs   792  354K     673  1120     0    5.50    5.50  3907  6535   47K     0   13.59   13.59
c [branch] adjusting to: vmtf (from: vsids) var_decay:0.95 descr: VMTF
c rst  luby  svd  vmt   793  354K     673  1120     0    5.50    5.50  3907  6535   47K     0   13.60   13.60
c rst  luby  svd  vmt   794  354K     673  1120     0    5.50    5.50  3907  6535   47K     0   13.61   13.61
c rst  luby  svd  vmt   795  354K     673  1120     0    5.50    5.50  3907  6536   47K     0   13.62   13.62
c rst  luby  svd  vmt   796  354K     673  1120     0    5.50    5.50  3907  6539   47K     0   13.63   13.63
c rst  luby  svd  vmt   797  354K     673  1120     0    5.50    5.50  3907  6539   48K     0   13.64   13.64
c rst  luby  svd  vmt   798  354K     673  1120     0    5.50    5.50  3907  6541   48K     0   13.65   13.65
c rst  luby  svd  vmt   799  355K     673  1120     0    5.50    5.50  3907  6543   48K     0   13.67   13.67
c rst  luby  svd  vmt   800  355K     673  1120     0    5.50    5.50  3907  6543   48K     0   13.68   13.68
c rst  luby  svd  vmt   801  355K     673  1120     0    5.50    5.50  3907  6543   48K     0   13.68   13.68
c rst  luby  svd  vmt   802  355K     673  1120     0    5.50    5.50  3907  6550   49K     0   13.69   13.69
c rst  luby  svd  vmt   803  355K     673  1120     0    5.50    5.50  3907  6552   49K     0   13.69   13.69
c rst  luby  svd  vmt   804  355K     673  1120     0    5.50    5.50  3907  6553   49K     0   13.69   13.69
c rst  luby  svd  vmt   805  356K     673  1120     0    5.50    5.50  3907  6554   49K     0   13.71   13.71
c [distill] watch-based irred--  cl tried     2240 cl-sh     0 cl-rem    0 lit-rem      0 T: 0.01 T-out: N
c [distill] watch-based   red--  cl tried     3893 cl-sh     0 cl-rem    0 lit-rem      0 T: 0.06 T-out: Y
c rst  luby  svd  vmt   806  356K     673  1120     0    5.50    5.50  3907  6557   49K     0   13.73   13.73
c rst  luby  svd  vmt   807  357K     673  1120     0    5.50    5.50  3907  6566   50K     0   13.76   13.76
c rst  luby  svd  vmt   808  357K     673  1120     0    5.50    5.50  3907  6568   50K     0   13.76   13.76
c rst  luby  svd  vmt   809  357K     673  1120     0    5.50    5.50  3907  6568   50K     0   13.77   13.77
c rst  luby  svd  vmt   810  357K     673  1120     0    5.50    5.50  3907  6571   51K     0   13.78   13.78
c rst  luby  svd  vmt   811  357K     673  1120     0    5.50    5.50  3907  6571   51K     0   13.79   13.79
c rst  luby  svd  vmt   812  358K     673  1120     0    5.50    5.50  3907  6572   51K     0   13.80   13.80
c rst  luby  svd  vmt   813  358K     673  1120     0    5.50    5.50  3908  6573   51K     0   13.82   13.82
c rst  luby  svd  vmt   814  358K     673  1120     0    5.50    5.50  3909  6584   51K     0   13.83   13.83
c rst  luby  svd  vmt   815  358K     673  1120     0    5.50    5.50  3909  6584   51K     0   13.84   13.84
c rst  luby  svd  vmt   816  358K     673  1120     0    5.50    5.50  3909  6586   52K     0   13.85   13.85
c rst  luby  svd  vmt   817  359K     673  1120     0    5.50    5.50  3909  6588   52K     0   13.86   13.86
c rst  luby  svd  vmt   818  359K     673  1120     0    5.50    5.50  3909  6588   52K     0   13.86   13.86
c rst  luby  svd  vmt   819  359K     673  1120     0    5.50    5.50  3909  6589   52K     0   13.87   13.87
c rst  luby  svd  vmt   820  359K     673  1120     0    5.50    5.50  3909  6591   52K     0   13.88   13.88
c rst  luby  svd  vmt   821  359K     673  1120     0    5.50    5.50  3909  6594   53K     0   13.90   13.90
c rst  luby  svd  vmt   822  360K     673  1120     0    5.50    5.50  4123  7155   38K     0   13.60   13.60
c rst  luby  svd  vmt   823  362K     673  1120     0    5.50    5.50  4123  7188   39K     0   13.65   13.65
c [distill-bin] useful: 0/0/0 lits-rem: 0 cl-rem: 0 0-depth-assigns: 0 T: 0.00 T-out: N
c rst  luby  svd  vmt   824  362K     673  1120     0    5.50    5.50  4123  7188   39K     0   13.66   13.66
c rst  luby  svd  vmt   825  362K     673  1120     0    5.50    5.50  4123  7188   40K     0   13.67   13.67
c rst  luby  svd  vmt   826  362K     673  1120     0    5.50    5.50  4123  7195   40K     0   13.68   13.68
c rst  luby  svd  vmt   827  362K     673  1120     0    5.50    5.50  4123  7195   40K     0   13.69   13.69
c rst  luby  svd  vmt   828  362K     673  1120     0    5.50    5.50  4123  7196   40K     0   13.70   13.70
c rst  geom best  vmt   829  362K     673  1120     0    5.50    5.50  4123  7197   40K     0   13.71   13.71
c rst  geom best  vmt   830  363K     673  1120     0    5.50    5.50  4124  7199   40K     0   13.71   13.71
c rst  geom best  vmt   831  363K     673  1120     0    5.50    5.50  4124  7202   40K     0   13.71   13.71
c rst  geom best  vmt   832  363K     673  1120     0    5.50    5.50  4124  7203   40K     0   13.71   13.71
c rst  geom best  vmt   833  363K     673  1120     0    5.50    5.50  4124  7203   41K     0   13.72   13.72
c rst  geom best  vmt   834  363K     673  1120     0    5.50    5.50  4124  7210   41K     0   13.72   13.72
c rst  geom best  vmt   835  363K     673  1120     0    5.50    5.50  4124  7210   41K     0   13.72   13.72
c rst  geom best  vmt   836  364K     673  1120     0    5.50    5.50  4124  7212   41K     0   13.73   13.73
c rst  geom best  vmt   837  364K     673  1120     0    5.50    5.50  4125  7218   41K     0   13.72   13.72
c rst  geom best  vmt   838  364K     673  1120     0    5.50    5.50  4125  7224   42K     0   13.72   13.72
c rst  geom best  vmt   839  364K     673  1120     0    5.50    5.50  4125  7231   42K     0   13.73   13.73
c rst  geom best  vmt   840  365K     673  1120     0    5.50    5.50  4125  7235   42K     0   13.73   13.73
c rst  geom best  vmt   841  365K     673  1120     0    5.50    5.50  4125  7236   43K     0   13.74   13.74
c rst  geom best  vmt   842  365K     673  1120     0    5.50    5.50  4125  7253   43K     0   13.74   13.74
c [distill-long-red0] cls tried: 185/185 T: 0.05 T-out: N T-r: 99.87%
c [distill-long-red1] cls tried: 251/4830 T: 0.15 T-out: Y T-r: -0.61%
c rst  geom best  vmt   843  366K     673  1120     0    5.50    5.50  4125  7275   43K     0   13.73   13.73
c rst  geom best  vmt   844  366K     673  1120     0    5.50    5.50  4125  7286   44K     0   13.73   13.73
c rst  geom best  vmt   845  367K     673  1120     0    5.50    5.50  4125  7296   44K     0   13.73   13.73
c [full-probe]  bin_only: 0 set: 0 repl: 0 T: 0.01 T-out: N T-r: 99.19%
c rst  geom best  vmt   846  367K     673  1120     0    5.50    5.50  4125  7308   45K     0   13.73   13.73
c rst  geom best  vmt   847  368K     673  1120     0    5.50    5.50  4125  7319   45K     0   13.72   13.72
c rst  geom best  vmt   848  369K     673  1120     0    5.50    5.50  4125  7332   46K     0   13.73   13.73
c rst  geom best  vmt   849  369K     673  1120     0    5.50    5.50  4125  7364   47K     0   13.71   13.71
c rst  geom best  vmt   850  370K     673  1120     0    5.50    5.50  4325  6864   48K     0   13.74   13.74
c rst  geom best  vmt   851  371K     673  1120     0    5.50    5.50  4325  6883   49K     0   13.73   13.73
c rst  geom best  vmt   852  372K     673  1120     0    5.50    5.50  4325  6902   50K     0   13.73   13.73
c rst  geom  stb  vmt   853  373K     673  1120     0    5.50    5.50  4325  6911   51K     0   13.79   13.79
c rst  geom  stb  vmt   854  374K     673  1120     0    5.50    5.50  4326  6914   52K     0   13.84   13.84
c rst  geom  stb  vmt   855  375K     673  1120     0    5.50    5.50  4371  7988   38K     0   13.68   13.68
c rst  geom  stb  vmt   856  377K     673  1120     0    5.50    5.50  4371  7996   39K     0   13.74   13.74
c rst  geom  stb  vmt   857  378K     673  1120     0    5.50    5.50  4371  8022   41K     0   13.75   13.75
c rst  geom  stb  vmt   858  380K     673  1120     0    5.50    5.50  4471  7510   43K     0   13.78   13.78
c rst  geom  stb  vmt   859  382K     673  1120     0    5.50    5.50  4471  7526   45K     0   13.81   13.81
c [distill-long-red0] cls tried: 314/314 T: 0.07 T-out: N T-r: 99.78%
c [distill-long-red1] cls tried: 268/5281 T: 0.13 T-out: Y T-r: -0.65%
c [distill-bin] useful: 0/0/0 lits-rem: 0 cl-rem: 0 0-depth-assigns: 0 T: 0.00 T-out: N
c [distill] watch-based irred--  cl tried     2240 cl-sh     0 cl-rem    0 lit-rem      0 T: 0.01 T-out: N
c [distill] watch-based   red--  cl tried     5208 cl-sh     0 cl-rem    0 lit-rem      0 T: 0.06 T-out: Y
c rst  geom ibes  vmt   860  384K     673  1120     0    5.50    5.50  4472  7567   47K     0   13.84   13.84
c rst  geom ibes  vmt   861  386K     673  1120     0    5.50    5.50  4474  7624   49K     0   13.86   13.86
c rst  geom ibes  vmt   862  389K     673  1120     0    5.50    5.50  4474  7733   51K     0   13.82   13.82
c [full-probe]  bin_only: 1 set: 0 repl: 0 T: 0.00 T-out: N T-r: 99.95%
c rst  geom ibes  vmt   863  391K     673  1120     0    5.50    5.50  4710  8198   39K     0   13.70   13.70
c rst  geom  svd  vmt   864  394K     673  1120     0    5.50    5.50  4710  8255   42K     0   13.76   13.76
c [branch] adjusting to: vsids (from: vmtf) var_decay:0.95 descr: VSIDS
c rst  geom  svd   vs   865  395K     673  1120     0    5.50    5.50  4710  8258   42K     0   13.77   13.77
c rst  geom  svd   vs   866  395K     673  1120     0    5.50    5.50  4710  8259   42K     0   13.77   13.77
c rst  geom  svd   vs   867  395K     673  1120     0    5.50    5.50  4710  8264   43K     0   13.78   13.78
c rst  geom  svd   vs   868  395K     673  1120     0    5.50    5.50  4710  8266   43K     0   13.78   13.78
c rst  geom  svd   vs   869  395K     673  1120     0    5.50    5.50  4710  8266   43K     0   13.78   13.78
c rst  geom  svd   vs   870  395K     673  1120     0    5.50    5.50  4710  8266   43K     0   13.79   13.79
c rst  geom  svd   vs   871  395K     673  1120     0    5.50    5.50  4710  8266   43K     0   13.79   13.79
c rst  geom  svd   vs   872  396K     673  1120     0    5.50    5.50  4710  8266   43K     0   13.81   13.81
c rst  geom  svd   vs   873  396K     673  1120     0    5.50    5.50  4710  8272   44K     0   13.81   13.81
c rst  geom  svd   vs   874  396K     673  1120     0    5.50    5.50  4710  8272   44K     0   13.82   13.82
c rst  geom  svd   vs   875  396K     673  1120     0    5.50    5.50  4710  8272   44K     0   13.82   13.82
c rst  geom  svd   vs   876  397K     673  1120     0    5.50    5.50  4710  8273   44K     0   13.84   13.84
c rst  geom  svd   vs   877  397K     673  1120     0    5.50    5.50  4710  8277   45K     0   13.85   13.85
c [distill-long-red0] cls tried: 212/212 T: 0.07 T-out: N T-r: 99.84%
c [distill-long-red1] cls tried: 238/6053 T: 0.16 T-out: Y T-r: -0.58%
c rst  geom  svd   vs   878  397K     673  1120     0    5.50    5.50  4710  8287   45K     0   13.85   13.85
c ecursive minimization cost OK: 432Kcost/(% lits removed)
c [g 0] truth-find prop checks  : 16530K
c [g 0] -> of which prop        : 65.70 %
c [g 0] -> of which confl       :  0.36 %
c [g 0] elim called             : 154K
c [g 0] ---> which lead to prop : 1361.67 %
c [g 0] ---> which lead to confl:  4.12 %
c [g 0] size: 633   x 672  
c --> Executing strategy token: scc-vrepl
c [scc] new: 0 BP 0M T: 0.00
c [vrep] vars 0 lits 0 rem-bin-cls 0 rem-long-cls 0 BP 0M T: 0.01
c --> Executing strategy token: sub-impl
c [impl-sub] bin: 0 T: 0.00 T-out: N w-visit: 1358
c --> Executing strategy token: breakid
c Executing OCC strategy token(s): 'occ-backw-sub-str,occ-clean-implicit,occ-bve,occ-bva,occ-ternary-res,occ-xor,
c [occ] mem usage for occur 0      MB
c [occ] Linked in IRRED BIN by default: 0
c [occ] Linked in RED   BIN by default: 0
c [occ] mem usage for occur 0      MB
c Mem for watch alloc      : 8           MB (0.00      %)
c Mem for watch array      : 0           MB (0.00      %)
c Executing OCC strategy token: occ-backw-sub-str
c [occ-backw-sub-str-long-w-bins] subs: 0 str: 0 tried: 110 0-depth ass: 0 T: 0.00 T-out: N T-r: 100.00%
c [occ-backw-sub-long-w-long] rem cl: 534 tried: 59665/59665 (100.0%) T: 0.02 T-out: N T-r: 88.05%
c [occ-backw-sub-str-long-w-long] sub: 91 str: 415 tried: 178995/59665 (300.0)  T: 0.10 T-out: N T-r: 81.65%
c Executing OCC strategy token: occ-clean-implicit
c Executing OCC strategy token: occ-bve
c [occ-empty-res] Empty resolvent elimed: 0 T: 0.00 T-out: N
c [occ-bve] iter v-elim 0
c cl_inc_rate=1.0, var_dec_rate=1.0 (grow=0)
c Reduced to 673 vars, 1120 cls (grow=0)
c [occ-bve] iter v-elim 0
c cl_inc_rate=1.0, var_dec_rate=1.0 (grow=3)
c Reduced to 673 vars, 1120 cls (grow=3)
c [occ-bve] iter v-elim 0
c cl_inc_rate=1.0, var_dec_rate=1.0 (grow=4)
c Reduced to 673 vars, 1120 cls (grow=4)
c [occ-bve] iter v-elim 0
c cl_inc_rate=1.0, var_dec_rate=1.0 (grow=6)
c Reduced to 673 vars, 1120 cls (grow=6)
c [occ-bve] iter v-elim 0
c cl_inc_rate=1.0, var_dec_rate=1.0 (grow=9)
c Reduced to 673 vars, 1120 cls (grow=9)
c [occ-bve] iter v-elim 0
c cl_inc_rate=1.0, var_dec_rate=1.0 (grow=13)
c Reduced to 673 vars, 1120 cls (grow=13)
c [occ-bve] iter v-elim 0
c cl_inc_rate=1.0, var_dec_rate=1.0 (grow=16)
c Reduced to 673 vars, 1120 cls (grow=16)
c x n vars       : 673
c #try to eliminate:     7
c #var-elim        :     0
c #T-o: N
c #T-r: 100.00%
c #T  : 0.00
c [occur] 0.02 is overhead
c [occur] link-in T: 0.02 cleanup T: 0.00
c [occ-xor-bve] elimed: 0 T: 0.00 T-out: N
c Executing OCC strategy token: occ-bva
c Executing OCC strategy token: occ-ternary-res
c [occ-ternary-res] Ternary res-tri: 0 res-bin: 0 sub: 0 str: 0 T: 0.00 T-out: N T-r: 99.85%
c Executing OCC strategy token: occ-xor
c [occ-xor] sort occur list T: 0.00
c [occ-xor] found      0 T: 0.00 T-out: N T-r: 100.00%
c --> Executing strategy token: card-find
c --> Executing strategy token: cl-consolidate
c Not consolidating memory.
c --> Executing strategy token: scc-vrepl
c [scc] new: 0 BP 0M T: 0.00
c [vrep] vars 0 lits 0 rem-bin-cls 0 rem-long-cls 0 BP 0M T: 0.01
c --> Executing strategy token: renumber
c --> Executing strategy token: louvain-comms
c [consolidate] mini T: 0.00
c global_timeout_multiplier: 4.3923
c [branch] rebuilding order heap for all branchings. Current branching: vsids
c [gauss] clauses deleted that are represented by XORs: 0 xorclauses: 639 GJ matrices: 0 T: 0.00
c [find&init matx] performing matrix init
c [matrix] Good   matrix  0    639 x  672  density:0.0062  xorlen avg:  4.17
c [matrix] Using 1 matrices recovered from 0 xors T: 0.00 T-out: N
c rst  geom  svd   vs   879  397K     673  1120     0    5.50    5.50  4273  8746   45K     0   13.92   13.92
c rst  geom  svd   vs   880  398K     673  1120     0    5.50    5.50  4273  8755   45K     0   13.93   13.93
c rst  geom  svd   vs   881  398K     673  1120     0    5.50    5.50  4273  8756   45K     0   13.95   13.95
c rst  geom  svd   vs   882  399K     673  1120     0    5.50    5.50  4273  8764   46K     0   13.95   13.95
c rst  geom  svd   vs   883  399K     673  1120     0    5.50    5.50  4273  8776   46K     0   13.97   13.97
c rst  geom  svd   vs   884  400K     673  1120     0    5.50    5.50  4304  8069   48K     0   13.98   13.98
c rst  geom  svd   vs   885  401K     673  1120     0    5.50    5.50  4304  8082   48K     0   13.99   13.99
c rst  geom best   vs   886  401K     673  1120     0    5.50    5.50  4304  8090   49K     0   14.00   14.00
c rst  geom best   vs   887  402K     673  1120     0    5.50    5.50  4304  8104   50K     0   14.00   14.00
c [distill-bin] useful: 0/0/0 lits-rem: 0 cl-rem: 0 0-depth-assigns: 0 T: 0.00 T-out: N
c rst  geom best   vs   888  403K     673  1120     0    5.50    5.50  4305  8134   51K     0   13.99   13.99
c rst  geom best   vs   889  404K     673  1120     0    5.50    5.50  4306  8197   52K     0   13.98   13.98
c [impl-str] lit bin: 0 set-var: 0 T: 0.00 T-out: N T-r: 99.97% w-visit: 1358
c [impl-sub] bin: 0 T: 0.00 T-out: N w-visit: 1358
c rst  geom best   vs   890  405K     673  1120     0    5.50    5.50  4328  8713   38K     0   13.52   13.52
c rst  geom best   vs   891  406K     673  1120     0    5.50    5.50  4328  8750   39K     0   13.53   13.53
c rst  geom best   vs   892  407K     673  1120     0    5.50    5.50  4328  8794   41K     0   13.53   13.53
c [distill] watch-based irred--  cl tried     2240 cl-sh     0 cl-rem    0 lit-rem      0 T: 0.02 T-out: N
c [distill] watch-based   red--  cl tried     5082 cl-sh     0 cl-rem    0 lit-rem      0 T: 0.07 T-out: Y
c rst  geom best   vs   893  409K     673  1120     0    5.50    5.50  4328  8851   42K     0   13.51   13.51
c [full-probe]  bin_only: 0 set: 0 repl: 0 T: 0.00 T-out: N T-r: 99.31%
c rst  geom best   vs   894  410K     673  1120     0    5.50    5.50  4510  8286   44K     0   13.50   13.50
c rst  geom  stb   vs   895  412K     673  1120     0    5.50    5.50  4511  8295   45K     0   13.56   13.56
c [distill-long-red0] cls tried: 386/386 T: 0.13 T-out: N T-r: 99.70%
c [distill-long-red1] cls tried: 258/6311 T: 0.14 T-out: Y T-r: -0.54%
c rst  geom  stb   vs   896  414K     673  1120     0    5.50    5.50  4513  8318   47K     0   13.60   13.60
c rst  geom  stb   vs   897  416K     673  1120     0    5.50    5.50  4513  8351   49K     0   13.62   13.62
c rst  geom  stb   vs   898  418K     673  1120     0    5.50    5.50  4514  8477   51K     0   13.60   13.60
c rst  geom  stb   vs   899  421K     673  1120     0    5.50    5.50  4709  8839   39K     0   13.20   13.20
c rst  geom ibes   vs   900  423K     673  1120     0    5.50    5.50  4713  9131   41K     0   13.13   13.13
c [distill-bin] useful: 0/0/0 lits-rem: 0 cl-rem: 0 0-depth-assigns: 0 T: 0.00 T-out: N
c rst  geom ibes   vs   901  426K     673  1120     0    5.50    5.50  4714  9289   44K     0   13.11   13.11
c rst  geom ibes   vs   902  430K     673  1120     0    5.50    5.50  5144  8783   47K     1   13.01   13.01
c [distill-long-red0] cls tried: 589/589 T: 0.16 T-out: N T-r: 99.65%
c [distill-long-red1] cls tried: 300/7088 T: 0.15 T-out: Y T-r: -0.27%
c [full-probe]  bin_only: 1 set: 0 repl: 0 T: 0.00 T-out: N T-r: 99.96%
c rst  geom ibes   vs   903  433K     673  1120     0    5.50    5.50  5028  9292   51K   140   12.91   12.89
c [distill] watch-based irred--  cl tried     2240 cl-sh     0 cl-rem    0 lit-rem      0 T: 0.02 T-out: N
c [distill] watch-based   red--  cl tried     3886 cl-sh    79 cl-rem   94 lit-rem     79 T: 0.07 T-out: Y
c rst  geom  svd   vs   904  437K     673  1120     0    5.50    5.50  4995 11693   38K   140   12.52   12.49
c [branch] adjusting to: vmtf (from: vsids) var_decay:0.95 descr: VMTF
c rst  luby  svd  vmt   905  437K     673  1120     0    5.50    5.50  4995 11695   38K   140   12.52   12.49
c rst  luby  svd  vmt   906  438K     673  1120     0    5.50    5.50  4995 11696   38K   140   12.53   12.50
c rst  luby  svd  vmt   907  438K     673  1120     0    5.50    5.50  4995 11696   38K   140   12.54   12.52
c rst  luby  svd  vmt   908  438K     673  1120     0    5.50    5.50  4995 11696   38K   140   12.55   12.52
c rst  luby  svd  vmt   909  438K     673  1120     0    5.50    5.50  4995 11697   38K   140   12.55   12.53
c rst  luby  svd  vmt   910  438K     673  1120     0    5.50    5.50  4995 11701   38K   140   12.56   12.53
c rst  luby  svd  vmt   911  439K     673  1120     0    5.50    5.50  4995 11708   39K   140   12.58   12.56
c rst  luby  svd  vmt   912  439K     673  1120     0    5.50    5.50  4995 11708   39K   140   12.59   12.57
c rst  luby  svd  vmt   913  439K     673  1120     0    5.50    5.50  4995 11709   39K   140   12.60   12.57
c rst  luby  svd  vmt   914  439K     673  1120     0    5.50    5.50  4995 11710   39K   140   12.61   12.59
c rst  luby  svd  vmt   915  439K     673  1120     0    5.50    5.50  4995 11712   39K   140   12.62   12.59
c rst  luby  svd  vmt   916  439K     673  1120     0    5.50    5.50  4995 11718   39K   140   12.62   12.59
c rst  luby  svd  vmt   917  439K     673  1120     0    5.50    5.50  4995 11734   40K   140   12.62   12.59
c rst  luby  svd  vmt   918  440K     673  1120     0    5.50    5.50  5206 10804   41K   140   12.64   12.61
c rst  luby  svd  vmt   919  441K     673  1120     0    5.50    5.50  5210 10911   41K   140   12.64   12.61
c rst  luby  svd  vmt   920  441K     673  1120     0    5.50    5.50  5210 10915   42K   140   12.64   12.61
c rst  luby  svd  vmt   921  441K     673  1120     0    5.50    5.50  5210 10917   42K   140   12.64   12.61
c rst  luby  svd  vmt   922  441K     673  1120     0    5.50    5.50  5210 10917   42K   140   12.65   12.63
c rst  luby  svd  vmt   923  441K     673  1120     0    5.50    5.50  5210 10917   42K   140   12.65   12.63
c rst  luby  svd  vmt   924  441K     673  1120     0    5.50    5.50  5210 10919   42K   140   12.66   12.64
c rst  luby  svd  vmt   925  441K     673  1120     0    5.50    5.50  5210 10919   42K   140   12.69   12.66
c rst  luby  svd  vmt   926  442K     673  1120     0    5.50    5.50  5210 10923   43K   140   12.70   12.68
c rst  luby  svd  vmt   927  442K     673  1120     0    5.50    5.50  5210 10926   43K   140   12.71   12.68
c rst  luby  svd  vmt   928  442K     673  1120     0    5.50    5.50  5210 10927   43K   140   12.71   12.69
c rst  luby  svd  vmt   929  442K     673  1120     0    5.50    5.50  5210 10928   43K   140   12.72   12.69
c rst  luby  svd  vmt   930  442K     673  1120     0    5.50    5.50  5210 10931   43K   140   12.72   12.70
c rst  luby  svd  vmt   931  442K     673  1120     0    5.50    5.50  5210 10937   43K   140   12.72   12.70
c rst  luby  svd  vmt   932  443K     673  1120     0    5.50    5.50  5211 10943   43K   140   12.73   12.70
c rst  luby  svd  vmt   933  443K     673  1120     0    5.50    5.50  5212 10956   44K   140   12.74   12.71
c rst  geom best  vmt   934  443K     673  1120     0    5.50    5.50  5212 10970   44K   140   12.73   12.71
c rst  geom best  vmt   935  443K     673  1120     0    5.50    5.50  5212 10973   44K   140   12.74   12.71
c rst  geom best  vmt   936  443K     673  1120     0    5.50    5.50  5213 10989   44K   140   12.73   12.71
c rst  geom best  vmt   937  444K     673  1120     0    5.50    5.50  5213 11002   44K   140   12.73   12.71
c [distill-bin] useful: 0/0/0 lits-rem: 0 cl-rem: 0 0-depth-assigns: 0 T: 0.00 T-out: N
c rst  geom best  vmt   938  444K     673  1120     0    5.50    5.50  5213 11007   44K   140   12.73   12.71
c rst  geom best  vmt   939  444K     673  1120     0    5.50    5.50  5214 11061   45K   140   12.72   12.70
c rst  geom best  vmt   940  444K     673  1120     0    5.50    5.50  5214 11063   45K   140   12.73   12.71
c rst  geom best  vmt   941  444K     673  1120     0    5.50    5.50  5214 11071   45K   140   12.73   12.71
c rst  geom best  vmt   942  445K     673  1120     0    5.50    5.50  5214 11073   45K   140   12.74   12.71
c rst  geom best  vmt   943  445K     673  1120     0    5.50    5.50  5214 11088   45K   140   12.73   12.71
c [distill-long-red0] cls tried: 348/348 T: 0.09 T-out: N T-r: 99.77%
c [distill-long-red1] cls tried: 288/9296 T: 0.19 T-out: Y T-r: -0.49%
c rst  geom best  vmt   944  445K     673  1120     0    5.50    5.50  5209 11140   46K   159   12.70   12.67
c rst  geom best  vmt   945  445K     673  1120     0    5.50    5.50  5209 11147   46K   159   12.70   12.67
c rst  geom best  vmt   946  446K     673  1120     0    5.50    5.50  5209 11155   46K   159   12.70   12.68
c rst  geom best  vmt   947  446K     673  1120     0    5.50    5.50  5209 11169   47K   159   12.71   12.68
c rst  geom best  vmt   948  447K     673  1120     0    5.50    5.50  5209 11216   47K   159   12.71   12.68
c rst  geom best  vmt   949  447K     673  1120     0    5.50    5.50  5212 11248   47K   159   12.71   12.68
c rst  geom best  vmt   950  447K     673  1120     0    5.50    5.50  5212 11251   48K   159   12.72   12.69
c rst  geom best  vmt   951  448K     673  1120     0    5.50    5.50  5215 11342   48K   159   12.71   12.68
c rst  geom best  vmt   952  449K     673  1120     0    5.50    5.50  5215 11377   49K   159   12.71   12.69
c rst  geom best  vmt   953  449K     673  1120     0    5.50    5.50  5215 11472   50K   159   12.70   12.67
c rst  geom best  vmt   954  450K     673  1120     0    5.50    5.50  5639 12691   35K   159   12.26   12.22
c [full-probe]  bin_only: 0 set: 0 repl: 0 T: 0.00 T-out: N T-r: 99.32%
c rst  geom best  vmt   955  451K     673  1120     0    5.50    5.50  5639 12757   36K   159   12.26   12.23
c rst  geom best  vmt   956  452K     673  1120     0    5.50    5.50  5641 12977   37K   159   12.23   12.20
c rst  geom best  vmt   957  453K     673  1120     0    5.50    5.50  5641 13038   37K   159   12.24   12.21
c rst  geom  stb  vmt   958  454K     673  1120     0    5.50    5.50  5641 13118   38K   159   12.26   12.24
c rst  geom  stb  vmt   959  455K     673  1120     0    5.50    5.50  5643 13183   40K   159   12.28   12.25
c rst  geom  stb  vmt   960  456K     673  1120     0    5.50    5.50  5644 13246   41K   159   12.29   12.27
c rst  geom  stb  vmt   961  457K     673  1120     0    5.50    5.50  5644 13387   42K   159   12.30   12.28
c rst  geom  stb  vmt   962  459K     673  1120     0    5.50    5.50  5655 13806   43K   160   12.25   12.23
c [distill] watch-based irred--  cl tried     2240 cl-sh     0 cl-rem    0 lit-rem      0 T: 0.02 T-out: N
c [distill] watch-based   red--  cl tried     3949 cl-sh   105 cl-rem   85 lit-rem    108 T: 0.07 T-out: Y
c rst  geom  stb  vmt   963  461K     673  1120     0    5.50    5.50  6154 12702   45K   161   12.22   12.19
c [distill-long-red0] cls tried: 1054/1054 T: 0.22 T-out: N T-r: 99.59%
c [distill-long-red1] cls tried: 598/11115 T: 0.19 T-out: Y T-r: -0.08%
c rst  geom  stb  vmt   964  463K     671  1120     0    5.50    5.50  5869 13072   47K   618   12.13   12.03
c rst  geom ibes  vmt   965  465K     667  1120     0    5.50    5.50  6217 16697   31K   641   11.53   11.42
c [distill-bin] useful: 0/0/0 lits-rem: 0 cl-rem: 0 0-depth-assigns: 0 T: 0.00 T-out: N
c [impl-str] lit bin: 0 set-var: 0 T: 0.00 T-out: N T-r: 99.97% w-visit: 1358
c [impl-sub] bin: 600 T: 0.00 T-out: N w-visit: 1358
c rst  geom ibes  vmt   966  466K     446   150    34    3.91    3.55    41     1     0    13    3.98    3.51
c ------- FINAL TOTAL SEARCH STATS ---------
c UIP search time          : 43.24       (97.83     % time)
c All times are for this thread only except if explicitly specified
c restarts                 : 966         (482.81    confls per restart)
c blocked restarts         : 0           (0.00      per normal restart)
c time                     : 43.24       
c decisions                : 515492      (0.00      % random)
c propagations             : 25M         (595K      props/s)
c decisions/conflicts      : 1.11        
c conflicts                : 466391      
c LEARNT stats
c units learnt             : 17          (0.00      % of conflicts)
c bins learnt              : 81          (0.02      % of conflicts)
c long learnt              : 466292      (99.98     % of conflicts)
c red which0               : 812         (0.17      % of confl)
c SEAMLESS HYPERBIN&TRANS-RED stats
c advProp called           : 0           
c hyper-bin add bin        : 0           (0.00      bin/call)
c trans-red rem irred bin  : 0           (0.00      bin/call)
c trans-red rem red bin    : 0           (0.00      bin/call)
c CONFL LITS stats
c orig                     : 11629437    (24.93     lit/confl)
c recurs-min effective     : 398256      (85.39     % attempt successful)
c recurs-min lits          : 4222165     (36.31     % less overall)
c permDiff call%           : 3.10        (0.00      % attempt successful)
c permDiff lits-rem        : 0           (0.00      less lits/cl on attempts)
c further-min call%        : 0.00        (0.00      % attempt successful)
c bintri-min lits          : 0           (0.00      % less overall)
c final avg                : 15.88       
c all-threads sum CPU time : 43.24        s
c PROP stats
c Mbogo-props              : 899.04      (20.79     / sec)
c MHyper-props             : 0.00        (0.00      / sec)
c Mprops                   : 25.75       (0.60      / sec)
c -------- OccSimplifier STATS ----------
c time                     : 0.75        (0.00      % var-elim)
c called                   : 4           (0.19      s per call)
c 0-depth assigns          : 0           (0.00      % vars)
c -------- OccSimplifier STATS END ----------
c -------- SubsumeStrengthen STATS ----------
c cl-subs                  : 2498         Clauses
c cl-str rem lit           : 1090         Lits
c cl-sub T                 : 0.14         s
c cl-str T                 : 0.51         s
c -------- SubsumeStrengthen STATS END ----------
c ----- SCC STATS --------
c time                     : 0.00        (0.00      per call)
c called                   : 10          (1.40      new found per call)
c found                    : 14          (53.85     % of all found)
c bogoprops                : 270159      % of all found
c ----- SCC STATS END --------
c --------- VAR REPLACE STATS ----------
c time                     : 0.05        (0.01      per call)
c trees' crown             : 13          (0.73      % of vars)
c 0-depth assigns          : 0           (0.00      % vars)
c lits replaced            : 6006        
c bin cls removed          : 65          
c long cls removed         : 8           
c long lits removed        : 127         
c bogoprops                : 1430291     
c --------- VAR REPLACE STATS END ----------
c vrep replace time        : 0.05        (0.11      % time)
c vrep tree roots          : 11          
c vrep trees' crown        : 13          (1.18      leafs/tree)
c -------- DISTILL-BIN STATS --------
c time                     : 0.01        (0.00      per call)
c timed out                : 0           (0.00      % of calls)
c distill/checked/potential: 0          /399/399
c lits-rem                 : 0           
c 0-depth-assigns          : 0           (0.00      % of vars)
c -------- DISTILL STATS END --------
c -------- STRENGTHEN STATS --------
c --> watch-based on irred cls
c time                     : 0.27        (0.01      s/call)
c shrinked/tried/total     : 0          /63808/63808
c subsumed/tried/total     : 0          /63808/63808
c lits-rem                 : 0           (0.00      % of lits tried)
c called                   : 36          (0.00      % ran out of time)
c --> watch-based on red cls
c time                     : 0.71        (0.02      s/call)
c shrinked/tried/total     : 186        /61112/92502
c subsumed/tried/total     : 183        /61112/92502
c lits-rem                 : 189         (0.04      % of lits tried)
c called                   : 36          (87194.44  % ran out of time)
c -------- STRENGTHEN STATS END --------
c -------- IMPLICIT SUB  STATS --------
c time                     : 0.01        (0.00      per call)
c timed out                : 0           (0.00      % of calls)
c rem bins                 : 623         
c -------- IMPLICIT SUB STATS END --------
c Mem used                 : 0           MB
c Mem for longclauses      : 6           MB (0.00      %)
c Mem for watch alloc      : 8           MB (0.00      %)
c Mem for watch array      : 0           MB (0.00      %)
c Mem for assings&vardata  : 0           MB (0.00      %)
c Mem for search&solve     : 0           MB (0.00      %)
c Mem for renumberer       : 0           MB (0.00      %)
c Mem for occsimplifier    : 0           MB (0.00      %)
c Mem for varReplacer&SCC  : 0           MB (0.00      %)
c Mem for impl subsume     : 0           MB (0.00      %)
c Mem for 3 distills       : 0           MB (0.00      %)
c Accounted for mem (rss)  : 0.00        %
c Accounted for mem (vm)   : 0.00        %
c restarts                 : 966         (482.81    confls per restart)
c blocked restarts         : 0           (0.00      per normal restart)
c time                     : 43.24       
c decisions                : 515492      (0.00      % random)
c propagations             : 25M         (595K      props/s)
c decisions/conflicts      : 1.11        
c conflicts                : 466391      
c conf lits non-minim      : 11629437    (24.93     lit/confl)
c conf lits final          : 15.88       
c red which0               : 812         (0.17      % of confl)
c props/decision           : 0.00        
c props/conflict           : 0.00        
c 0-depth assigns          : 227         (33.43     % vars)
c 0-depth assigns by CNF   : 0           (0.00      % vars)
c reduceDB time            : 0.13        (0.30      % time)
c OccSimplifier time       : 0.75        (1.69      % time)
c [occur] 0.09 is overhead
c [occur] link-in T: 0.07 cleanup T: 0.02
c [occ-substr] long subBySub: 2253 subByStr: 245 lits-rem-str: 1090 T: 0.65
c SCC time                 : 0.00        (0.00      % time)
c [scc] new: 14 BP 0M T: 0.00
c vrep replace time        : 0.05        (0.11      % time)
c vrep tree roots          : 11          
c vrep trees' crown        : 13          (1.18      leafs/tree)
c distill long time        : 5.26        (11.91     % time)
c distill bin time         : 0.01        (0.02      % time)
c strength cache-irred time: 0.27        (0.61      % time)
c strength cache-red time  : 0.71        (1.61      % time)
c avg cls in red 0         : 2450.06     
c avg cls in red 1         : 4929.98     
c avg cls in red 2         : 41127.73    
c Conflicts in UIP         : 466391      (10552.53  confl/time_this_thread)
c Mem used                 : 0.00        MB
c Total time (this thread) : 44.20       
s UNSATISFIABLE
c [g 0] truth-find prop checks  : 8196K
c [g 0] -> of which prop        : 62.84 %
c [g 0] -> of which confl       :  0.32 %
c [g 0] elim called             : 80K
c [g 0] ---> which lead to prop : 1370.70 %
c [g 0] ---> which lead to confl:  3.86 %
c [g 0] size: 633   x 672  
