c CMS SHA1: GIT-notfound
c CryptoMiniSat version 5.14.7
c CMS compilation env CMAKE_CXX_COMPILER = clang++ | CMAKE_CXX_FLAGS =  -fno-stack-protector -msse4.2 -Wno-bitfield-constant-conversion -Wlogical-op -Wrestrict -Wnull-dereference -Wdouble-promotion -Wshadow -Wformat=2 -Wextra-semi -pedantic | COMPILE_DEFINES =  -DNDEBUG -D_FORTIFY_SOURCE=0 -DUSE_ZLIB | BUILD_SHARED_LIBS = ON | ONLY_SIMPLE =  | STATS = OFF | SQLITE3_FOUND =  | ZLIB_FOUND = TRUE | VALGRIND_FOUND =  | ENABLE_TESTING = OFF | SLOW_DEBUG = OFF | ENABLE_ASSERTIONS = OFF | PYTHON_EXECUTABLE =  | PYTHON_LIBRARY =  | PYTHON_INCLUDE_DIRS =  | MY_TARGETS =  | LARGEMEM = OFF | LIMITMEM = OFF | BREAKID_LIBRARIES =  | BREAKID-VER = . | c c Using VMTF, picosat, CaDiCaL, and CadiBack code by Armin Biere
c CMS is MIT licensed
c Using code from 'When Boolean Satisfiability Meets Gauss-E. in a Simplex Way'
c       by C.-S. Han and J.-H. Roland Jiang in CAV 2012. Fixes by M. Soos
c Using CCAnr from 'CCAnr: A Conf. Checking Based Local Search Solver [...]'
c       by Shaowei Cai, Chuan Luo, and Kaile Su, SAT 2015
c Using Oracle code from 'Integrating Tree Decompositions [...]'
c       by Tuukka Korhonen and Matti Jarvisalo, CP 2021
c Executed with command line: cryptominisat5 --verb 1 residual_1_2.cnf
c Reading file 'residual_1_2.cnf'
c o -- header says num vars:           1786
c o -- header says num clauses:        7089
c -- clauses added: 7089
c -- xor clauses added: 0
c -- vars added 1786
c Parsing time: 0.00 s
c [branch] adjusting to: vsids (from: vsids) var_decay:0.95 descr: VSIDS
c rst  geom  stb   vs     1   111    1786  6984   105    3.00    2.99     9    21    81     0   18.14   18.14
c rst  geom  stb   vs     2   234    1786  6984   105    3.00    2.99    11    34   189     0   18.33   18.33
c  res  pol bran  nres  conf freevar  IrrL  IrrB l/longC  l/allC RedL0 RedL1 RedL2  RedB l/longC  l/allC
c rst  geom  stb   vs     3   370    1786  6984   105    3.00    2.99    15    41   314     0   18.79   18.79
c rst  geom  stb   vs     4   517    1786  6984   105    3.00    2.99    20    45   451     1   19.12   19.09
c rst  geom  stb   vs     5   679    1786  6984   105    3.00    2.99    22    50   606     1   19.17   19.15
c rst  geom  stb   vs     6   857    1786  6984   105    3.00    2.99    25    53   778     1   19.13   19.11
c rst  geom  stb   vs     7  1051    1786  6984   105    3.00    2.99    27    54   969     1   19.08   19.06
c rst  geom  stb   vs     8  1267    1786  6984   105    3.00    2.99    31    58  1177     1   19.11   19.09
c rst  geom  stb   vs     9  1502    1786  6984   105    3.00    2.99    31    60  1410     1   19.09   19.08
c rst  geom  stb   vs    10  1759    1786  6984   105    3.00    2.99    31    63  1664     1   18.90   18.89
c rst  geom  stb   vs    11  2043    1786  6984   105    3.00    2.99    31    73  1938     1   18.77   18.76
c rst  geom  stb   vs    12  2355    1786  6984   105    3.00    2.99    31    86  2237     1   18.57   18.57
c rst  geom  stb   vs    13  2695    1786  6984   105    3.00    2.99    32    91  2571     1   18.47   18.46
c rst  geom  stb   vs    14  3069    1786  6984   105    3.00    2.99    32    95  2941     1   18.49   18.48
c rst  geom  stb   vs    15  3479    1786  6984   105    3.00    2.99    37   100  3341     1   18.45   18.44
c rst  geom  stb   vs    16  3930    1786  6984   105    3.00    2.99    39   106  3784     1   18.32   18.32
c rst  geom  stb   vs    17  4424    1786  6984   105    3.00    2.99    44   108  4271     1   18.28   18.27
c rst  geom  stb   vs    18  4968    1786  6984   105    3.00    2.99    52   114  4801     1   18.13   18.13
c rst  geom  stb   vs    19  5565    1786  6984   105    3.00    2.99    58   119  5387     1   18.11   18.10
c [branch] adjusting to: vmtf (from: vsids) var_decay:0.95 descr: VMTF
c [distill-long-red0] cls tried: 58/58 T: 0.00 T-out: N T-r: 100.00%
c [distill-long-red1] cls tried: 119/119 T: 0.00 T-out: N T-r: 98.64%
c rst  luby ibes  vmt    20  5666    1786  6984   105    3.00    2.99    62   128  5474     2   18.08   18.08
c rst  luby ibes  vmt    21  5767    1786  6984   105    3.00    2.99    65   131  5569     2   18.12   18.11
c rst  luby ibes  vmt    22  5968    1786  6984   105    3.00    2.99    79   142  5743     4   18.13   18.12
c rst  luby ibes  vmt    23  6069    1786  6984   105    3.00    2.99    80   143  5842     4   18.20   18.19
c rst  luby ibes  vmt    24  6171    1786  6984   105    3.00    2.99    82   144  5941     4   18.29   18.28
c rst  luby ibes  vmt    25  6373    1786  6984   105    3.00    2.99   108   186  6075     4   18.24   18.23
c rst  luby ibes  vmt    26  6775    1786  6984   105    3.00    2.99   113   206  6452     4   18.38   18.37
c rst  luby ibes  vmt    27  6876    1786  6984   105    3.00    2.99   117   218  6537     4   18.36   18.35
c rst  luby ibes  vmt    28  6977    1786  6984   105    3.00    2.99   127   226  6620     4   18.38   18.37
c rst  luby ibes  vmt    29  7178    1786  6984   105    3.00    2.99   143   252  6779     4   18.35   18.34
c rst  luby ibes  vmt    30  7279    1786  6984   105    3.00    2.99   148   263  6864     4   18.35   18.34
c rst  luby ibes  vmt    31  7382    1786  6984   105    3.00    2.99   164   273  6941     4   18.34   18.33
c rst  luby ibes  vmt    32  7583    1786  6984   105    3.00    2.99   184   298  7096     5   18.31   18.30
c rst  luby ibes  vmt    33  7985    1786  6984   105    3.00    2.99   187   310  7483     5   18.44   18.43
c rst  luby ibes  vmt    34  8786    1786  6984   105    3.00    2.99   201   323  8257     5   18.53   18.52
c rst  luby ibes  vmt    35  8887    1786  6984   105    3.00    2.99   202   325  8355     5   18.57   18.56
c rst  luby ibes  vmt    36  8990    1786  6984   105    3.00    2.99   204   326  8454     6   18.59   18.58
c rst  luby ibes  vmt    37  9192    1786  6984   105    3.00    2.99   205   333  8648     6   18.60   18.59
c rst  luby ibes  vmt    38  9293    1786  6984   105    3.00    2.99   207   334  8746     6   18.60   18.59
c rst  luby ibes  vmt    39  9394    1786  6984   105    3.00    2.99   209   336  8843     6   18.63   18.62
c rst  luby ibes  vmt    40  9595    1786  6984   105    3.00    2.99   210   350  9029     6   18.65   18.64
c rst  luby ibes  vmt    41  9996    1786  6984   105    3.00    2.99   214   353  9423     6   18.68   18.67
c rst  luby ibes  vmt    42 10097    1786  6984   105    3.00    2.99   387   186  9518     6   18.69   18.68
c rst  luby ibes  vmt    43 10198    1786  6984   105    3.00    2.99   387   191  9614     6   18.70   18.69
c rst  luby ibes  vmt    44 10399    1786  6984   105    3.00    2.99   395   194  9804     6   18.73   18.72
c rst  luby ibes  vmt    45 10500    1786  6984   105    3.00    2.99   397   196  9901     6   18.75   18.74
c rst  luby ibes  vmt    46 10602    1786  6984   105    3.00    2.99   398   199  9999     6   18.76   18.75
c rst  luby ibes  vmt    47 10803    1786  6984   105    3.00    2.99   398   203 10196     6   18.77   18.76
c rst  luby  svd  vmt    48 11206    1786  6984   105    3.00    2.99   400   217 10583     6   18.83   18.82
c rst  luby  svd  vmt    49 12008    1786  6984   105    3.00    2.99   421   235 11344     8   18.84   18.83
c [branch] adjusting to: vsids (from: vmtf) var_decay:0.95 descr: VSIDS
c [distill-bin] useful: 0/105/105 lits-rem: 0 cl-rem: 0 0-depth-assigns: 0 T: 0.00 T-out: N
c rst  geom  svd   vs    50 12121    1786  6984   105    3.00    2.99   421   241 11451     8   18.84   18.82
c rst  geom  svd   vs    51 12245    1786  6984   105    3.00    2.99   422   242 11573     8   18.82   18.81
c rst  geom  svd   vs    52 12380    1786  6984   105    3.00    2.99   422   246 11704     8   18.85   18.84
c rst  geom  svd   vs    53 12527    1786  6984   105    3.00    2.99   422   250 11847     8   18.86   18.84
c rst  geom  svd   vs    54 12689    1786  6984   105    3.00    2.99   425   258 11998     8   18.84   18.83
c rst  geom  svd   vs    55 12866    1786  6984   105    3.00    2.99   425   261 12172     8   18.84   18.83
c rst  geom  svd   vs    56 13061    1786  6984   105    3.00    2.99   428   262 12363     8   18.84   18.83
c rst  geom  svd   vs    57 13275    1786  6984   105    3.00    2.99   433   272 12562     8   18.82   18.81
c rst  geom  svd   vs    58 13509    1786  6984   105    3.00    2.99   433   277 12791     8   18.86   18.85
c rst  geom  svd   vs    59 13767    1786  6984   105    3.00    2.99   438   285 13036     8   18.84   18.83
c rst  geom  svd   vs    60 14050    1786  6984   105    3.00    2.99   438   291 13313     8   18.82   18.81
c rst  geom  svd   vs    61 14360    1786  6984   105    3.00    2.99   439   294 13619     8   18.81   18.80
c rst  geom  svd   vs    62 14700    1786  6984   105    3.00    2.99   441   301 13950     8   18.80   18.79
c rst  geom  svd   vs    63 15073    1786  6984   105    3.00    2.99   465   742 13858     8   18.78   18.77
c rst  geom  svd   vs    64 15483    1786  6984   105    3.00    2.99   467   746 14262     8   18.75   18.74
c rst  geom  svd   vs    65 15934    1786  6984   105    3.00    2.99   470   751 14705     8   18.74   18.74
c rst  geom  svd   vs    66 16428    1786  6984   105    3.00    2.99   474   760 15186     8   18.72   18.72
c rst  geom best   vs    67 16972    1786  6984   105    3.00    2.99   476   766 15722     8   18.72   18.71
c rst  geom best   vs    68 17570    1786  6984   105    3.00    2.99   478   777 16307     8   18.72   18.71
c rst  geom best   vs    69 18226    1786  6984   105    3.00    2.99   486   785 16947     8   18.70   18.69
c [branch] adjusting to: vmtf (from: vsids) var_decay:0.95 descr: VMTF
c rst  luby best  vmt    70 18327    1786  6984   105    3.00    2.99   487   786 17046     8   18.71   18.70
c rst  luby best  vmt    71 18431    1786  6984   105    3.00    2.99   489   790 17144     8   18.71   18.70
c rst  luby best  vmt    72 18633    1786  6984   105    3.00    2.99   491   796 17338     8   18.76   18.75
c rst  luby best  vmt    73 18734    1786  6984   105    3.00    2.99   491   802 17433     8   18.77   18.76
c rst  luby best  vmt    74 18836    1786  6984   105    3.00    2.99   496   810 17521     9   18.78   18.77
c rst  luby best  vmt    75 19038    1786  6984   105    3.00    2.99   504   825 17700     9   18.79   18.79
c rst  luby best  vmt    76 19439    1786  6984   105    3.00    2.99   532   887 18011     9   18.77   18.76
c rst  luby best  vmt    77 19541    1786  6984   105    3.00    2.99   535   899 18098     9   18.77   18.76
c rst  luby best  vmt    78 19643    1786  6984   105    3.00    2.99   536   904 18194     9   18.78   18.77
c rst  luby best  vmt    79 19844    1786  6984   105    3.00    2.99   559   920 18355    10   18.79   18.78
c rst  luby best  vmt    80 19946    1786  6984   105    3.00    2.99   559   922 18455    10   18.81   18.80
c rst  luby best  vmt    81   20K    1786  6984   105    3.00    2.99   729   757 18552    10   18.82   18.81
c [full-probe]  bin_only: 1 set: 0 repl: 0 T: 0.00 T-out: N T-r: 99.96%
c rst  luby best  vmt    82   20K    1786  6984   107    3.00    2.98   730   766 18744    10   18.82   18.82
c rst  luby best  vmt    83   20K    1786  6984   107    3.00    2.98   735   773 19133    10   18.86   18.86
c [distill-long-red0] cls tried: 628/628 T: 0.01 T-out: N T-r: 99.98%
c [distill-long-red1] cls tried: 704/704 T: 0.06 T-out: N T-r: 64.92%
c rst  luby best  vmt    84   21K    1786  6984   107    3.00    2.98   731   801 19902    19   18.90   18.89
c rst  luby best  vmt    85   21K    1786  6984   107    3.00    2.98   736   808 19991    20   18.91   18.90
c rst  luby best  vmt    86   21K    1786  6984   107    3.00    2.98   739   821   20K    20   18.91   18.90
c rst  luby  stb  vmt    87   21K    1786  6984   107    3.00    2.98   740   825   20K    20   18.90   18.89
c rst  luby  stb  vmt    88   21K    1786  6984   107    3.00    2.98   741   828   20K    20   18.91   18.89
c rst  luby  stb  vmt    89   22K    1786  6984   107    3.00    2.98   742   837   20K    20   18.92   18.90
c rst  luby  stb  vmt    90   22K    1786  6984   107    3.00    2.98   746   860   20K    20   18.91   18.90
c rst  luby  stb  vmt    91   22K    1786  6984   107    3.00    2.98   749   869   21K    20   18.93   18.91
c rst  luby  stb  vmt    92   22K    1786  6984   107    3.00    2.98   749   874   21K    20   18.93   18.92
c rst  luby  stb  vmt    93   22K    1786  6984   107    3.00    2.98   750   879   21K    20   18.94   18.92
c rst  luby  stb  vmt    94   23K    1786  6984   107    3.00    2.98   753   880   21K    20   18.92   18.91
c rst  luby  stb  vmt    95   23K    1786  6984   107    3.00    2.98   753   883   21K    20   18.94   18.92
c rst  luby  stb  vmt    96   23K    1786  6984   107    3.00    2.98   754   884   21K    20   18.94   18.92
c rst  luby  stb  vmt    97   23K    1786  6984   107    3.00    2.98   757   885   21K    20   18.95   18.94
c rst  luby  stb  vmt    98   23K    1786  6984   107    3.00    2.98   757   889   22K    20   18.94   18.92
c rst  luby  stb  vmt    99   24K    1786  6984   107    3.00    2.98   770   911   22K    20   18.96   18.95
c rst  luby  stb  vmt   100   26K    1786  6984   107    3.00    2.98   774   940   24K    20   18.94   18.93
c [branch] adjusting to: vsids (from: vmtf) var_decay:0.95 descr: VSIDS
c [distill] watch-based irred--  cl tried    13968 cl-sh     0 cl-rem    0 lit-rem      0 T: 0.01 T-out: N
c [distill] watch-based   red--  cl tried     1544 cl-sh     0 cl-rem    4 lit-rem      0 T: 0.00 T-out: N
c rst  geom  stb   vs   101   26K    1786  6984   107    3.00    2.98   770   941   24K    20   18.95   18.93
c rst  geom  stb   vs   102   26K    1786  6984   107    3.00    2.98   770   941   24K    20   18.94   18.92
c rst  geom  stb   vs   103   26K    1786  6984   107    3.00    2.98   771   942   24K    20   18.93   18.92
c rst  geom  stb   vs   104   26K    1786  6984   107    3.00    2.98   771   943   25K    20   18.92   18.91
c rst  geom  stb   vs   105   26K    1786  6984   107    3.00    2.98   771   944   25K    20   18.91   18.90
c rst  geom ibes   vs   106   27K    1786  6984   107    3.00    2.98   772   948   25K    20   18.91   18.90
c rst  geom ibes   vs   107   27K    1786  6984   107    3.00    2.98   773   950   25K    20   18.91   18.90
c rst  geom ibes   vs   108   27K    1786  6984   107    3.00    2.98   776   951   25K    20   18.90   18.89
c rst  geom ibes   vs   109   27K    1786  6984   107    3.00    2.98   776   952   26K    20   18.90   18.89
c rst  geom ibes   vs   110   28K    1786  6984   107    3.00    2.98   776   955   26K    20   18.90   18.89
c rst  geom ibes   vs   111   28K    1786  6984   107    3.00    2.98   784   962   26K    20   18.90   18.89
c rst  geom ibes   vs   112   28K    1786  6984   107    3.00    2.98   786   968   26K    20   18.89   18.88
c rst  geom ibes   vs   113   28K    1786  6984   107    3.00    2.98   788   969   27K    21   18.88   18.87
c rst  geom ibes   vs   114   29K    1786  6984   107    3.00    2.98   791   973   27K    21   18.87   18.86
c rst  geom ibes   vs   115   29K    1786  6984   107    3.00    2.98   793   979   27K    21   18.86   18.85
c rst  geom ibes   vs   116   30K    1786  6984   107    3.00    2.98   935  1320   26K    21   18.76   18.75
c rst  geom ibes   vs   117   30K    1786  6984   107    3.00    2.98   936  1324   26K    21   18.75   18.74
c rst  geom ibes   vs   118   31K    1786  6984   107    3.00    2.98   937  1327   27K    21   18.74   18.72
c rst  geom ibes   vs   119   31K    1786  6984   107    3.00    2.98   938  1332   27K    21   18.72   18.71
c rst  geom ibes   vs   120   32K    1786  6984   107    3.00    2.98   941  1338   28K    21   18.72   18.71
c [distill-bin] useful: 0/107/107 lits-rem: 0 cl-rem: 0 0-depth-assigns: 0 T: 0.00 T-out: N
c rst  geom  svd   vs   121   33K    1786  6984   107    3.00    2.98   944  1341   29K    21   18.74   18.73
c rst  geom  svd   vs   122   34K    1786  6984   107    3.00    2.98   945  1351   30K    21   18.71   18.70
c [branch] adjusting to: vmtf (from: vsids) var_decay:0.95 descr: VMTF
c rst  luby  svd  vmt   123   34K    1786  6984   107    3.00    2.98   948  1363   30K    21   18.71   18.70
c rst  luby  svd  vmt   124   34K    1786  6984   107    3.00    2.98   949  1369   30K    21   18.72   18.70
c rst  luby  svd  vmt   125   34K    1786  6984   107    3.00    2.98   949  1371   30K    21   18.72   18.71
c rst  luby  svd  vmt   126   34K    1786  6984   107    3.00    2.98   949  1376   30K    21   18.72   18.71
c rst  luby  svd  vmt   127   34K    1786  6984   107    3.00    2.98   951  1379   30K    21   18.73   18.72
c rst  luby  svd  vmt   128   34K    1786  6984   107    3.00    2.98   964  1395   30K    21   18.74   18.73
c rst  luby  svd  vmt   129   35K    1786  6984   107    3.00    2.98   974  1406   31K    21   18.77   18.76
c rst  luby  svd  vmt   130   35K    1786  6984   107    3.00    2.98   976  1409   31K    21   18.78   18.77
c rst  luby  svd  vmt   131   35K    1786  6984   107    3.00    2.98   978  1414   31K    21   18.78   18.77
c rst  luby  svd  vmt   132   35K    1786  6984   107    3.00    2.98   979  1422   31K    21   18.78   18.77
c rst  luby  svd  vmt   133   35K    1786  6984   107    3.00    2.98   980  1422   31K    21   18.78   18.77
c [distill-long-red0] cls tried: 200/200 T: 0.01 T-out: N T-r: 99.97%
c [distill-long-red1] cls tried: 553/706 T: 0.09 T-out: Y T-r: -0.11%
c rst  luby  svd  vmt   134   35K    1786  6984   107    3.00    2.98   978  1423   31K    24   18.77   18.76
c rst  luby  svd  vmt   135   36K    1786  6984   107    3.00    2.98   985  1443   31K    25   18.78   18.76
c rst  luby  svd  vmt   136   36K    1786  6984   107    3.00    2.98   989  1448   32K    25   18.77   18.76
c rst  luby  svd  vmt   137   37K    1786  6984   107    3.00    2.98   989  1466   33K    25   18.76   18.75
c rst  luby  svd  vmt   138   37K    1786  6984   107    3.00    2.98   989  1467   33K    25   18.77   18.76
c rst  luby  svd  vmt   139   37K    1786  6984   107    3.00    2.98   989  1473   33K    25   18.77   18.76
c rst  luby  svd  vmt   140   37K    1786  6984   107    3.00    2.98   996  1488   33K    25   18.76   18.75
c rst  luby  svd  vmt   141   37K    1786  6984   107    3.00    2.98   996  1495   33K    25   18.77   18.76
c rst  luby  svd  vmt   142   37K    1786  6984   107    3.00    2.98   997  1498   33K    25   18.77   18.76
c rst  luby  svd  vmt   143   38K    1786  6984   107    3.00    2.98   997  1504   33K    25   18.77   18.76
c rst  geom best  vmt   144   38K    1786  6984   107    3.00    2.98   997  1505   34K    25   18.77   18.76
c rst  geom best  vmt   145   38K    1786  6984   107    3.00    2.98   997  1511   34K    25   18.77   18.76
c rst  geom best  vmt   146   38K    1786  6984   107    3.00    2.98   997  1511   34K    25   18.78   18.77
c rst  geom best  vmt   147   38K    1786  6984   107    3.00    2.98   998  1513   34K    25   18.77   18.76
c rst  geom best  vmt   148   38K    1786  6984   107    3.00    2.98  1003  1519   34K    26   18.77   18.76
c rst  geom best  vmt   149   38K    1786  6984   107    3.00    2.98  1004  1526   34K    26   18.77   18.76
c rst  geom best  vmt   150   39K    1786  6984   107    3.00    2.98  1004  1534   34K    26   18.78   18.77
c rst  geom best  vmt   151   39K    1786  6984   107    3.00    2.98  1008  1546   35K    26   18.78   18.76
c rst  geom best  vmt   152   39K    1786  6984   107    3.00    2.98  1009  1551   35K    26   18.78   18.77
c rst  geom best  vmt   153   39K    1786  6984   107    3.00    2.98  1009  1553   35K    26   18.79   18.78
c rst  geom best  vmt   154   40K    1786  6984   107    3.00    2.98  1152  1413   35K    26   18.79   18.78
c [full-probe]  bin_only: 0 set: 0 repl: 0 T: 0.00 T-out: N T-r: 99.11%
c [impl-str] lit bin: 0 set-var: 0 T: 0.00 T-out: N T-r: 99.97% w-visit: 3572
c [impl-sub] bin: 16 T: 0.00 T-out: N w-visit: 3572
c rst  geom best  vmt   155   40K    1786  6984   113    3.00    2.98  1152  1417   36K    10   18.80   18.79
c rst  geom best  vmt   156   40K    1786  6984   113    3.00    2.98  1152  1421   36K    10   18.79   18.79
c rst  geom best  vmt   157   41K    1786  6984   113    3.00    2.98  1166  1459   36K    10   18.79   18.79
c rst  geom best  vmt   158   41K    1786  6984   113    3.00    2.98  1167  1482   37K    10   18.80   18.79
c rst  geom best  vmt   159   41K    1786  6984   113    3.00    2.98  1176  1498   37K    10   18.80   18.80
c rst  geom best  vmt   160   42K    1786  6984   113    3.00    2.98  1180  1514   38K    10   18.82   18.82
c [branch] adjusting to: vsids (from: vmtf) var_decay:0.95 descr: VSIDS
c rst  geom best   vs   161   42K    1786  6984   113    3.00    2.98  1182  1516   38K    10   18.82   18.81
c rst  geom best   vs   162   42K    1786  6984   113    3.00    2.98  1182  1516   38K    10   18.82   18.82
c rst  geom best   vs   163   42K    1786  6984   113    3.00    2.98  1182  1517   38K    10   18.82   18.81
c rst  geom best   vs   164   42K    1786  6984   113    3.00    2.98  1183  1520   38K    10   18.81   18.81
c rst  geom best   vs   165   43K    1786  6984   113    3.00    2.98  1184  1521   38K    10   18.81   18.81
c rst  geom best   vs   166   43K    1786  6984   113    3.00    2.98  1184  1521   38K    10   18.81   18.81
c rst  geom best   vs   167   43K    1786  6984   113    3.00    2.98  1185  1524   39K    10   18.81   18.80
c rst  geom  stb   vs   168   43K    1786  6984   113    3.00    2.98  1185  1532   39K    10   18.80   18.80
c rst  geom  stb   vs   169   43K    1786  6984   113    3.00    2.98  1186  1539   39K    10   18.80   18.80
c rst  geom  stb   vs   170   44K    1786  6984   113    3.00    2.98  1187  1544   39K    10   18.80   18.80
c [ccnr] tries: 0 steps: 262143 best found: 6
c [ccnr] tries: 0 steps: 524287 best found: 6
c [ccnr] tries: 0 steps: 786431 best found: 6
c [ccnr] tries: 1 steps: 262143 best found: 6
c [ccnr] tries: 1 steps: 524287 best found: 6
c [ccnr] tries: 1 steps: 786431 best found: 6
c [ccnr] saving best assignment phase to stable_polar
c [ccnr] bumping based on clause weights
c [ccnr] Bumped vars: 101 bump type: 6
c [ccnr] time: 0.70
c rst  geom  stb   vs   171   44K    1786  6984   113    3.00    2.98  1188  1555   40K    10   18.82   18.81
c rst  geom  stb   vs   172   44K    1786  6984   113    3.00    2.98  1189  1561   40K    10   18.82   18.81
c rst  geom  stb   vs   173   45K    1786  6984   113    3.00    2.98  1202  2137   31K    10   18.53   18.53
c rst  geom  stb   vs   174   45K    1786  6984   113    3.00    2.98  1207  2149   32K    10   18.54   18.53
c rst  geom  stb   vs   175   45K    1786  6984   113    3.00    2.98  1209  2150   32K    10   18.53   18.52
c rst  geom  stb   vs   176   46K    1786  6984   113    3.00    2.98  1209  2167   33K    10   18.52   18.52
c rst  geom  stb   vs   177   46K    1786  6984   113    3.00    2.98  1209  2175   33K    10   18.52   18.51
c rst  geom  stb   vs   178   47K    1786  6984   113    3.00    2.98  1210  2177   34K    10   18.51   18.51
c rst  geom  stb   vs   179   48K    1786  6984   113    3.00    2.98  1210  2182   34K    10   18.51   18.50
c rst  geom  stb   vs   180   48K    1786  6984   113    3.00    2.98  1212  2189   35K    10   18.48   18.48
c rst  geom  stb   vs   181   49K    1786  6984   113    3.00    2.98  1213  2192   36K    10   18.47   18.47
c rst  geom ibes   vs   182   50K    1786  6984   113    3.00    2.98  1332  2080   36K    10   18.48   18.48
c [scc] new: 3 BP 0M T: 0.00
c [vrep] vars 3 lits 1700 rem-bin-cls 14 rem-long-cls 2 BP 0M T: 0.00
c [scc] new: 0 BP 0M T: 0.00
c [vrep] vars 0 lits 0 rem-bin-cls 0 rem-long-cls 0 BP 0M T: 0.01
c [intree] Set 0 vars hyper-added: 0 trans-irred: 0 trans-red: 0 T: 0.00 T-out: N T-r: -2.31%
c [branch] rebuilding order heap for all branchings. Current branching: vsids
c rst  geom ibes   vs   183   51K    1783  6984   105    3.00    2.99  1332  2088   37K    10   18.47   18.46
c [distill-long-red0] cls tried: 308/308 T: 0.03 T-out: N T-r: 99.93%
c [distill-long-red1] cls tried: 399/867 T: 0.11 T-out: Y T-r: -0.34%
c rst  geom ibes   vs   184   52K    1783  6984   105    3.00    2.99  1330  2103   38K    12   18.45   18.45
c [distill] watch-based irred--  cl tried    13968 cl-sh     0 cl-rem    0 lit-rem      0 T: 0.02 T-out: N
c [distill] watch-based   red--  cl tried     2644 cl-sh     0 cl-rem   16 lit-rem      0 T: 0.01 T-out: N
c rst  geom ibes   vs   185   53K    1783  6984   105    3.00    2.99  1314  2116   39K    12   18.43   18.43
c [branch] adjusting to: vmtf (from: vsids) var_decay:0.95 descr: VMTF
c [distill-bin] useful: 0/105/105 lits-rem: 0 cl-rem: 0 0-depth-assigns: 0 T: 0.00 T-out: N
c rst  luby ibes  vmt   186   53K    1783  6984   105    3.00    2.99  1316  2124   39K    12   18.44   18.43
c rst  luby ibes  vmt   187   53K    1783  6984   105    3.00    2.99  1316  2126   39K    12   18.44   18.44
c rst  luby ibes  vmt   188   53K    1783  6984   105    3.00    2.99  1320  2135   40K    12   18.44   18.44
c rst  luby ibes  vmt   189   53K    1783  6984   105    3.00    2.99  1320  2141   40K    12   18.44   18.44
c rst  luby ibes  vmt   190   53K    1783  6984   105    3.00    2.99  1320  2147   40K    12   18.45   18.44
c rst  luby ibes  vmt   191   53K    1783  6984   105    3.00    2.99  1329  2162   40K    12   18.45   18.45
c rst  luby ibes  vmt   192   54K    1783  6984   105    3.00    2.99  1338  2181   40K    14   18.46   18.46
c rst  luby ibes  vmt   193   54K    1783  6984   105    3.00    2.99  1339  2182   40K    14   18.46   18.46
c rst  luby ibes  vmt   194   54K    1783  6984   105    3.00    2.99  1340  2182   40K    14   18.47   18.46
c rst  luby ibes  vmt   195   54K    1783  6984   105    3.00    2.99  1340  2185   41K    14   18.47   18.47
c rst  luby ibes  vmt   196   54K    1783  6984   105    3.00    2.99  1342  2189   41K    14   18.47   18.46
c rst  luby ibes  vmt   197   54K    1783  6984   105    3.00    2.99  1342  2193   41K    14   18.47   18.47
c rst  luby ibes  vmt   198   55K    1783  6984   105    3.00    2.99  1344  2196   41K    14   18.47   18.47
c rst  luby  svd  vmt   199   55K    1783  6984   105    3.00    2.99  1344  2201   41K    14   18.49   18.48
c rst  luby  svd  vmt   200   56K    1783  6984   105    3.00    2.99  1348  2208   42K    14   18.51   18.50
c ecursive minimization cost OK: 220Kcost/(% lits removed)
c --> Executing strategy token: scc-vrepl
c [scc] new: 0 BP 0M T: 0.00
c --> Executing strategy token: sub-impl
c [impl-sub] bin: 0 T: 0.00 T-out: N w-visit: 3572
c --> Executing strategy token: breakid
c Executing OCC strategy token(s): 'occ-backw-sub-str,occ-clean-implicit,occ-bve,occ-bva,occ-ternary-res,occ-xor,
c [occ] mem usage for occur      0 MB
c [occ] Linked in IRRED BIN by default: 105
c [occ] Linked in RED   BIN by default: 14
c [occ] mem usage for occur      0 MB
c Mem for watch alloc      : 2           MB (0.00      %)
c Mem for watch array      : 0           MB (0.00      %)
c Executing OCC strategy token: occ-backw-sub-str
c [occ-backw-sub-str-long-w-bins] subs: 2 str: 0 tried: 119 0-depth ass: 0 T: 0.00 T-out: N T-r: 99.98%
c [occ-backw-sub-long-w-long] rem cl: 205 tried: 52959/52959 (100.0%) T: 0.01 T-out: N T-r: 94.18%
c [occ-backw-sub-str-long-w-long] sub: 9 str: 18 tried: 158877/52959 (300.0)  T: 0.04 T-out: N T-r: 88.63%
c Executing OCC strategy token: occ-clean-implicit
c Executing OCC strategy token: occ-bve
c [occ-empty-res] Empty resolvent elimed: 0 T: 0.00 T-out: N
c [occ-bve] iter v-elim 935
c cl_inc_rate=0.9, var_dec_rate=2.1 (grow=0)
c Reduced to 848 vars, 6552 cls (grow=0)
c [occ-bve] iter v-elim 0
c cl_inc_rate=1.0, var_dec_rate=1.0 (grow=3)
c Reduced to 848 vars, 6552 cls (grow=3)
c [occ-bve] iter v-elim 183
c cl_inc_rate=1.1, var_dec_rate=1.3 (grow=4)
c Reduced to 665 vars, 7284 cls (grow=4)
c x n vars       : 665
c #try to eliminate:  4610
c #var-elim        :  1118
c #T-o: N
c #T-r: 99.99%
c #T  : 0.15
c [occur] 0.02 is overhead
c [occur] link-in T: 0.02 cleanup T: 0.00
c [occ-xor-bve] elimed: 0 T: 0.00 T-out: N
c Executing OCC strategy token: occ-bva
c Executing OCC strategy token: occ-ternary-res
c [occ-ternary-res] Ternary res-tri: 0 res-bin: 0 sub: 0 str: 0 T: 0.00 T-out: N T-r: 99.76%
c Executing OCC strategy token: occ-xor
c [occ-xor] sort occur list T: 0.00
c [occ-xor] found    625 avg sz 4.2 min sz  3 max sz  5 T: 0.00 T-out: N T-r: 99.99%
c --> Executing strategy token: card-find
c --> Executing strategy token: cl-consolidate
c [mem] consolidate  old-sz: 5446K new-sz: 2078K new bits offs: 18 T: 0.00
c --> Executing strategy token: scc-vrepl
c [scc] new: 0 BP 0M T: 0.00
c [vrep] vars 0 lits 0 rem-bin-cls 0 rem-long-cls 0 BP 0M T: 0.00
c --> Executing strategy token: renumber
c [renumber] T: 0.00
c --> Executing strategy token: louvain-comms
c [consolidate] mini T: 0.00
c global_timeout_multiplier: 3.3000
c [branch] rebuilding order heap for all branchings. Current branching: vmtf
c [gauss] clauses deleted that are represented by XORs: 6200 xorclauses: 625 GJ matrices: 0 T: 0.01
c [find&init matx] performing matrix init
c [matrix] Good   matrix  0c [matrix] disabling SLS since matrix is found
    625 x  664  density:0.0064  xorlen avg:  4.24
c [matrix] Using 1 matrices recovered from 0 xors T: 0.00 T-out: N
c rst  luby  svd  vmt   201   56K     665  1084     2    5.45    5.45    82   446 18468     2   16.36   16.36
c rst  luby  svd  vmt   202   56K     665  1084     2    5.45    5.45    82   451 18564     2   16.37   16.37
c rst  luby  svd  vmt   203   56K     665  1084     2    5.45    5.45    82   452 18664     2   16.39   16.38
c rst  luby  svd  vmt   204   56K     665  1084     2    5.45    5.45    82   452 18867     2   16.42   16.41
c rst  luby  svd  vmt   205   56K     665  1084     2    5.45    5.45    82   452 18970     2   16.43   16.43
c rst  luby  svd  vmt   206   56K     665  1084     2    5.45    5.45    82   453 19071     2   16.44   16.44
c rst  luby  svd  vmt   207   57K     665  1084     2    5.45    5.45    82   455 19271     2   16.47   16.47
c rst  luby  svd  vmt   208   57K     665  1084     2    5.45    5.45    82   459 19668     2   16.52   16.52
c rst  luby  svd  vmt   209   57K     665  1084     2    5.45    5.45    82   459 19769     2   16.54   16.54
c rst  luby  svd  vmt   210   57K     665  1084     2    5.45    5.45    82   459 19872     2   16.57   16.57
c rst  luby  svd  vmt   211   57K     665  1084     2    5.45    5.45    82   463   20K     2   16.59   16.59
c rst  luby  svd  vmt   212   58K     665  1084     2    5.45    5.45    82   464   20K     2   16.59   16.59
c rst  luby  svd  vmt   213   58K     665  1084     2    5.45    5.45    82   467   20K     2   16.60   16.60
c rst  luby  svd  vmt   214   58K     665  1084     2    5.45    5.45    82   467   20K     2   16.64   16.64
c rst  luby  svd  vmt   215   58K     665  1084     2    5.45    5.45    82   467   20K     2   16.74   16.74
c rst  luby  svd  vmt   216   59K     665  1084     2    5.45    5.45    82   472   21K     2   16.80   16.80
c rst  luby  svd  vmt   217   61K     665  1084     2    5.45    5.45    94   527 19548     2   16.75   16.74
c [full-probe]  bin_only: 1 set: 0 repl: 0 T: 0.00 T-out: N T-r: 99.98%
c rst  geom best  vmt   218   61K     665  1084     4    5.45    5.44    94   527 19659     2   16.76   16.76
c rst  geom best  vmt   219   61K     665  1084     4    5.45    5.44    94   529 19780     2   16.77   16.77
c rst  geom best  vmt   220   61K     665  1084     4    5.45    5.44    94   531 19913     2   16.79   16.79
c rst  geom best  vmt   221   61K     665  1084     4    5.45    5.44    94   531   20K     2   16.81   16.81
c rst  geom best  vmt   222   61K     665  1084     4    5.45    5.44    94   535   20K     2   16.82   16.82
c rst  geom best  vmt   223   62K     665  1084     4    5.45    5.44    94   537   20K     2   16.84   16.84
c rst  geom best  vmt   224   62K     665  1084     4    5.45    5.44    94   537   20K     2   16.88   16.88
c rst  geom best  vmt   225   62K     665  1084     4    5.45    5.44    94   539   20K     2   16.89   16.89
c rst  geom best  vmt   226   62K     665  1084     4    5.45    5.44    94   539   21K     2   16.91   16.91
c rst  geom best  vmt   227   62K     665  1084     4    5.45    5.44    94   546   21K     2   16.92   16.92
c [branch] adjusting to: vsids (from: vmtf) var_decay:0.95 descr: VSIDS
c rst  geom best   vs   228   63K     665  1084     4    5.45    5.44    94   546   21K     2   16.94   16.94
c rst  geom best   vs   229   63K     665  1084     4    5.45    5.44    94   546   21K     2   16.95   16.95
c rst  geom best   vs   230   63K     665  1084     4    5.45    5.44    94   547   21K     2   16.97   16.97
c rst  geom best   vs   231   63K     665  1084     4    5.45    5.44    94   547   21K     2   16.98   16.98
c rst  geom best   vs   232   63K     665  1084     4    5.45    5.44    94   547   21K     2   17.00   17.00
c rst  geom best   vs   233   63K     665  1084     4    5.45    5.44    94   547   22K     2   17.01   17.00
c rst  geom best   vs   234   63K     665  1084     4    5.45    5.44    94   549   22K     2   17.02   17.01
c rst  geom best   vs   235   64K     665  1084     4    5.45    5.44    94   549   22K     2   17.02   17.02
c rst  geom best   vs   236   64K     665  1084     4    5.45    5.44    94   550   22K     2   17.04   17.03
c rst  geom best   vs   237   64K     665  1084     4    5.45    5.44    94   550   23K     2   17.04   17.04
c rst  geom best   vs   238   64K     665  1084     4    5.45    5.44    94   551   23K     2   17.06   17.06
c rst  geom best   vs   239   65K     665  1084     4    5.45    5.44    94   552   23K     2   17.07   17.07
c rst  geom best   vs   240   65K     665  1084     4    5.45    5.44    94   553   23K     2   17.07   17.07
c rst  geom best   vs   241   65K     665  1084     4    5.45    5.44    94   556   24K     2   17.08   17.08
c rst  geom best   vs   242   66K     665  1084     4    5.45    5.44    94   558   24K     2   17.07   17.07
c [distill-long-red0] cls tried: 19/19 T: 0.00 T-out: N T-r: 100.00%
c [distill-long-red1] cls tried: 283/283 T: 0.02 T-out: N T-r: 86.48%
c rst  geom best   vs   243   66K     665  1084     4    5.45    5.44    94   560   25K     2   17.08   17.08
c rst  geom  stb   vs   244   67K     665  1084     4    5.45    5.44    94   561   25K     2   17.12   17.12
c rst  geom  stb   vs   245   67K     665  1084     4    5.45    5.44    94   568   26K     2   17.13   17.13
c rst  geom  stb   vs   246   68K     665  1084     4    5.45    5.44    94   569   26K     2   17.17   17.17
c rst  geom  stb   vs   247   69K     665  1084     4    5.45    5.44    94   571   27K     2   17.22   17.22
c rst  geom  stb   vs   248   69K     665  1084     4    5.45    5.44    94   573   28K     2   17.25   17.25
c rst  geom  stb   vs   249   70K     665  1084     4    5.45    5.44   157   519   28K     2   17.28   17.28
c rst  geom  stb   vs   250   71K     665  1084     4    5.45    5.44   157   522   29K     2   17.33   17.33
c rst  geom  stb   vs   251   72K     665  1084     4    5.45    5.44   157   522   30K     2   17.35   17.34
c rst  geom  stb   vs   252   73K     665  1084     4    5.45    5.44   157   523   31K     2   17.37   17.36
c [distill-bin] useful: 2/4/4 lits-rem: 0 cl-rem: 2 0-depth-assigns: 0 T: 0.00 T-out: N
c rst  geom ibes   vs   253   74K     665  1084     2    5.45    5.45   157   528   33K     2   17.35   17.35
c [branch] adjusting to: vmtf (from: vsids) var_decay:0.95 descr: VMTF
c rst  luby ibes  vmt   254   74K     665  1084     2    5.45    5.45   157   528   33K     2   17.36   17.36
c rst  luby ibes  vmt   255   74K     665  1084     2    5.45    5.45   157   528   33K     2   17.37   17.37
c rst  luby ibes  vmt   256   75K     665  1084     2    5.45    5.45   165   761   29K     2   17.46   17.46
c rst  luby ibes  vmt   257   75K     665  1084     2    5.45    5.45   165   761   29K     2   17.46   17.46
c rst  luby ibes  vmt   258   75K     665  1084     2    5.45    5.45   165   761   29K     2   17.47   17.47
c rst  luby ibes  vmt   259   75K     665  1084     2    5.45    5.45   165   773   29K     2   17.47   17.47
c rst  luby ibes  vmt   260   75K     665  1084     2    5.45    5.45   165   778   30K     2   17.49   17.49
c rst  luby ibes  vmt   261   76K     665  1084     2    5.45    5.45   165   778   30K     2   17.49   17.49
c rst  luby ibes  vmt   262   76K     665  1084     2    5.45    5.45   165   778   30K     2   17.50   17.50
c rst  luby ibes  vmt   263   76K     665  1084     2    5.45    5.45   165   778   30K     2   17.51   17.50
c rst  luby ibes  vmt   264   76K     665  1084     2    5.45    5.45   165   779   30K     2   17.51   17.51
c rst  luby ibes  vmt   265   76K     665  1084     2    5.45    5.45   165   780   30K     2   17.51   17.51
c rst  luby ibes  vmt   266   76K     665  1084     2    5.45    5.45   165   782   30K     2   17.50   17.50
c rst  luby ibes  vmt   267   77K     665  1084     2    5.45    5.45   165   783   31K     2   17.52   17.52
c [distill] watch-based irred--  cl tried     2168 cl-sh     0 cl-rem    0 lit-rem      0 T: 0.01 T-out: N
c [distill] watch-based   red--  cl tried      330 cl-sh     0 cl-rem    0 lit-rem      0 T: 0.00 T-out: N
c rst  luby ibes  vmt   268   77K     665  1084     2    5.45    5.45   166   789   32K     2   17.54   17.54
c rst  luby ibes  vmt   269   78K     665  1084     2    5.45    5.45   166   789   32K     2   17.54   17.54
c rst  luby ibes  vmt   270   78K     665  1084     2    5.45    5.45   166   789   32K     2   17.55   17.55
c rst  luby ibes  vmt   271   78K     665  1084     2    5.45    5.45   166   789   32K     2   17.55   17.55
c rst  luby ibes  vmt   272   78K     665  1084     2    5.45    5.45   166   793   32K     2   17.55   17.55
c rst  luby ibes  vmt   273   78K     665  1084     2    5.45    5.45   166   793   32K     2   17.55   17.55
c rst  luby ibes  vmt   274   78K     665  1084     2    5.45    5.45   166   797   32K     2   17.55   17.55
c rst  luby ibes  vmt   275   79K     665  1084     2    5.45    5.45   166   798   33K     2   17.56   17.56
c rst  luby ibes  vmt   276   79K     665  1084     2    5.45    5.45   166   801   33K     2   17.56   17.56
c rst  luby ibes  vmt   277   79K     665  1084     2    5.45    5.45   166   801   33K     2   17.56   17.56
c rst  luby  svd  vmt   278   79K     665  1084     2    5.45    5.45   166   801   33K     2   17.57   17.56
c rst  luby  svd  vmt   279   79K     665  1084     2    5.45    5.45   166   805   33K     2   17.57   17.57
c rst  luby  svd  vmt   280   79K     665  1084     2    5.45    5.45   166   806   33K     2   17.57   17.57
c rst  luby  svd  vmt   281   79K     665  1084     2    5.45    5.45   166   808   34K     2   17.57   17.57
c rst  luby  svd  vmt   282   80K     665  1084     2    5.45    5.45   203   761   34K     2   17.58   17.58
c rst  luby  svd  vmt   283   81K     665  1084     2    5.45    5.45   203   762   35K     2   17.61   17.61
c [full-probe]  bin_only: 0 set: 0 repl: 0 T: 0.00 T-out: N T-r: 99.39%
c rst  luby  svd  vmt   284   82K     665  1084     4    5.45    5.44   204   770   36K     2   17.64   17.64
c [distill-long-red0] cls tried: 34/34 T: 0.01 T-out: N T-r: 99.99%
c [distill-long-red1] cls tried: 303/303 T: 0.05 T-out: N T-r: 58.44%
c rst  luby  svd  vmt   285   82K     665  1084     4    5.45    5.44   204   770   36K     2   17.64   17.64
c rst  luby  svd  vmt   286   82K     665  1084     4    5.45    5.44   204   772   37K     2   17.65   17.65
c rst  luby  svd  vmt   287   83K     665  1084     4    5.45    5.44   204   773   37K     2   17.66   17.66
c rst  luby  svd  vmt   288   83K     665  1084     4    5.45    5.44   204   773   37K     2   17.66   17.66
c rst  luby  svd  vmt   289   83K     665  1084     4    5.45    5.44   204   773   37K     2   17.67   17.66
c rst  luby  svd  vmt   290   83K     665  1084     4    5.45    5.44   204   773   37K     2   17.67   17.67
c rst  luby  svd  vmt   291   83K     665  1084     4    5.45    5.44   204   776   38K     2   17.70   17.70
c rst  luby  svd  vmt   292   84K     665  1084     4    5.45    5.44   204   776   38K     2   17.71   17.70
c rst  luby  svd  vmt   293   84K     665  1084     4    5.45    5.44   204   776   38K     2   17.71   17.71
c rst  luby  svd  vmt   294   84K     665  1084     4    5.45    5.44   204   781   38K     2   17.71   17.71
c rst  luby  svd  vmt   295   84K     665  1084     4    5.45    5.44   204   783   38K     2   17.71   17.71
c rst  luby  svd  vmt   296   84K     665  1084     4    5.45    5.44   204   785   38K     2   17.71   17.71
c rst  luby  svd  vmt   297   84K     665  1084     4    5.45    5.44   204   786   38K     2   17.73   17.73
c rst  luby  svd  vmt   298   85K     665  1084     4    5.45    5.44   204   791   39K     2   17.74   17.74
c rst  luby  svd  vmt   299   85K     665  1084     4    5.45    5.44   204   796   40K     2   17.78   17.77
c rst  geom best  vmt   300   86K     665  1084     4    5.45    5.44   204   796   40K     2   17.78   17.78
c rst  geom best  vmt   301   86K     665  1084     4    5.45    5.44   204   797   40K     2   17.79   17.79
c rst  geom best  vmt   302   86K     665  1084     4    5.45    5.44   204   803   40K     2   17.80   17.80
c rst  geom best  vmt   303   86K     665  1084     4    5.45    5.44   204   806   40K     2   17.80   17.80
c rst  geom best  vmt   304   86K     665  1084     4    5.45    5.44   204   809   40K     2   17.80   17.80
c rst  geom best  vmt   305   86K     665  1084     4    5.45    5.44   204   810   40K     2   17.80   17.80
c rst  geom best  vmt   306   87K     665  1084     4    5.45    5.44   204   810   41K     2   17.81   17.81
c rst  geom best  vmt   307   87K     665  1084     4    5.45    5.44   204   812   41K     2   17.81   17.81
c rst  geom best  vmt   308   87K     665  1084     4    5.45    5.44   204   813   41K     2   17.82   17.82
c rst  geom best  vmt   309   87K     665  1084     4    5.45    5.44   204   815   41K     2   17.83   17.83
c [branch] adjusting to: vsids (from: vmtf) var_decay:0.95 descr: VSIDS
c rst  geom best   vs   310   87K     665  1084     4    5.45    5.44   204   815   41K     2   17.83   17.83
c rst  geom best   vs   311   87K     665  1084     4    5.45    5.44   204   818   42K     2   17.83   17.83
c rst  geom best   vs   312   88K     665  1084     4    5.45    5.44   204   818   42K     2   17.83   17.83
c rst  geom best   vs   313   88K     665  1084     4    5.45    5.44   204   819   42K     2   17.83   17.82
c rst  geom best   vs   314   88K     665  1084     4    5.45    5.44   204   820   42K     2   17.82   17.82
c rst  geom best   vs   315   88K     665  1084     4    5.45    5.44   204   820   42K     2   17.82   17.82
c rst  geom best   vs   316   88K     665  1084     4    5.45    5.44   204   822   42K     2   17.82   17.82
c rst  geom best   vs   317   89K     665  1084     4    5.45    5.44   204   822   43K     2   17.82   17.81
c rst  geom best   vs   318   89K     665  1084     4    5.45    5.44   204   822   43K     2   17.81   17.81
c rst  geom best   vs   319   89K     665  1084     4    5.45    5.44   204   826   43K     2   17.80   17.80
c rst  geom best   vs   320   89K     665  1084     4    5.45    5.44   204   828   43K     2   17.80   17.80
c rst  geom best   vs   321   90K     665  1084     4    5.45    5.44   302  1088   33K     2   18.17   18.17
c rst  geom best   vs   322   90K     665  1084     4    5.45    5.44   303  1092   34K     2   18.15   18.15
c rst  geom best   vs   323   90K     665  1084     4    5.45    5.44   303  1093   34K     2   18.15   18.15
c rst  geom best   vs   324   91K     665  1084     4    5.45    5.44   303  1098   34K     2   18.13   18.13
c rst  geom best   vs   325   91K     665  1084     4    5.45    5.44   303  1101   35K     2   18.13   18.13
c rst  geom best   vs   326   92K     665  1084     4    5.45    5.44   303  1103   35K     2   18.13   18.13
c rst  geom  stb   vs   327   92K     665  1084     4    5.45    5.44   303  1107   36K     2   18.12   18.12
c rst  geom  stb   vs   328   93K     665  1084     4    5.45    5.44   303  1108   36K     2   18.13   18.13
c rst  geom  stb   vs   329   93K     665  1084     4    5.45    5.44   303  1115   37K     2   18.12   18.12
c [distill-bin] useful: 2/4/4 lits-rem: 0 cl-rem: 2 0-depth-assigns: 0 T: 0.00 T-out: N
c rst  geom  stb   vs   330   94K     665  1084     2    5.45    5.45   303  1116   38K     2   18.12   18.12
c rst  geom  stb   vs   331   95K     665  1084     2    5.45    5.45   303  1123   39K     2   18.11   18.11
c rst  geom  stb   vs   332   96K     665  1084     2    5.45    5.45   303  1126   39K     2   18.11   18.11
c rst  geom  stb   vs   333   97K     665  1084     2    5.45    5.45   303  1134   40K     2   18.10   18.10
c rst  geom  stb   vs   334   98K     665  1084     2    5.45    5.45   303  1137   41K     2   18.11   18.11
c [distill-long-red0] cls tried: 37/37 T: 0.00 T-out: N T-r: 99.99%
c [distill-long-red1] cls tried: 439/439 T: 0.07 T-out: N T-r: 36.30%
c rst  geom ibes   vs   335   99K     665  1084     2    5.45    5.45   303  1148   43K     2   18.05   18.05
c rst  geom ibes   vs   336  100K     665  1084     2    5.45    5.45   373  1069   44K     2   18.05   18.05
c [impl-str] lit bin: 0 set-var: 0 T: 0.00 T-out: N T-r: 99.97% w-visit: 1330
c [impl-sub] bin: 0 T: 0.00 T-out: N w-visit: 1330
c rst  geom ibes   vs   337  102K     665  1084     2    5.45    5.45   373  1082   45K     2   18.01   18.01
c [branch] adjusting to: vmtf (from: vsids) var_decay:0.95 descr: VMTF
c [full-probe]  bin_only: 1 set: 0 repl: 0 T: 0.00 T-out: N T-r: 99.96%
c [distill] watch-based irred--  cl tried     2168 cl-sh     0 cl-rem    0 lit-rem      0 T: 0.01 T-out: N
c [distill] watch-based   red--  cl tried      746 cl-sh     0 cl-rem    0 lit-rem      0 T: 0.01 T-out: N
c rst  luby ibes  vmt   338  102K     665  1084     4    5.45    5.44   373  1082   45K     2   18.01   18.01
c rst  luby ibes  vmt   339  102K     665  1084     4    5.45    5.44   373  1082   45K     2   18.01   18.01
c rst  luby ibes  vmt   340  102K     665  1084     4    5.45    5.44   373  1088   46K     2   18.00   18.00
c rst  luby ibes  vmt   341  102K     665  1084     4    5.45    5.44   373  1090   46K     2   18.00   18.00
c rst  luby ibes  vmt   342  102K     665  1084     4    5.45    5.44   373  1090   46K     2   18.01   18.01
c rst  luby ibes  vmt   343  103K     665  1084     4    5.45    5.44   373  1091   46K     2   18.00   18.00
c rst  luby ibes  vmt   344  103K     665  1084     4    5.45    5.44   373  1093   46K     2   17.99   17.99
c rst  luby ibes  vmt   345  103K     665  1084     4    5.45    5.44   373  1094   47K     2   17.99   17.99
c rst  luby ibes  vmt   346  103K     665  1084     4    5.45    5.44   373  1096   47K     2   17.99   17.99
c rst  luby ibes  vmt   347  103K     665  1084     4    5.45    5.44   373  1099   47K     2   17.99   17.99
c rst  luby ibes  vmt   348  103K     665  1084     4    5.45    5.44   373  1099   47K     2   18.00   17.99
c rst  luby ibes  vmt   349  104K     665  1084     4    5.45    5.44   373  1099   47K     2   18.00   18.00
c rst  luby ibes  vmt   350  104K     665  1084     4    5.45    5.44   373  1104   47K     2   17.99   17.99
c rst  luby ibes  vmt   351  104K     665  1084     4    5.45    5.44   373  1105   48K     2   17.99   17.98
c rst  luby  svd  vmt   352  105K     665  1084     4    5.45    5.44   391  1445   36K     2   17.75   17.75
c rst  luby  svd  vmt   353  105K     665  1084     4    5.45    5.44   391  1445   36K     2   17.76   17.75
c rst  luby  svd  vmt   354  105K     665  1084     4    5.45    5.44   391  1445   36K     2   17.77   17.76
c rst  luby  svd  vmt   355  105K     665  1084     4    5.45    5.44   391  1445   36K     2   17.78   17.77
c rst  luby  svd  vmt   356  105K     665  1084     4    5.45    5.44   391  1446   36K     2   17.78   17.78
c rst  luby  svd  vmt   357  106K     665  1084     4    5.45    5.44   391  1446   36K     2   17.78   17.78
c rst  luby  svd  vmt   358  106K     665  1084     4    5.45    5.44   391  1446   37K     2   17.79   17.79
c rst  luby  svd  vmt   359  106K     665  1084     4    5.45    5.44   391  1451   37K     2   17.79   17.79
c rst  luby  svd  vmt   360  106K     665  1084     4    5.45    5.44   391  1451   37K     2   17.79   17.79
c rst  luby  svd  vmt   361  106K     665  1084     4    5.45    5.44   391  1451   37K     2   17.78   17.78
c rst  luby  svd  vmt   362  107K     665  1084     4    5.45    5.44   391  1451   37K     2   17.79   17.79
c rst  luby  svd  vmt   363  107K     665  1084     4    5.45    5.44   391  1452   38K     2   17.77   17.77
c rst  luby  svd  vmt   364  107K     665  1084     4    5.45    5.44   391  1452   38K     2   17.76   17.76
c rst  luby  svd  vmt   365  107K     665  1084     4    5.45    5.44   391  1453   38K     2   17.76   17.76
c rst  luby  svd  vmt   366  107K     665  1084     4    5.45    5.44   391  1458   38K     2   17.76   17.76
c rst  luby  svd  vmt   367  108K     665  1084     4    5.45    5.44   391  1463   39K     2   17.77   17.77
c rst  luby  svd  vmt   368  110K     665  1084     4    5.45    5.44   493  1357   41K     2   17.75   17.75
c rst  luby  svd  vmt   369  110K     665  1084     4    5.45    5.44   493  1362   41K     2   17.75   17.75
c rst  luby  svd  vmt   370  110K     665  1084     4    5.45    5.44   493  1362   41K     2   17.76   17.76
c rst  luby  svd  vmt   371  110K     665  1084     4    5.45    5.44   493  1362   41K     2   17.77   17.77
c rst  luby  svd  vmt   372  110K     665  1084     4    5.45    5.44   493  1362   41K     2   17.78   17.78
c rst  geom best  vmt   373  110K     665  1084     4    5.45    5.44   493  1362   41K     2   17.78   17.78
c rst  geom best  vmt   374  110K     665  1084     4    5.45    5.44   493  1362   41K     2   17.79   17.79
c rst  geom best  vmt   375  111K     665  1084     4    5.45    5.44   493  1364   42K     2   17.79   17.79
c rst  geom best  vmt   376  111K     665  1084     4    5.45    5.44   493  1366   42K     2   17.79   17.79
c rst  geom best  vmt   377  111K     665  1084     4    5.45    5.44   493  1366   42K     2   17.79   17.79
c rst  geom best  vmt   378  111K     665  1084     4    5.45    5.44   493  1367   42K     2   17.79   17.78
c rst  geom best  vmt   379  111K     665  1084     4    5.45    5.44   493  1372   42K     2   17.79   17.79
c rst  geom best  vmt   380  112K     665  1084     4    5.45    5.44   493  1372   42K     2   17.79   17.79
c rst  geom best  vmt   381  112K     665  1084     4    5.45    5.44   493  1373   43K     2   17.79   17.79
c rst  geom best  vmt   382  112K     665  1084     4    5.45    5.44   493  1374   43K     2   17.80   17.79
c rst  geom best  vmt   383  112K     665  1084     4    5.45    5.44   493  1376   43K     2   17.80   17.80
c rst  geom best  vmt   384  113K     665  1084     4    5.45    5.44   493  1381   43K     2   17.80   17.80
c rst  geom best  vmt   385  113K     665  1084     4    5.45    5.44   493  1381   44K     2   17.81   17.81
c [distill-long-red0] cls tried: 47/47 T: 0.01 T-out: N T-r: 99.98%
c [distill-long-red1] cls tried: 422/422 T: 0.08 T-out: N T-r: 27.68%
c rst  geom best  vmt   386  113K     665  1084     4    5.45    5.44   493  1384   44K     2   17.82   17.82
c rst  geom best  vmt   387  114K     665  1084     4    5.45    5.44   493  1390   45K     2   17.82   17.82
c [distill-bin] useful: 2/4/4 lits-rem: 0 cl-rem: 2 0-depth-assigns: 0 T: 0.00 T-out: N
c rst  geom best  vmt   388  114K     665  1084     2    5.45    5.45   493  1399   45K     2   17.82   17.82
c rst  geom best  vmt   389  115K     665  1084     2    5.45    5.45   493  1404   46K     2   17.83   17.83
c rst  geom best  vmt   390  115K     665  1084     2    5.45    5.45   493  1406   46K     2   17.81   17.81
c rst  geom best  vmt   391  116K     665  1084     2    5.45    5.45   493  1409   47K     2   17.83   17.83
c rst  geom best  vmt   392  116K     665  1084     2    5.45    5.45   493  1410   47K     2   17.83   17.83
c rst  geom  stb  vmt   393  117K     665  1084     2    5.45    5.45   493  1413   48K     2   17.85   17.85
c [branch] adjusting to: vsids (from: vmtf) var_decay:0.95 descr: VSIDS
c rst  geom  stb   vs   394  117K     665  1084     2    5.45    5.45   493  1413   48K     2   17.86   17.86
c rst  geom  stb   vs   395  117K     665  1084     2    5.45    5.45   493  1413   48K     2   17.86   17.86
c rst  geom  stb   vs   396  118K     665  1084     2    5.45    5.45   493  1416   48K     2   17.86   17.86
c rst  geom  stb   vs   397  118K     665  1084     2    5.45    5.45   493  1416   49K     2   17.86   17.86
c rst  geom  stb   vs   398  118K     665  1084     2    5.45    5.45   493  1416   49K     2   17.86   17.86
c rst  geom  stb   vs   399  118K     665  1084     2    5.45    5.45   493  1419   49K     2   17.87   17.87
c rst  geom  stb   vs   400  118K     665  1084     2    5.45    5.45   493  1421   49K     2   17.87   17.87
c rst  geom  stb   vs   401  118K     665  1084     2    5.45    5.45   493  1421   49K     2   17.88   17.88
c rst  geom  stb   vs   402  119K     665  1084     2    5.45    5.45   493  1421   50K     2   17.88   17.88
c rst  geom  stb   vs   403  119K     665  1084     2    5.45    5.45   493  1421   50K     2   17.89   17.89
c rst  geom  stb   vs   404  119K     665  1084     2    5.45    5.45   493  1421   50K     2   17.89   17.89
c rst  geom  stb   vs   405  120K     665  1084     2    5.45    5.45   563  1723   36K     2   17.66   17.66
c rst  geom  stb   vs   406  120K     665  1084     2    5.45    5.45   563  1723   37K     2   17.67   17.67
c rst  geom  stb   vs   407  120K     665  1084     2    5.45    5.45   563  1728   37K     2   17.69   17.69
c rst  geom  stb   vs   408  121K     665  1084     2    5.45    5.45   563  1728   37K     2   17.70   17.70
c rst  geom  stb   vs   409  121K     665  1084     2    5.45    5.45   563  1735   38K     2   17.71   17.71
c rst  geom  stb   vs   410  122K     665  1084     2    5.45    5.45   563  1742   38K     2   17.70   17.70
c rst  geom  stb   vs   411  122K     665  1084     2    5.45    5.45   563  1747   39K     2   17.71   17.71
c [full-probe]  bin_only: 0 set: 0 repl: 0 T: 0.00 T-out: N T-r: 99.23%
c rst  geom  stb   vs   412  123K     665  1084     4    5.45    5.44   563  1749   40K     2   17.72   17.72
c rst  geom ibes   vs   413  123K     665  1084     4    5.45    5.44   563  1755   40K     2   17.72   17.72
c rst  geom ibes   vs   414  124K     665  1084     4    5.45    5.44   563  1760   41K     2   17.71   17.70
c rst  geom ibes   vs   415  125K     665  1084     4    5.45    5.44   563  1761   42K     2   17.68   17.68
c rst  geom ibes   vs   416  126K     665  1084     4    5.45    5.44   563  1765   43K     2   17.65   17.65
c rst  geom ibes   vs   417  127K     665  1084     4    5.45    5.44   563  1767   44K     2   17.61   17.61
c [distill] watch-based irred--  cl tried     2168 cl-sh     0 cl-rem    0 lit-rem      0 T: 0.01 T-out: N
c [distill] watch-based   red--  cl tried     1126 cl-sh     0 cl-rem    0 lit-rem      0 T: 0.01 T-out: N
c rst  geom ibes   vs   418  128K     665  1084     4    5.45    5.44   563  1769   45K     2   17.60   17.60
c rst  geom ibes   vs   419  129K     665  1084     4    5.45    5.44   563  1781   46K     2   17.58   17.58
c [distill-long-red0] cls tried: 20/20 T: 0.01 T-out: N T-r: 99.98%
c [distill-long-red1] cls tried: 458/458 T: 0.09 T-out: N T-r: 7.05%
c rst  geom ibes   vs   420  130K     665  1084     4    5.45    5.44   618  1708   47K     2   17.55   17.55
c rst  geom  svd   vs   421  132K     665  1084     4    5.45    5.44   618  1736   48K     2   17.50   17.49
c rst  geom  svd   vs   422  133K     665  1084     4    5.45    5.44   618  1743   50K     2   17.52   17.52
c rst  geom  svd   vs   423  134K     665  1084     4    5.45    5.44   619  1772   51K     2   17.52   17.52
c ecursive minimization cost OK: 260Kcost/(% lits removed)
c [g 0] truth-find prop checks  : 6243K
c [g 0] -> of which prop        : 77.69 %
c [g 0] -> of which confl       :  0.50 %
c [g 0] elim called             : 35K
c [g 0] ---> which lead to prop : 1333.47 %
c [g 0] ---> which lead to confl:  5.02 %
c [g 0] size: 625   x 664  
c --> Executing strategy token: scc-vrepl
c [scc] new: 1 BP 0M T: 0.00
c [vrep] vars 1 lits 198 rem-bin-cls 6 rem-long-cls 0 BP 0M T: 0.00
c --> Executing strategy token: sub-impl
c [impl-sub] bin: 0 T: 0.00 T-out: N w-visit: 1330
c --> Executing strategy token: breakid
c Executing OCC strategy token(s): 'occ-backw-sub-str,occ-clean-implicit,occ-bve,occ-bva,occ-ternary-res,occ-xor,
c [occ] mem usage for occur 0      MB
c [occ] Linked in IRRED BIN by default: 0
c [occ] Linked in RED   BIN by default: 2
c [occ] mem usage for occur 0      MB
c Mem for watch alloc      : 5           MB (0.00      %)
c Mem for watch array      : 0           MB (0.00      %)
c Executing OCC strategy token: occ-backw-sub-str
c [occ-backw-sub-str-long-w-bins] subs: 0 str: 0 tried: 125 0-depth ass: 0 T: 0.00 T-out: N T-r: 100.00%
c [occ-backw-sub-long-w-long] rem cl: 70 tried: 54561/54561 (100.0%) T: 0.01 T-out: N T-r: 98.32%
c [occ-backw-sub-str-long-w-long] sub: 2 str: 23 tried: 163683/54561 (300.0)  T: 0.04 T-out: N T-r: 93.72%
c Executing OCC strategy token: occ-clean-implicit
c Executing OCC strategy token: occ-bve
c [occ-empty-res] Empty resolvent elimed: 0 T: 0.00 T-out: N
c [occ-bve] iter v-elim 0
c cl_inc_rate=1.0, var_dec_rate=1.0 (grow=0)
c Reduced to 664 vars, 1084 cls (grow=0)
c [occ-bve] iter v-elim 0
c cl_inc_rate=1.0, var_dec_rate=1.0 (grow=3)
c Reduced to 664 vars, 1084 cls (grow=3)
c [occ-bve] iter v-elim 0
c cl_inc_rate=1.0, var_dec_rate=1.0 (grow=4)
c Reduced to 664 vars, 1084 cls (grow=4)
c [occ-bve] iter v-elim 0
c cl_inc_rate=1.0, var_dec_rate=1.0 (grow=6)
c Reduced to 664 vars, 1084 cls (grow=6)
c [occ-bve] iter v-elim 0
c cl_inc_rate=1.0, var_dec_rate=1.0 (grow=9)
c Reduced to 664 vars, 1084 cls (grow=9)
c [occ-bve] iter v-elim 0
c cl_inc_rate=1.0, var_dec_rate=1.0 (grow=13)
c Reduced to 664 vars, 1084 cls (grow=13)
c [occ-bve] iter v-elim 0
c cl_inc_rate=1.0, var_dec_rate=1.0 (grow=16)
c Reduced to 664 vars, 1084 cls (grow=16)
c x n vars       : 664
c #try to eliminate:     7
c #var-elim        :     0
c #T-o: N
c #T-r: 100.00%
c #T  : 0.00
c [occur] 0.02 is overhead
c [occur] link-in T: 0.02 cleanup T: 0.00
c [occ-xor-bve] elimed: 0 T: 0.00 T-out: N
c Executing OCC strategy token: occ-bva
c Executing OCC strategy token: occ-ternary-res
c [occ-ternary-res] Ternary res-tri: 0 res-bin: 0 sub: 0 str: 0 T: 0.00 T-out: N T-r: 99.83%
c Executing OCC strategy token: occ-xor
c [occ-xor] sort occur list T: 0.00
c [occ-xor] found      0 T: 0.00 T-out: N T-r: 100.00%
c --> Executing strategy token: card-find
c --> Executing strategy token: cl-consolidate
c Not consolidating memory.
c --> Executing strategy token: scc-vrepl
c [scc] new: 0 BP 0M T: 0.00
c [vrep] vars 0 lits 0 rem-bin-cls 0 rem-long-cls 0 BP 0M T: 0.01
c --> Executing strategy token: renumber
c --> Executing strategy token: louvain-comms
c [consolidate] mini T: 0.00
c global_timeout_multiplier: 3.6300
c [branch] rebuilding order heap for all branchings. Current branching: vsids
c [gauss] clauses deleted that are represented by XORs: 0 xorclauses: 625 GJ matrices: 0 T: 0.00
c [find&init matx] performing matrix init
c [matrix] Good   matrix  0    625 x  663  density:0.0064  xorlen avg:  4.24
c [matrix] Using 1 matrices recovered from 0 xors T: 0.00 T-out: N
c [distill-bin] useful: 0/0/0 lits-rem: 0 cl-rem: 0 0-depth-assigns: 0 T: 0.00 T-out: N
c rst  geom  svd   vs   424  135K     664  1084     0    5.45    5.45   578  2066   37K     2   17.17   17.17
c [branch] adjusting to: vmtf (from: vsids) var_decay:0.95 descr: VMTF
c rst  luby  svd  vmt   425  135K     664  1084     0    5.45    5.45   578  2067   37K     2   17.18   17.18
c rst  luby  svd  vmt   426  135K     664  1084     0    5.45    5.45   578  2067   37K     2   17.18   17.18
c rst  luby  svd  vmt   427  135K     664  1084     0    5.45    5.45   578  2067   38K     2   17.19   17.19
c rst  luby  svd  vmt   428  135K     664  1084     0    5.45    5.45   578  2067   38K     2   17.20   17.20
c rst  luby  svd  vmt   429  136K     664  1084     0    5.45    5.45   578  2068   38K     2   17.20   17.20
c rst  luby  svd  vmt   430  136K     664  1084     0    5.45    5.45   578  2069   38K     2   17.21   17.21
c rst  luby  svd  vmt   431  136K     664  1084     0    5.45    5.45   578  2070   38K     2   17.22   17.22
c rst  luby  svd  vmt   432  136K     664  1084     0    5.45    5.45   578  2070   39K     2   17.23   17.23
c rst  luby  svd  vmt   433  136K     664  1084     0    5.45    5.45   578  2070   39K     2   17.23   17.23
c rst  luby  svd  vmt   434  137K     664  1084     0    5.45    5.45   578  2072   39K     2   17.24   17.24
c rst  luby  svd  vmt   435  137K     664  1084     0    5.45    5.45   578  2074   39K     2   17.25   17.25
c rst  geom best  vmt   436  137K     664  1084     0    5.45    5.45   578  2077   39K     2   17.25   17.25
c rst  geom best  vmt   437  137K     664  1084     0    5.45    5.45   578  2103   39K     2   17.24   17.24
c rst  geom best  vmt   438  137K     664  1084     0    5.45    5.45   578  2104   39K     2   17.24   17.24
c rst  geom best  vmt   439  137K     664  1084     0    5.45    5.45   578  2106   39K     2   17.24   17.24
c rst  geom best  vmt   440  137K     664  1084     0    5.45    5.45   578  2107   40K     2   17.24   17.24
c rst  geom best  vmt   441  137K     664  1084     0    5.45    5.45   578  2108   40K     2   17.24   17.24
c rst  geom best  vmt   442  138K     664  1084     0    5.45    5.45   578  2109   40K     2   17.24   17.24
c rst  geom best  vmt   443  138K     664  1084     0    5.45    5.45   578  2112   40K     2   17.24   17.23
c rst  geom best  vmt   444  138K     664  1084     0    5.45    5.45   578  2115   40K     2   17.23   17.23
c rst  geom best  vmt   445  138K     664  1084     0    5.45    5.45   578  2119   41K     2   17.24   17.24
c rst  geom best  vmt   446  139K     664  1084     0    5.45    5.45   578  2136   41K     2   17.23   17.23
c rst  geom best  vmt   447  139K     664  1084     0    5.45    5.45   578  2139   41K     2   17.23   17.23
c rst  geom best  vmt   448  139K     664  1084     0    5.45    5.45   578  2139   42K     2   17.22   17.22
c rst  geom best  vmt   449  140K     664  1084     0    5.45    5.45   621  2045   42K     2   17.22   17.21
c rst  geom best  vmt   450  140K     664  1084     0    5.45    5.45   621  2045   42K     2   17.22   17.22
c rst  geom best  vmt   451  141K     664  1084     0    5.45    5.45   621  2049   43K     2   17.22   17.22
c rst  geom best  vmt   452  141K     664  1084     0    5.45    5.45   621  2051   43K     2   17.23   17.22
c rst  geom best  vmt   453  142K     664  1084     0    5.45    5.45   621  2052   44K     2   17.22   17.22
c rst  geom best  vmt   454  142K     664  1084     0    5.45    5.45   621  2061   44K     2   17.22   17.21
c [full-probe]  bin_only: 1 set: 0 repl: 0 T: 0.00 T-out: N T-r: 99.96%
c rst  geom best  vmt   455  143K     664  1084     0    5.45    5.45   621  2072   45K     2   17.21   17.21
c rst  geom best  vmt   456  144K     664  1084     0    5.45    5.45   623  2093   46K     2   17.22   17.22
c rst  geom  stb  vmt   457  144K     664  1084     0    5.45    5.45   623  2097   47K     2   17.24   17.24
c [distill-long-red0] cls tried: 34/34 T: 0.01 T-out: N T-r: 99.98%
c [distill-long-red1] cls tried: 425/492 T: 0.12 T-out: Y T-r: -0.13%
c rst  geom  stb  vmt   458  145K     664  1084     0    5.45    5.45   623  2107   47K     2   17.24   17.24
c rst  geom  stb  vmt   459  146K     664  1084     0    5.45    5.45   623  2114   48K     2   17.24   17.24
c rst  geom  stb  vmt   460  147K     664  1084     0    5.45    5.45   624  2118   49K     2   17.24   17.24
c rst  geom  stb  vmt   461  148K     664  1084     0    5.45    5.45   624  2121   51K     2   17.25   17.25
c rst  geom  stb  vmt   462  150K     664  1084     0    5.45    5.45   763  2395   37K     2   16.99   16.99
c rst  geom  stb  vmt   463  151K     664  1084     0    5.45    5.45   763  2403   38K     2   17.00   17.00
c rst  geom ibes  vmt   464  153K     664  1084     0    5.45    5.45   763  2412   40K     2   16.99   16.99
c [distill] watch-based irred--  cl tried     2168 cl-sh     0 cl-rem    0 lit-rem      0 T: 0.01 T-out: N
c [distill] watch-based   red--  cl tried     1526 cl-sh     0 cl-rem    0 lit-rem      0 T: 0.01 T-out: N
c rst  geom ibes  vmt   465  154K     664  1084     0    5.45    5.45   763  2419   42K     2   16.94   16.94
c [branch] adjusting to: vsids (from: vmtf) var_decay:0.95 descr: VSIDS
c [distill-bin] useful: 0/0/0 lits-rem: 0 cl-rem: 0 0-depth-assigns: 0 T: 0.00 T-out: N
c rst  geom ibes   vs   466  154K     664  1084     0    5.45    5.45   763  2419   42K     2   16.95   16.95
c rst  geom ibes   vs   467  155K     664  1084     0    5.45    5.45   763  2419   42K     2   16.95   16.95
c rst  geom ibes   vs   468  155K     664  1084     0    5.45    5.45   763  2419   42K     2   16.96   16.96
c rst  geom ibes   vs   469  155K     664  1084     0    5.45    5.45   763  2419   42K     2   16.96   16.96
c rst  geom ibes   vs   470  155K     664  1084     0    5.45    5.45   763  2421   42K     2   16.96   16.96
c rst  geom ibes   vs   471  155K     664  1084     0    5.45    5.45   763  2421   42K     2   16.97   16.97
c rst  geom ibes   vs   472  155K     664  1084     0    5.45    5.45   763  2426   43K     2   16.97   16.97
c rst  geom ibes   vs   473  156K     664  1084     0    5.45    5.45   763  2433   43K     2   16.96   16.96
c rst  geom ibes   vs   474  156K     664  1084     0    5.45    5.45   763  2433   43K     2   16.96   16.96
c rst  geom ibes   vs   475  156K     664  1084     0    5.45    5.45   763  2434   43K     2   16.96   16.96
c rst  geom ibes   vs   476  156K     664  1084     0    5.45    5.45   763  2436   44K     2   16.95   16.95
c rst  geom ibes   vs   477  157K     664  1084     0    5.45    5.45   763  2437   44K     2   16.94   16.94
c rst  geom ibes   vs   478  157K     664  1084     0    5.45    5.45   763  2437   44K     2   16.93   16.93
c rst  geom ibes   vs   479  157K     664  1084     0    5.45    5.45   763  2440   45K     2   16.94   16.93
c rst  geom ibes   vs   480  158K     664  1084     0    5.45    5.45   764  2446   45K     2   16.93   16.93
c rst  geom  svd   vs   481  158K     664  1084     0    5.45    5.45   764  2448   45K     2   16.92   16.92
c rst  geom  svd   vs   482  159K     664  1084     0    5.45    5.45   764  2448   46K     2   16.93   16.93
c rst  geom  svd   vs   483  159K     664  1084     0    5.45    5.45   764  2450   46K     2   16.94   16.94
c rst  geom  svd   vs   484  160K     664  1084     0    5.45    5.45   840  2303   47K     2   16.95   16.95
c [distill-long-red0] cls tried: 73/73 T: 0.01 T-out: N T-r: 99.97%
c [distill-long-red1] cls tried: 420/534 T: 0.11 T-out: Y T-r: -0.27%
c rst  geom  svd   vs   485  161K     664  1084     0    5.45    5.45   840  2310   48K     2   16.94   16.94
c [impl-str] lit bin: 0 set-var: 0 T: 0.00 T-out: N T-r: 99.97% w-visit: 1330
c [impl-sub] bin: 0 T: 0.00 T-out: N w-visit: 1330
c rst  geom  svd   vs   486  161K     664  1084     0    5.45    5.45   840  2315   48K     2   16.95   16.95
c rst  geom  svd   vs   487  162K     664  1084     0    5.45    5.45   840  2322   49K     2   16.94   16.94
c rst  geom  svd   vs   488  163K     664  1084     0    5.45    5.45   840  2324   50K     2   16.97   16.97
c [full-probe]  bin_only: 0 set: 0 repl: 0 T: 0.00 T-out: N T-r: 99.13%
c rst  geom  svd   vs   489  164K     664  1084     0    5.45    5.45   840  2328   51K     2   16.98   16.98
c rst  geom  svd   vs   490  165K     664  1084     0    5.45    5.45   846  2704   38K     2   16.62   16.62
c rst  geom best   vs   491  166K     664  1084     0    5.45    5.45   846  2704   39K     2   16.64   16.64
c rst  geom best   vs   492  167K     664  1084     0    5.45    5.45   846  2708   40K     2   16.61   16.61
c rst  geom best   vs   493  169K     664  1084     0    5.45    5.45   846  2709   42K     2   16.61   16.61
c rst  geom best   vs   494  170K     664  1084     0    5.45    5.45   881  2613   43K     2   16.58   16.58
c rst  geom best   vs   495  172K     664  1084     0    5.45    5.45   881  2617   45K     2   16.59   16.59
c rst  geom  stb   vs   496  174K     664  1084     0    5.45    5.45   881  2625   47K     2   16.59   16.59
c rst  geom  stb   vs   497  176K     664  1084     0    5.45    5.45   881  2633   49K     2   16.61   16.61
c [branch] adjusting to: vmtf (from: vsids) var_decay:0.95 descr: VMTF
c [distill-long-red0] cls tried: 21/21 T: 0.00 T-out: N T-r: 99.99%
c [distill-long-red1] cls tried: 431/522 T: 0.12 T-out: Y T-r: -0.08%
c [distill-bin] useful: 0/0/0 lits-rem: 0 cl-rem: 0 0-depth-assigns: 0 T: 0.00 T-out: N
c rst  luby  stb  vmt   498  176K     664  1084     0    5.45    5.45   881  2633   49K     2   16.61   16.61
c rst  luby  stb  vmt   499  176K     664  1084     0    5.45    5.45   881  2634   49K     2   16.62   16.62
c rst  luby  stb  vmt   500  176K     664  1084     0    5.45    5.45   881  2634   49K     2   16.62   16.62
c rst  luby  stb  vmt   501  176K     664  1084     0    5.45    5.45   881  2635   49K     2   16.62   16.62
c rst  luby  stb  vmt   502  177K     664  1084     0    5.45    5.45   881  2636   49K     2   16.63   16.63
c rst  luby  stb  vmt   503  177K     664  1084     0    5.45    5.45   881  2639   50K     2   16.64   16.64
c rst  luby  stb  vmt   504  177K     664  1084     0    5.45    5.45   881  2643   50K     2   16.65   16.65
c rst  luby  stb  vmt   505  177K     664  1084     0    5.45    5.45   881  2645   50K     2   16.65   16.65
c rst  luby  stb  vmt   506  177K     664  1084     0    5.45    5.45   881  2645   50K     2   16.66   16.66
c rst  luby  stb  vmt   507  178K     664  1084     0    5.45    5.45   881  2646   50K     2   16.66   16.66
c rst  luby  stb  vmt   508  178K     664  1084     0    5.45    5.45   881  2647   50K     2   16.67   16.67
c [distill] watch-based irred--  cl tried     2168 cl-sh     0 cl-rem    0 lit-rem      0 T: 0.02 T-out: N
c [distill] watch-based   red--  cl tried     1762 cl-sh     0 cl-rem    0 lit-rem      0 T: 0.02 T-out: N
c rst  luby  stb  vmt   509  178K     664  1084     0    5.45    5.45   881  2647   51K     2   16.68   16.68
c rst  luby  stb  vmt   510  178K     664  1084     0    5.45    5.45   881  2648   51K     2   16.69   16.69
c rst  luby  stb  vmt   511  178K     664  1084     0    5.45    5.45   881  2654   51K     2   16.69   16.69
c rst  luby  stb  vmt   512  179K     664  1084     0    5.45    5.45   883  2658   52K     2   16.72   16.72
c rst  luby ibes  vmt   513  179K     664  1084     0    5.45    5.45   883  2658   52K     2   16.72   16.72
c rst  luby ibes  vmt   514  179K     664  1084     0    5.45    5.45   883  2658   52K     2   16.72   16.72
c rst  luby ibes  vmt   515  180K     664  1084     0    5.45    5.45   956  2758   38K     2   16.47   16.47
c rst  luby ibes  vmt   516  180K     664  1084     0    5.45    5.45   956  2758   38K     2   16.46   16.46
c rst  luby ibes  vmt   517  180K     664  1084     0    5.45    5.45   956  2759   38K     2   16.46   16.46
c rst  luby ibes  vmt   518  180K     664  1084     0    5.45    5.45   956  2762   38K     2   16.47   16.46
c rst  luby ibes  vmt   519  180K     664  1084     0    5.45    5.45   956  2762   38K     2   16.47   16.47
c rst  luby ibes  vmt   520  180K     664  1084     0    5.45    5.45   956  2763   38K     2   16.47   16.47
c rst  luby ibes  vmt   521  181K     664  1084     0    5.45    5.45   956  2763   39K     2   16.47   16.47
c rst  luby ibes  vmt   522  181K     664  1084     0    5.45    5.45   956  2763   39K     2   16.47   16.47
c rst  luby ibes  vmt   523  181K     664  1084     0    5.45    5.45   956  2763   39K     2   16.48   16.47
c rst  luby ibes  vmt   524  181K     664  1084     0    5.45    5.45   956  2763   39K     2   16.48   16.48
c rst  luby ibes  vmt   525  181K     664  1084     0    5.45    5.45   956  2764   39K     2   16.48   16.48
c rst  luby ibes  vmt   526  182K     664  1084     0    5.45    5.45   956  2766   40K     2   16.48   16.48
c rst  luby ibes  vmt   527  182K     664  1084     0    5.45    5.45   956  2769   40K     2   16.48   16.48
c rst  luby ibes  vmt   528  184K     664  1084     0    5.45    5.45   956  2780   42K     2   16.51   16.51
c [full-probe]  bin_only: 1 set: 0 repl: 0 T: 0.00 T-out: N T-r: 99.96%
c rst  luby ibes  vmt   529  184K     664  1084     0    5.45    5.45   956  2780   42K     2   16.51   16.51
c rst  luby ibes  vmt   530  184K     664  1084     0    5.45    5.45   956  2780   42K     2   16.51   16.51
c rst  luby ibes  vmt   531  184K     664  1084     0    5.45    5.45   956  2780   42K     2   16.52   16.52
c rst  luby ibes  vmt   532  184K     664  1084     0    5.45    5.45   956  2780   42K     2   16.52   16.51
c rst  luby ibes  vmt   533  185K     664  1084     0    5.45    5.45   956  2783   43K     2   16.51   16.51
c rst  luby ibes  vmt   534  185K     664  1084     0    5.45    5.45   956  2785   43K     2   16.51   16.51
c rst  luby ibes  vmt   535  185K     664  1084     0    5.45    5.45   956  2794   43K     2   16.52   16.52
c rst  luby ibes  vmt   536  185K     664  1084     0    5.45    5.45   956  2794   43K     2   16.52   16.52
c rst  luby ibes  vmt   537  185K     664  1084     0    5.45    5.45   956  2797   43K     2   16.53   16.52
c rst  luby ibes  vmt   538  186K     664  1084     0    5.45    5.45   956  2799   44K     2   16.53   16.53
c rst  luby ibes  vmt   539  186K     664  1084     0    5.45    5.45   956  2799   44K     2   16.53   16.53
c rst  luby ibes  vmt   540  186K     664  1084     0    5.45    5.45   956  2799   44K     2   16.53   16.53
c rst  luby ibes  vmt   541  186K     664  1084     0    5.45    5.45   956  2802   44K     2   16.54   16.53
c rst  luby  svd  vmt   542  186K     664  1084     0    5.45    5.45   956  2804   44K     2   16.55   16.55
c rst  luby  svd  vmt   543  187K     664  1084     0    5.45    5.45   956  2804   45K     2   16.58   16.58
c rst  luby  svd  vmt   544  187K     664  1084     0    5.45    5.45   956  2804   45K     2   16.59   16.59
c rst  luby  svd  vmt   545  187K     664  1084     0    5.45    5.45   956  2804   45K     2   16.59   16.59
c rst  luby  svd  vmt   546  188K     664  1084     0    5.45    5.45   956  2805   46K     2   16.60   16.60
c rst  luby  svd  vmt   547  188K     664  1084     0    5.45    5.45   956  2805   46K     2   16.60   16.60
c rst  luby  svd  vmt   548  188K     664  1084     0    5.45    5.45   956  2806   46K     2   16.61   16.61
c rst  luby  svd  vmt   549  188K     664  1084     0    5.45    5.45   956  2806   46K     2   16.62   16.62
c rst  luby  svd  vmt   550  188K     664  1084     0    5.45    5.45   956  2812   46K     2   16.63   16.63
c rst  luby  svd  vmt   551  189K     664  1084     0    5.45    5.45   956  2815   46K     2   16.63   16.63
c rst  luby  svd  vmt   552  189K     664  1084     0    5.45    5.45   956  2815   47K     2   16.63   16.63
c rst  luby  svd  vmt   553  189K     664  1084     0    5.45    5.45   956  2815   47K     2   16.64   16.64
c rst  luby  svd  vmt   554  189K     664  1084     0    5.45    5.45   956  2818   47K     2   16.65   16.65
c rst  luby  svd  vmt   555  189K     664  1084     0    5.45    5.45   956  2818   47K     2   16.65   16.65
c rst  luby  svd  vmt   556  189K     664  1084     0    5.45    5.45   956  2818   47K     2   16.65   16.65
c rst  luby  svd  vmt   557  190K     664  1084     0    5.45    5.45  1052  2603   48K     2   16.65   16.65
c rst  luby  svd  vmt   558  190K     664  1084     0    5.45    5.45  1052  2607   48K     2   16.65   16.65
c rst  luby  svd  vmt   559  192K     664  1084     0    5.45    5.45  1052  2617   50K     2   16.66   16.66
c [distill-long-red0] cls tried: 63/63 T: 0.01 T-out: N T-r: 99.97%
c [distill-long-red1] cls tried: 388/388 T: 0.14 T-out: N T-r: 9.52%
c rst  luby  svd  vmt   560  195K     664  1084     0    5.45    5.45  1072  3024   38K     2   16.40   16.40
c rst  geom best  vmt   561  195K     664  1084     0    5.45    5.45  1072  3024   38K     2   16.41   16.41
c rst  geom best  vmt   562  195K     664  1084     0    5.45    5.45  1072  3024   39K     2   16.41   16.41
c rst  geom best  vmt   563  196K     664  1084     0    5.45    5.45  1072  3026   39K     2   16.42   16.42
c rst  geom best  vmt   564  196K     664  1084     0    5.45    5.45  1072  3026   39K     2   16.42   16.42
c rst  geom best  vmt   565  196K     664  1084     0    5.45    5.45  1072  3026   39K     2   16.43   16.43
c rst  geom best  vmt   566  196K     664  1084     0    5.45    5.45  1072  3026   39K     2   16.44   16.44
c [distill-bin] useful: 0/0/0 lits-rem: 0 cl-rem: 0 0-depth-assigns: 0 T: 0.00 T-out: N
c rst  geom best  vmt   567  196K     664  1084     0    5.45    5.45  1072  3027   39K     2   16.45   16.45
c rst  geom best  vmt   568  196K     664  1084     0    5.45    5.45  1072  3027   40K     2   16.46   16.46
c rst  geom best  vmt   569  197K     664  1084     0    5.45    5.45  1072  3027   40K     2   16.47   16.47
c rst  geom best  vmt   570  197K     664  1084     0    5.45    5.45  1072  3028   40K     2   16.47   16.47
c rst  geom best  vmt   571  197K     664  1084     0    5.45    5.45  1073  3035   40K     2   16.47   16.47
c [branch] adjusting to: vsids (from: vmtf) var_decay:0.95 descr: VSIDS
c rst  geom best   vs   572  197K     664  1084     0    5.45    5.45  1073  3035   41K     2   16.48   16.48
c rst  geom best   vs   573  197K     664  1084     0    5.45    5.45  1073  3035   41K     2   16.48   16.48
c rst  geom best   vs   574  198K     664  1084     0    5.45    5.45  1073  3035   41K     2   16.48   16.48
c rst  geom best   vs   575  198K     664  1084     0    5.45    5.45  1073  3035   41K     2   16.48   16.48
c rst  geom best   vs   576  198K     664  1084     0    5.45    5.45  1073  3035   41K     2   16.49   16.49
c rst  geom best   vs   577  198K     664  1084     0    5.45    5.45  1073  3035   41K     2   16.49   16.49
c rst  geom best   vs   578  198K     664  1084     0    5.45    5.45  1073  3035   41K     2   16.49   16.49
c rst  geom best   vs   579  199K     664  1084     0    5.45    5.45  1073  3035   42K     2   16.49   16.49
c rst  geom best   vs   580  199K     664  1084     0    5.45    5.45  1073  3040   42K     2   16.49   16.49
c rst  geom best   vs   581  199K     664  1084     0    5.45    5.45  1073  3043   42K     2   16.50   16.50
c rst  geom best   vs   582  199K     664  1084     0    5.45    5.45  1073  3043   42K     2   16.50   16.50
c rst  geom best   vs   583  200K     664  1084     0    5.45    5.45  1159  2867   43K     2   16.50   16.50
c rst  geom best   vs   584  200K     664  1084     0    5.45    5.45  1159  2867   43K     2   16.50   16.50
c rst  geom best   vs   585  200K     664  1084     0    5.45    5.45  1159  2867   44K     2   16.51   16.51
c rst  geom best   vs   586  201K     664  1084     0    5.45    5.45  1159  2868   44K     2   16.51   16.51
c rst  geom best   vs   587  201K     664  1084     0    5.45    5.45  1159  2868   44K     2   16.51   16.51
c rst  geom best   vs   588  202K     664  1084     0    5.45    5.45  1159  2868   45K     2   16.52   16.52
c rst  geom best   vs   589  202K     664  1084     0    5.45    5.45  1159  2871   45K     2   16.53   16.53
c rst  geom  stb   vs   590  203K     664  1084     0    5.45    5.45  1159  2874   46K     2   16.55   16.55
c [distill] watch-based irred--  cl tried     2168 cl-sh     0 cl-rem    0 lit-rem      0 T: 0.02 T-out: N
c [distill] watch-based   red--  cl tried     2318 cl-sh     0 cl-rem    0 lit-rem      0 T: 0.02 T-out: N
c rst  geom  stb   vs   591  203K     664  1084     0    5.45    5.45  1159  2875   47K     2   16.56   16.56
c rst  geom  stb   vs   592  204K     664  1084     0    5.45    5.45  1159  2879   47K     2   16.56   16.56
c [full-probe]  bin_only: 0 set: 0 repl: 0 T: 0.00 T-out: N T-r: 99.16%
c rst  geom  stb   vs   593  205K     664  1084     0    5.45    5.45  1159  2882   48K     2   16.57   16.57
c rst  geom  stb   vs   594  206K     664  1084     0    5.45    5.45  1159  2886   49K     2   16.58   16.58
c rst  geom  stb   vs   595  207K     664  1084     0    5.45    5.45  1159  2888   50K     2   16.62   16.62
c rst  geom  stb   vs   596  208K     664  1084     0    5.45    5.45  1159  2890   51K     2   16.61   16.61
c [distill-long-red0] cls tried: 27/27 T: 0.01 T-out: N T-r: 99.98%
c [distill-long-red1] cls tried: 393/430 T: 0.13 T-out: Y T-r: -0.13%
c rst  geom  stb   vs   597  209K     664  1084     0    5.45    5.45  1159  2893   52K     2   16.60   16.60
c rst  geom  stb   vs   598  210K     664  1084     0    5.45    5.45  1211  3035   39K     2   16.44   16.44
c rst  geom ibes   vs   599  212K     664  1084     0    5.45    5.45  1211  3037   40K     2   16.43   16.43
c rst  geom ibes   vs   600  213K     664  1084     0    5.45    5.45  1211  3042   42K     2   16.40   16.40
c rst  geom ibes   vs   601  215K     664  1084     0    5.45    5.45  1211  3049   43K     2   16.33   16.33
c rst  geom ibes   vs   602  217K     664  1084     0    5.45    5.45  1211  3058   45K     2   16.27   16.27
c [distill-bin] useful: 0/0/0 lits-rem: 0 cl-rem: 0 0-depth-assigns: 0 T: 0.00 T-out: N
c rst  geom ibes   vs   603  219K     664  1084     0    5.45    5.45  1211  3062   47K     2   16.25   16.25
c rst  geom  svd   vs   604  221K     664  1084     0    5.45    5.45  1254  2915   49K     2   16.25   16.25
c [impl-str] lit bin: 0 set-var: 0 T: 0.00 T-out: N T-r: 99.97% w-visit: 1330
c [impl-sub] bin: 0 T: 0.00 T-out: N w-visit: 1330
c rst  geom  svd   vs   605  224K     664  1084     0    5.45    5.45  1254  2919   52K     2   16.30   16.30
c [branch] adjusting to: vmtf (from: vsids) var_decay:0.95 descr: VMTF
c [distill-long-red0] cls tried: 19/19 T: 0.01 T-out: N T-r: 99.98%
c [distill-long-red1] cls tried: 330/414 T: 0.12 T-out: Y T-r: -0.90%
c rst  luby  svd  vmt   606  224K     664  1084     0    5.45    5.45  1254  2919   52K     2   16.31   16.31
c rst  luby  svd  vmt   607  224K     664  1084     0    5.45    5.45  1254  2919   52K     2   16.31   16.31
c rst  luby  svd  vmt   608  224K     664  1084     0    5.45    5.45  1254  2919   52K     2   16.32   16.32
c rst  luby  svd  vmt   609  224K     664  1084     0    5.45    5.45  1254  2919   52K     2   16.33   16.33
c rst  luby  svd  vmt   610  224K     664  1084     0    5.45    5.45  1254  2919   53K     2   16.33   16.33
c [full-probe]  bin_only: 1 set: 0 repl: 0 T: 0.00 T-out: N T-r: 99.95%
c rst  luby  svd  vmt   611  224K     664  1084     0    5.45    5.45  1254  2919   53K     2   16.35   16.35
c rst  luby  svd  vmt   612  225K     664  1084     0    5.45    5.45  1262  3222   38K     2   15.98   15.98
c rst  luby  svd  vmt   613  225K     664  1084     0    5.45    5.45  1262  3222   38K     2   15.98   15.98
c rst  luby  svd  vmt   614  225K     664  1084     0    5.45    5.45  1262  3223   39K     2   15.99   15.99
c rst  luby  svd  vmt   615  225K     664  1084     0    5.45    5.45  1262  3228   39K     2   15.99   15.99
c rst  luby  svd  vmt   616  225K     664  1084     0    5.45    5.45  1262  3229   39K     2   15.99   15.99
c rst  luby  svd  vmt   617  225K     664  1084     0    5.45    5.45  1262  3232   39K     2   16.00   16.00
c rst  luby  svd  vmt   618  226K     664  1084     0    5.45    5.45  1262  3234   39K     2   16.02   16.02
c rst  luby  svd  vmt   619  226K     664  1084     0    5.45    5.45  1262  3236   40K     2   16.06   16.06
c rst  luby  svd  vmt   620  227K     664  1084     0    5.45    5.45  1263  3243   40K     2   16.09   16.09
c rst  geom best  vmt   621  227K     664  1084     0    5.45    5.45  1263  3245   40K     2   16.10   16.10
c rst  geom best  vmt   622  227K     664  1084     0    5.45    5.45  1263  3246   41K     2   16.10   16.10
c rst  geom best  vmt   623  227K     664  1084     0    5.45    5.45  1263  3247   41K     2   16.11   16.11
c rst  geom best  vmt   624  227K     664  1084     0    5.45    5.45  1263  3248   41K     2   16.11   16.11
c rst  geom best  vmt   625  228K     664  1084     0    5.45    5.45  1263  3248   41K     2   16.11   16.11
c rst  geom best  vmt   626  228K     664  1084     0    5.45    5.45  1263  3248   41K     2   16.11   16.11
c rst  geom best  vmt   627  228K     664  1084     0    5.45    5.45  1263  3251   41K     2   16.12   16.12
c [distill] watch-based irred--  cl tried     2168 cl-sh     0 cl-rem    0 lit-rem      0 T: 0.02 T-out: N
c [distill] watch-based   red--  cl tried     2526 cl-sh     0 cl-rem    0 lit-rem      0 T: 0.03 T-out: N
c rst  geom best  vmt   628  228K     664  1084     0    5.45    5.45  1263  3253   42K     2   16.12   16.12
c rst  geom best  vmt   629  228K     664  1084     0    5.45    5.45  1263  3253   42K     2   16.13   16.13
c rst  geom best  vmt   630  229K     664  1084     0    5.45    5.45  1263  3253   42K     2   16.14   16.14
c rst  geom best  vmt   631  229K     664  1084     0    5.45    5.45  1263  3254   42K     2   16.14   16.14
c rst  geom best  vmt   632  229K     664  1084     0    5.45    5.45  1263  3256   43K     2   16.14   16.14
c rst  geom best  vmt   633  230K     664  1084     0    5.45    5.45  1313  3098   43K     2   16.15   16.15
c rst  geom best  vmt   634  230K     664  1084     0    5.45    5.45  1313  3099   43K     2   16.16   16.16
c rst  geom best  vmt   635  230K     664  1084     0    5.45    5.45  1313  3101   44K     2   16.17   16.17
c rst  geom best  vmt   636  231K     664  1084     0    5.45    5.45  1313  3105   44K     2   16.18   16.18
c rst  geom best  vmt   637  231K     664  1084     0    5.45    5.45  1313  3107   45K     2   16.18   16.18
c rst  geom best  vmt   638  232K     664  1084     0    5.45    5.45  1313  3109   45K     2   16.20   16.20
c rst  geom best  vmt   639  232K     664  1084     0    5.45    5.45  1313  3113   46K     2   16.22   16.22
c rst  geom best  vmt   640  233K     664  1084     0    5.45    5.45  1313  3115   47K     2   16.24   16.24
c rst  geom best  vmt   641  234K     664  1084     0    5.45    5.45  1313  3128   47K     2   16.24   16.24
c rst  geom best  vmt   642  235K     664  1084     0    5.45    5.45  1314  3128   48K     2   16.25   16.24
c rst  geom  stb  vmt   643  235K     664  1084     0    5.45    5.45  1314  3129   49K     2   16.26   16.26
c rst  geom  stb  vmt   644  236K     664  1084     0    5.45    5.45  1314  3134   50K     2   16.29   16.29
c rst  geom  stb  vmt   645  237K     664  1084     0    5.45    5.45  1314  3142   51K     2   16.30   16.30
c [distill-bin] useful: 0/0/0 lits-rem: 0 cl-rem: 0 0-depth-assigns: 0 T: 0.00 T-out: N
c rst  geom  stb  vmt   646  239K     664  1084     0    5.45    5.45  1314  3151   52K     2   16.32   16.32
c [distill-long-red0] cls tried: 27/27 T: 0.01 T-out: N T-r: 99.98%
c [distill-long-red1] cls tried: 337/448 T: 0.12 T-out: Y T-r: -0.28%
c rst  geom  stb  vmt   647  240K     664  1084     0    5.45    5.45  1404  3456   39K     2   15.97   15.97
c rst  geom  stb  vmt   648  241K     664  1084     0    5.45    5.45  1404  3460   40K     2   16.05   16.05
c rst  geom  stb  vmt   649  243K     664  1084     0    5.45    5.45  1404  3476   41K     2   16.05   16.05
c rst  geom ibes  vmt   650  244K     664  1084     0    5.45    5.45  1404  3482   42K     2   16.05   16.05
c ecursive minimization cost OK: 327Kcost/(% lits removed)
c [g 0] truth-find prop checks  : 9688K
c [g 0] -> of which prop        : 73.49 %
c [g 0] -> of which confl       :  0.46 %
c [g 0] elim called             : 68K
c [g 0] ---> which lead to prop : 1349.49 %
c [g 0] ---> which lead to confl:  4.84 %
c [g 0] size: 624   x 663  
c --> Executing strategy token: scc-vrepl
c [scc] new: 0 BP 0M T: 0.00
c [vrep] vars 0 lits 0 rem-bin-cls 0 rem-long-cls 0 BP 0M T: 0.00
c --> Executing strategy token: sub-impl
c [impl-sub] bin: 0 T: 0.00 T-out: N w-visit: 1330
c --> Executing strategy token: breakid
c Executing OCC strategy token(s): 'occ-backw-sub-str,occ-clean-implicit,occ-bve,occ-bva,occ-ternary-res,occ-xor,
c [occ] mem usage for occur 0      MB
c [occ] Linked in IRRED BIN by default: 0
c [occ] Linked in RED   BIN by default: 2
c [occ] mem usage for occur 0      MB
c Mem for watch alloc      : 7           MB (0.00      %)
c Mem for watch array      : 0           MB (0.00      %)
c Executing OCC strategy token: occ-backw-sub-str
c [occ-backw-sub-str-long-w-bins] subs: 0 str: 0 tried: 127 0-depth ass: 0 T: 0.00 T-out: N T-r: 100.00%
c [occ-backw-sub-long-w-long] rem cl: 151 tried: 48703/48703 (100.0%) T: 0.01 T-out: N T-r: 96.75%
c [occ-backw-sub-str-long-w-long] sub: 20 str: 90 tried: 146109/48703 (300.0)  T: 0.04 T-out: N T-r: 92.56%
c Executing OCC strategy token: occ-clean-implicit
c Executing OCC strategy token: occ-bve
c [occ-empty-res] Empty resolvent elimed: 0 T: 0.00 T-out: N
c [occ-bve] iter v-elim 0
c cl_inc_rate=1.0, var_dec_rate=1.0 (grow=0)
c Reduced to 664 vars, 1084 cls (grow=0)
c [occ-bve] iter v-elim 0
c cl_inc_rate=1.0, var_dec_rate=1.0 (grow=3)
c Reduced to 664 vars, 1084 cls (grow=3)
c [occ-bve] iter v-elim 0
c cl_inc_rate=1.0, var_dec_rate=1.0 (grow=4)
c Reduced to 664 vars, 1084 cls (grow=4)
c [occ-bve] iter v-elim 0
c cl_inc_rate=1.0, var_dec_rate=1.0 (grow=6)
c Reduced to 664 vars, 1084 cls (grow=6)
c [occ-bve] iter v-elim 0
c cl_inc_rate=1.0, var_dec_rate=1.0 (grow=9)
c Reduced to 664 vars, 1084 cls (grow=9)
c [occ-bve] iter v-elim 0
c cl_inc_rate=1.0, var_dec_rate=1.0 (grow=13)
c Reduced to 664 vars, 1084 cls (grow=13)
c [occ-bve] iter v-elim 0
c cl_inc_rate=1.0, var_dec_rate=1.0 (grow=16)
c Reduced to 664 vars, 1084 cls (grow=16)
c x n vars       : 664
c #try to eliminate:     7
c #var-elim        :     0
c #T-o: N
c #T-r: 100.00%
c #T  : 0.00
c [occur] 0.02 is overhead
c [occur] link-in T: 0.02 cleanup T: 0.00
c [occ-xor-bve] elimed: 0 T: 0.00 T-out: N
c Executing OCC strategy token: occ-bva
c Executing OCC strategy token: occ-ternary-res
c [occ-ternary-res] Ternary res-tri: 0 res-bin: 0 sub: 0 str: 0 T: 0.00 T-out: N T-r: 99.87%
c Executing OCC strategy token: occ-xor
c [occ-xor] sort occur list T: 0.00
c [occ-xor] found      0 T: 0.00 T-out: N T-r: 100.00%
c --> Executing strategy token: card-find
c --> Executing strategy token: cl-consolidate
c Not consolidating memory.
c --> Executing strategy token: scc-vrepl
c [scc] new: 0 BP 0M T: 0.00
c [vrep] vars 0 lits 0 rem-bin-cls 0 rem-long-cls 0 BP 0M T: 0.00
c --> Executing strategy token: renumber
c --> Executing strategy token: louvain-comms
c [consolidate] mini T: 0.00
c global_timeout_multiplier: 3.9930
c [branch] rebuilding order heap for all branchings. Current branching: vmtf
c [gauss] clauses deleted that are represented by XORs: 0 xorclauses: 625 GJ matrices: 0 T: 0.00
c [find&init matx] performing matrix init
c [matrix] Good   matrix  0    625 x  663  density:0.0064  xorlen avg:  4.24
c [matrix] Using 1 matrices recovered from 0 xors T: 0.00 T-out: N
c rst  geom ibes  vmt   651  245K     664  1084     0    5.45    5.45  1265  3533   43K     2   16.09   16.09
c [full-probe]  bin_only: 0 set: 0 repl: 0 T: 0.00 T-out: N T-r: 99.29%
c rst  geom ibes  vmt   652  246K     664  1084     0    5.45    5.45  1265  3552   45K     2   16.09   16.09
c rst  geom ibes  vmt   653  248K     664  1084     0    5.45    5.45  1265  3567   47K     2   16.05   16.05
c rst  geom ibes  vmt   654  251K     664  1084     0    5.45    5.45  1316  3390   49K     2   16.06   16.06
c [branch] adjusting to: vsids (from: vmtf) var_decay:0.95 descr: VSIDS
c rst  geom  svd   vs   655  251K     664  1084     0    5.45    5.45  1316  3390   49K     2   16.06   16.06
c rst  geom  svd   vs   656  251K     664  1084     0    5.45    5.45  1316  3390   50K     2   16.06   16.06
c rst  geom  svd   vs   657  251K     664  1084     0    5.45    5.45  1316  3391   50K     2   16.06   16.06
c rst  geom  svd   vs   658  251K     664  1084     0    5.45    5.45  1316  3391   50K     2   16.07   16.07
c rst  geom  svd   vs   659  251K     664  1084     0    5.45    5.45  1316  3391   50K     2   16.08   16.08
c rst  geom  svd   vs   660  252K     664  1084     0    5.45    5.45  1316  3391   50K     2   16.09   16.09
c rst  geom  svd   vs   661  252K     664  1084     0    5.45    5.45  1316  3391   50K     2   16.10   16.10
c rst  geom  svd   vs   662  252K     664  1084     0    5.45    5.45  1316  3392   51K     2   16.11   16.11
c rst  geom  svd   vs   663  252K     664  1084     0    5.45    5.45  1316  3392   51K     2   16.12   16.12
c rst  geom  svd   vs   664  252K     664  1084     0    5.45    5.45  1316  3393   51K     2   16.11   16.11
c rst  geom  svd   vs   665  253K     664  1084     0    5.45    5.45  1316  3393   51K     2   16.11   16.11
c rst  geom  svd   vs   666  253K     664  1084     0    5.45    5.45  1316  3393   52K     2   16.12   16.12
c [distill] watch-based irred--  cl tried     2168 cl-sh     0 cl-rem    0 lit-rem      0 T: 0.02 T-out: N
c [distill] watch-based   red--  cl tried     2632 cl-sh     0 cl-rem    0 lit-rem      0 T: 0.04 T-out: N
c rst  geom  svd   vs   667  253K     664  1084     0    5.45    5.45  1316  3395   52K     2   16.13   16.13
c rst  geom  svd   vs   668  254K     664  1084     0    5.45    5.45  1316  3396   52K     2   16.13   16.13
c [distill-long-red0] cls tried: 57/57 T: 0.02 T-out: N T-r: 99.96%
c [distill-long-red1] cls tried: 240/671 T: 0.11 T-out: Y T-r: -0.40%
c rst  geom  svd   vs   669  254K     664  1084     0    5.45    5.45  1316  3397   53K     2   16.14   16.14
c rst  geom  svd   vs   670  255K     664  1084     0    5.45    5.45  1324  3668   38K     2   16.11   16.11
c rst  geom  svd   vs   671  255K     664  1084     0    5.45    5.45  1324  3670   39K     2   16.13   16.13
c rst  geom  svd   vs   672  256K     664  1084     0    5.45    5.45  1324  3673   39K     2   16.15   16.15
c rst  geom  svd   vs   673  256K     664  1084     0    5.45    5.45  1324  3676   40K     2   16.15   16.15
c rst  geom  svd   vs   674  257K     664  1084     0    5.45    5.45  1324  3678   40K     2   16.16   16.16
c rst  geom  svd   vs   675  258K     664  1084     0    5.45    5.45  1324  3681   41K     2   16.18   16.18
c [distill-bin] useful: 0/0/0 lits-rem: 0 cl-rem: 0 0-depth-assigns: 0 T: 0.00 T-out: N
c rst  geom  svd   vs   676  258K     664  1084     0    5.45    5.45  1324  3681   42K     2   16.21   16.21
c rst  geom best   vs   677  259K     664  1084     0    5.45    5.45  1324  3684   43K     2   16.22   16.22
c rst  geom best   vs   678  260K     664  1084     0    5.45    5.45  1367  3528   44K     2   16.25   16.25
c rst  geom best   vs   679  261K     664  1084     0    5.45    5.45  1367  3530   45K     2   16.28   16.28
c rst  geom best   vs   680  262K     664  1084     0    5.45    5.45  1367  3540   46K     2   16.29   16.29
c rst  geom best   vs   681  264K     664  1084     0    5.45    5.45  1367  3544   47K     2   16.31   16.31
c rst  geom best   vs   682  265K     664  1084     0    5.45    5.45  1367  3554   49K     2   16.30   16.30
c [full-probe]  bin_only: 1 set: 0 repl: 0 T: 0.00 T-out: N T-r: 99.96%
c rst  geom best   vs   683  267K     664  1084     0    5.45    5.45  1367  3566   50K     2   16.28   16.28
c rst  geom  stb   vs   684  268K     664  1084     0    5.45    5.45  1367  3571   52K     2   16.32   16.32
c rst  geom  stb   vs   685  270K     664  1084     0    5.45    5.45  1432  3707   39K     2   16.00   16.00
c [distill-long-red0] cls tried: 62/62 T: 0.01 T-out: N T-r: 99.97%
c [distill-long-red1] cls tried: 432/1024 T: 0.12 T-out: Y T-r: -0.30%
c rst  geom  stb   vs   686  272K     664  1084     0    5.45    5.45  1432  3715   41K     2   16.05   16.05
c rst  geom  stb   vs   687  275K     664  1084     0    5.45    5.45  1433  3738   43K     2   16.07   16.07
c rst  geom ibes   vs   688  277K     664  1084     0    5.45    5.45  1433  3752   45K     2   16.06   16.06
c rst  geom ibes   vs   689  280K     664  1084     0    5.45    5.45  1508  3546   48K     2   16.00   16.00
c [distill-bin] useful: 0/0/0 lits-rem: 0 cl-rem: 0 0-depth-assigns: 0 T: 0.00 T-out: N
c [distill] watch-based irred--  cl tried     2168 cl-sh     0 cl-rem    0 lit-rem      0 T: 0.02 T-out: N
c [distill] watch-based   red--  cl tried     3016 cl-sh     0 cl-rem    0 lit-rem      0 T: 0.04 T-out: N
c rst  geom ibes   vs   690  283K     664  1084     0    5.45    5.45  1508  3560   51K     2   15.93   15.93
c [branch] adjusting to: vmtf (from: vsids) var_decay:0.95 descr: VMTF
c [impl-str] lit bin: 0 set-var: 0 T: 0.00 T-out: N T-r: 99.97% w-visit: 1330
c [impl-sub] bin: 0 T: 0.00 T-out: N w-visit: 1330
c rst  luby  svd  vmt   691  283K     664  1084     0    5.45    5.45  1508  3560   51K     2   15.94   15.94
c rst  luby  svd  vmt   692  283K     664  1084     0    5.45    5.45  1508  3560   51K     2   15.94   15.94
c rst  luby  svd  vmt   693  283K     664  1084     0    5.45    5.45  1508  3561   52K     2   15.95   15.95
c rst  luby  svd  vmt   694  283K     664  1084     0    5.45    5.45  1508  3561   52K     2   15.96   15.96
c rst  luby  svd  vmt   695  283K     664  1084     0    5.45    5.45  1508  3561   52K     2   15.96   15.96
c rst  luby  svd  vmt   696  284K     664  1084     0    5.45    5.45  1508  3561   52K     2   15.97   15.97
c rst  luby  svd  vmt   697  284K     664  1084     0    5.45    5.45  1508  3567   52K     2   15.98   15.98
c rst  luby  svd  vmt   698  284K     664  1084     0    5.45    5.45  1508  3573   52K     2   15.98   15.98
c rst  luby  svd  vmt   699  284K     664  1084     0    5.45    5.45  1508  3573   53K     2   15.99   15.99
c rst  luby  svd  vmt   700  284K     664  1084     0    5.45    5.45  1508  3573   53K     2   15.99   15.99
c rst  luby  svd  vmt   701  284K     664  1084     0    5.45    5.45  1508  3574   53K     2   16.00   16.00
c rst  luby  svd  vmt   702  285K     664  1084     0    5.45    5.45  1522  3898   38K     2   15.67   15.67
c rst  luby  svd  vmt   703  285K     664  1084     0    5.45    5.45  1522  3898   38K     2   15.68   15.68
c rst  luby  svd  vmt   704  285K     664  1084     0    5.45    5.45  1522  3899   39K     2   15.68   15.68
c [full-probe]  bin_only: 0 set: 0 repl: 0 T: 0.00 T-out: N T-r: 99.34%
c rst  luby  svd  vmt   705  286K     664  1084     0    5.45    5.45  1522  3905   40K     2   15.71   15.71
c [distill-long-red0] cls tried: 44/44 T: 0.01 T-out: N T-r: 99.97%
c [distill-long-red1] cls tried: 417/956 T: 0.14 T-out: Y T-r: -0.21%
c rst  luby  svd  vmt   706  286K     664  1084     0    5.45    5.45  1522  3905   40K     2   15.71   15.71
c rst  luby  svd  vmt   707  286K     664  1084     0    5.45    5.45  1522  3905   40K     2   15.72   15.72
c rst  luby  svd  vmt   708  286K     664  1084     0    5.45    5.45  1522  3905   40K     2   15.73   15.73
c rst  luby  svd  vmt   709  287K     664  1084     0    5.45    5.45  1522  3905   40K     2   15.74   15.74
c rst  luby  svd  vmt   710  287K     664  1084     0    5.45    5.45  1522  3906   40K     2   15.75   15.75
c rst  luby  svd  vmt   711  287K     664  1084     0    5.45    5.45  1522  3908   40K     2   15.75   15.75
c rst  luby  svd  vmt   712  287K     664  1084     0    5.45    5.45  1522  3908   41K     2   15.76   15.76
c rst  luby  svd  vmt   713  287K     664  1084     0    5.45    5.45  1522  3911   41K     2   15.76   15.76
c rst  luby  svd  vmt   714  287K     664  1084     0    5.45    5.45  1522  3911   41K     2   15.77   15.77
c rst  luby  svd  vmt   715  288K     664  1084     0    5.45    5.45  1522  3912   41K     2   15.78   15.78
c rst  luby  svd  vmt   716  288K     664  1084     0    5.45    5.45  1522  3912   41K     2   15.79   15.79
c rst  luby  svd  vmt   717  288K     664  1084     0    5.45    5.45  1522  3914   41K     2   15.79   15.79
c rst  luby  svd  vmt   718  288K     664  1084     0    5.45    5.45  1522  3914   42K     2   15.80   15.80
c rst  luby  svd  vmt   719  288K     664  1084     0    5.45    5.45  1522  3915   42K     2   15.82   15.82
c rst  luby  svd  vmt   720  289K     664  1084     0    5.45    5.45  1522  3919   43K     2   15.86   15.86
c rst  luby  svd  vmt   721  291K     664  1084     0    5.45    5.45  1578  3693   44K     2   15.92   15.92
c rst  geom best  vmt   722  291K     664  1084     0    5.45    5.45  1578  3693   45K     2   15.92   15.92
c rst  geom best  vmt   723  291K     664  1084     0    5.45    5.45  1578  3694   45K     2   15.93   15.93
c rst  geom best  vmt   724  291K     664  1084     0    5.45    5.45  1578  3696   45K     2   15.93   15.92
c rst  geom best  vmt   725  291K     664  1084     0    5.45    5.45  1578  3696   45K     2   15.93   15.93
c rst  geom best  vmt   726  292K     664  1084     0    5.45    5.45  1578  3696   45K     2   15.93   15.93
c rst  geom best  vmt   727  292K     664  1084     0    5.45    5.45  1578  3696   45K     2   15.94   15.94
c rst  geom best  vmt   728  292K     664  1084     0    5.45    5.45  1578  3696   46K     2   15.95   15.94
c rst  geom best  vmt   729  292K     664  1084     0    5.45    5.45  1578  3696   46K     2   15.95   15.95
c rst  geom best  vmt   730  292K     664  1084     0    5.45    5.45  1578  3697   46K     2   15.96   15.96
c rst  geom best  vmt   731  293K     664  1084     0    5.45    5.45  1578  3698   46K     2   15.98   15.98
c rst  geom best  vmt   732  293K     664  1084     0    5.45    5.45  1578  3700   47K     2   15.99   15.99
c rst  geom best  vmt   733  293K     664  1084     0    5.45    5.45  1578  3702   47K     2   16.00   16.00
c rst  geom best  vmt   734  294K     664  1084     0    5.45    5.45  1578  3703   47K     2   16.02   16.02
c rst  geom best  vmt   735  294K     664  1084     0    5.45    5.45  1578  3703   48K     2   16.03   16.03
c rst  geom best  vmt   736  294K     664  1084     0    5.45    5.45  1578  3703   48K     2   16.03   16.03
c rst  geom best  vmt   737  295K     664  1084     0    5.45    5.45  1578  3705   48K     2   16.04   16.03
c rst  geom best  vmt   738  295K     664  1084     0    5.45    5.45  1578  3705   49K     2   16.05   16.05
c rst  geom best  vmt   739  296K     664  1084     0    5.45    5.45  1578  3710   49K     2   16.07   16.07
c rst  geom best  vmt   740  296K     664  1084     0    5.45    5.45  1578  3715   50K     2   16.08   16.08
c rst  geom best  vmt   741  297K     664  1084     0    5.45    5.45  1578  3717   51K     2   16.11   16.11
c rst  geom best  vmt   742  298K     664  1084     0    5.45    5.45  1578  3722   51K     2   16.13   16.13
c rst  geom best  vmt   743  299K     664  1084     0    5.45    5.45  1578  3727   52K     2   16.14   16.14
c rst  geom best  vmt   744  299K     664  1084     0    5.45    5.45  1578  3730   53K     2   16.14   16.14
c rst  geom  stb  vmt   745  300K     664  1084     0    5.45    5.45  1675  3938   39K     2   15.89   15.89
c [distill-bin] useful: 0/0/0 lits-rem: 0 cl-rem: 0 0-depth-assigns: 0 T: 0.00 T-out: N
c rst  geom  stb  vmt   746  301K     664  1084     0    5.45    5.45  1675  3944   40K     2   15.91   15.91
c [distill-long-red0] cls tried: 69/69 T: 0.02 T-out: N T-r: 99.96%
c [distill-long-red1] cls tried: 462/934 T: 0.12 T-out: Y T-r: -0.32%
c rst  geom  stb  vmt   747  303K     664  1084     0    5.45    5.45  1675  3950   41K     2   15.95   15.95
c rst  geom  stb  vmt   748  304K     664  1084     0    5.45    5.45  1675  3963   42K     2   15.97   15.97
c rst  geom  stb  vmt   749  305K     664  1084     0    5.45    5.45  1675  3972   44K     2   16.02   16.02
c [full-probe]  bin_only: 1 set: 0 repl: 0 T: 0.00 T-out: N T-r: 99.96%
c [distill] watch-based irred--  cl tried     2168 cl-sh     0 cl-rem    0 lit-rem      0 T: 0.02 T-out: N
c [distill] watch-based   red--  cl tried     3350 cl-sh     0 cl-rem    0 lit-rem      0 T: 0.03 T-out: N
c rst  geom  stb  vmt   750  307K     664  1084     0    5.45    5.45  1675  3988   45K     2   16.06   16.06
c rst  geom  stb  vmt   751  309K     664  1084     0    5.45    5.45  1675  4008   47K     2   16.11   16.11
c rst  geom ibes  vmt   752  310K     664  1084     0    5.45    5.45  1772  3660   49K     2   16.11   16.11
c rst  geom ibes  vmt   753  312K     664  1084     0    5.45    5.45  1772  3674   51K     2   16.09   16.09
c rst  geom ibes  vmt   754  315K     664  1084     0    5.45    5.45  1793  4167   38K     2   15.85   15.85
c [branch] adjusting to: vsids (from: vmtf) var_decay:0.95 descr: VSIDS
c rst  geom ibes   vs   755  315K     664  1084     0    5.45    5.45  1793  4167   38K     2   15.86   15.86
c rst  geom ibes   vs   756  315K     664  1084     0    5.45    5.45  1793  4167   39K     2   15.86   15.86
c rst  geom ibes   vs   757  315K     664  1084     0    5.45    5.45  1793  4167   39K     2   15.86   15.86
c rst  geom ibes   vs   758  315K     664  1084     0    5.45    5.45  1793  4167   39K     2   15.85   15.85
c rst  geom ibes   vs   759  315K     664  1084     0    5.45    5.45  1793  4167   39K     2   15.85   15.85
c rst  geom ibes   vs   760  316K     664  1084     0    5.45    5.45  1793  4167   39K     2   15.84   15.84
c rst  geom ibes   vs   761  316K     664  1084     0    5.45    5.45  1793  4170   39K     2   15.84   15.83
c rst  geom ibes   vs   762  316K     664  1084     0    5.45    5.45  1793  4171   40K     2   15.83   15.83
c rst  geom ibes   vs   763  316K     664  1084     0    5.45    5.45  1793  4175   40K     2   15.83   15.83
c rst  geom ibes   vs   764  316K     664  1084     0    5.45    5.45  1793  4176   40K     2   15.83   15.83
c [distill-long-red0] cls tried: 51/51 T: 0.02 T-out: N T-r: 99.97%
c [distill-long-red1] cls tried: 491/975 T: 0.13 T-out: Y T-r: -0.21%
c rst  geom ibes   vs   765  317K     664  1084     0    5.45    5.45  1793  4177   40K     2   15.81   15.81
c rst  geom  svd   vs   766  317K     664  1084     0    5.45    5.45  1793  4177   41K     2   15.83   15.83
c rst  geom  svd   vs   767  317K     664  1084     0    5.45    5.45  1793  4180   41K     2   15.84   15.84
c rst  geom  svd   vs   768  318K     664  1084     0    5.45    5.45  1793  4181   41K     2   15.84   15.84
c rst  geom  svd   vs   769  318K     664  1084     0    5.45    5.45  1793  4184   42K     2   15.85   15.85
c rst  geom  svd   vs   770  319K     664  1084     0    5.45    5.45  1794  4186   42K     2   15.87   15.86
c rst  geom  svd   vs   771  319K     664  1084     0    5.45    5.45  1794  4187   43K     2   15.87   15.87
c rst  geom  svd   vs   772  320K     664  1084     0    5.45    5.45  1875  3918   43K     2   15.88   15.88
c rst  geom  svd   vs   773  320K     664  1084     0    5.45    5.45  1875  3918   44K     2   15.90   15.90
c rst  geom  svd   vs   774  321K     664  1084     0    5.45    5.45  1875  3918   45K     2   15.92   15.92
c [distill-bin] useful: 0/0/0 lits-rem: 0 cl-rem: 0 0-depth-assigns: 0 T: 0.00 T-out: N
c rst  geom  svd   vs   775  322K     664  1084     0    5.45    5.45  1875  3928   45K     2   15.93   15.93
c rst  geom  svd   vs   776  322K     664  1084     0    5.45    5.45  1875  3930   46K     2   15.94   15.94
c rst  geom  svd   vs   777  323K     664  1084     0    5.45    5.45  1875  3932   47K     2   15.95   15.95
c rst  geom  svd   vs   778  324K     664  1084     0    5.45    5.45  1877  3933   48K     2   15.96   15.96
c rst  geom  svd   vs   779  325K     664  1084     0    5.45    5.45  1877  3936   49K     2   15.99   15.99
c [full-probe]  bin_only: 0 set: 0 repl: 0 T: 0.01 T-out: N T-r: 99.20%
c rst  geom best   vs   780  326K     664  1084     0    5.45    5.45  1877  3937   50K     2   16.01   16.01
c rst  geom best   vs   781  328K     664  1084     0    5.45    5.45  1877  3943   51K     2   16.03   16.03
c rst  geom best   vs   782  329K     664  1084     0    5.45    5.45  1877  3963   53K     2   16.05   16.05
c rst  geom best   vs   783  331K     664  1084     0    5.45    5.45  1950  4091   39K     2   15.89   15.89
c [distill] watch-based irred--  cl tried     2168 cl-sh     0 cl-rem    0 lit-rem      0 T: 0.02 T-out: N
c [distill] watch-based   red--  cl tried     3682 cl-sh     0 cl-rem    0 lit-rem      0 T: 0.05 T-out: Y
c rst  geom best   vs   784  332K     664  1084     0    5.45    5.45  1950  4103   41K     2   15.88   15.88
c [distill-long-red0] cls tried: 68/68 T: 0.01 T-out: N T-r: 99.97%
c [distill-long-red1] cls tried: 505/764 T: 0.13 T-out: Y T-r: -0.31%
c rst  geom best   vs   785  334K     664  1084     0    5.45    5.45  1950  4109   43K     2   15.88   15.88
c rst  geom  stb   vs   786  336K     664  1084     0    5.45    5.45  1950  4122   45K     2   15.97   15.97
c rst  geom  stb   vs   787  339K     664  1084     0    5.45    5.45  1950  4130   47K     2   16.01   16.01
c rst  geom  stb   vs   788  341K     664  1084     0    5.45    5.45  2021  3967   50K     2   16.01   16.01
c [distill-bin] useful: 0/0/0 lits-rem: 0 cl-rem: 0 0-depth-assigns: 0 T: 0.00 T-out: N
c rst  geom  stb   vs   789  344K     664  1084     0    5.45    5.45  2021  3973   52K     2   16.03   16.03
c [impl-str] lit bin: 0 set-var: 0 T: 0.00 T-out: N T-r: 99.97% w-visit: 1330
c [impl-sub] bin: 0 T: 0.00 T-out: N w-visit: 1330
c rst  geom ibes   vs   790  347K     664  1084     0    5.45    5.45  2037  4321   40K     2   15.43   15.43
c [full-probe]  bin_only: 1 set: 0 repl: 0 T: 0.00 T-out: N T-r: 99.97%
c rst  geom ibes   vs   791  350K     664  1084     0    5.45    5.45  2072  4019   44K     2   15.38   15.38
c [distill-long-red0] cls tried: 53/53 T: 0.01 T-out: N T-r: 99.98%
c [distill-long-red1] cls tried: 518/608 T: 0.13 T-out: Y T-r: -0.26%
c rst  geom ibes   vs   792  354K     664  1084     0    5.45    5.45  2072  4028   47K     2   15.40   15.40
c [branch] adjusting to: vmtf (from: vsids) var_decay:0.95 descr: VMTF
c rst  luby  svd  vmt   793  354K     664  1084     0    5.45    5.45  2072  4030   48K     2   15.40   15.40
c rst  luby  svd  vmt   794  354K     664  1084     0    5.45    5.45  2072  4030   48K     2   15.41   15.41
c rst  luby  svd  vmt   795  354K     664  1084     0    5.45    5.45  2072  4031   48K     2   15.42   15.42
c rst  luby  svd  vmt   796  354K     664  1084     0    5.45    5.45  2072  4031   48K     2   15.42   15.42
c rst  luby  svd  vmt   797  354K     664  1084     0    5.45    5.45  2072  4031   48K     2   15.43   15.43
c rst  luby  svd  vmt   798  355K     664  1084     0    5.45    5.45  2072  4031   48K     2   15.44   15.44
c rst  luby  svd  vmt   799  355K     664  1084     0    5.45    5.45  2072  4033   49K     2   15.46   15.46
c rst  luby  svd  vmt   800  355K     664  1084     0    5.45    5.45  2072  4033   49K     2   15.47   15.47
c rst  luby  svd  vmt   801  355K     664  1084     0    5.45    5.45  2072  4033   49K     2   15.48   15.48
c rst  luby  svd  vmt   802  355K     664  1084     0    5.45    5.45  2072  4034   49K     2   15.49   15.49
c rst  luby  svd  vmt   803  355K     664  1084     0    5.45    5.45  2073  4034   49K     2   15.49   15.49
c rst  luby  svd  vmt   804  356K     664  1084     0    5.45    5.45  2073  4034   49K     2   15.50   15.50
c rst  luby  svd  vmt   805  356K     664  1084     0    5.45    5.45  2073  4035   49K     2   15.52   15.52
c [distill] watch-based irred--  cl tried     2168 cl-sh     0 cl-rem    0 lit-rem      0 T: 0.02 T-out: N
c [distill] watch-based   red--  cl tried     3745 cl-sh     0 cl-rem    0 lit-rem      0 T: 0.04 T-out: Y
c rst  luby  svd  vmt   806  356K     664  1084     0    5.45    5.45  2073  4036   50K     2   15.54   15.54
c rst  luby  svd  vmt   807  357K     664  1084     0    5.45    5.45  2073  4042   51K     2   15.57   15.57
c rst  luby  svd  vmt   808  357K     664  1084     0    5.45    5.45  2073  4043   51K     2   15.57   15.57
c rst  luby  svd  vmt   809  357K     664  1084     0    5.45    5.45  2073  4043   51K     2   15.58   15.58
c rst  luby  svd  vmt   810  357K     664  1084     0    5.45    5.45  2073  4044   51K     2   15.59   15.59
c rst  luby  svd  vmt   811  357K     664  1084     0    5.45    5.45  2073  4044   51K     2   15.59   15.59
c rst  luby  svd  vmt   812  358K     664  1084     0    5.45    5.45  2073  4045   51K     2   15.60   15.60
c rst  luby  svd  vmt   813  358K     664  1084     0    5.45    5.45  2073  4045   51K     2   15.61   15.61
c rst  luby  svd  vmt   814  358K     664  1084     0    5.45    5.45  2073  4047   52K     2   15.63   15.63
c rst  luby  svd  vmt   815  358K     664  1084     0    5.45    5.45  2073  4047   52K     2   15.64   15.64
c rst  luby  svd  vmt   816  358K     664  1084     0    5.45    5.45  2073  4047   52K     2   15.64   15.64
c rst  luby  svd  vmt   817  359K     664  1084     0    5.45    5.45  2073  4048   52K     2   15.65   15.65
c rst  luby  svd  vmt   818  359K     664  1084     0    5.45    5.45  2073  4048   52K     2   15.66   15.66
c rst  luby  svd  vmt   819  359K     664  1084     0    5.45    5.45  2073  4048   52K     2   15.67   15.67
c rst  luby  svd  vmt   820  359K     664  1084     0    5.45    5.45  2073  4049   53K     2   15.67   15.67
c rst  luby  svd  vmt   821  359K     664  1084     0    5.45    5.45  2073  4053   53K     2   15.68   15.68
c rst  luby  svd  vmt   822  360K     664  1084     0    5.45    5.45  2186  4134   39K     2   15.53   15.53
c rst  luby  svd  vmt   823  362K     664  1084     0    5.45    5.45  2186  4157   40K     2   15.60   15.60
c [distill-bin] useful: 0/0/0 lits-rem: 0 cl-rem: 0 0-depth-assigns: 0 T: 0.00 T-out: N
c rst  luby  svd  vmt   824  362K     664  1084     0    5.45    5.45  2186  4157   41K     2   15.61   15.61
c rst  luby  svd  vmt   825  362K     664  1084     0    5.45    5.45  2186  4157   41K     2   15.61   15.61
c rst  luby  svd  vmt   826  362K     664  1084     0    5.45    5.45  2186  4157   41K     2   15.63   15.63
c rst  luby  svd  vmt   827  362K     664  1084     0    5.45    5.45  2186  4157   41K     2   15.64   15.64
c rst  luby  svd  vmt   828  362K     664  1084     0    5.45    5.45  2186  4157   41K     2   15.65   15.65
c rst  geom best  vmt   829  362K     664  1084     0    5.45    5.45  2186  4157   41K     2   15.65   15.65
c rst  geom best  vmt   830  363K     664  1084     0    5.45    5.45  2186  4157   41K     2   15.65   15.65
c rst  geom best  vmt   831  363K     664  1084     0    5.45    5.45  2186  4157   41K     2   15.65   15.65
c rst  geom best  vmt   832  363K     664  1084     0    5.45    5.45  2186  4158   42K     2   15.66   15.66
c rst  geom best  vmt   833  363K     664  1084     0    5.45    5.45  2186  4158   42K     2   15.67   15.67
c rst  geom best  vmt   834  363K     664  1084     0    5.45    5.45  2186  4165   42K     2   15.68   15.68
c rst  geom best  vmt   835  363K     664  1084     0    5.45    5.45  2186  4165   42K     2   15.69   15.69
c rst  geom best  vmt   836  364K     664  1084     0    5.45    5.45  2186  4168   42K     2   15.71   15.71
c rst  geom best  vmt   837  364K     664  1084     0    5.45    5.45  2186  4174   43K     2   15.71   15.71
c rst  geom best  vmt   838  364K     664  1084     0    5.45    5.45  2186  4175   43K     2   15.72   15.72
c rst  geom best  vmt   839  364K     664  1084     0    5.45    5.45  2186  4177   43K     2   15.73   15.73
c rst  geom best  vmt   840  365K     664  1084     0    5.45    5.45  2186  4177   43K     2   15.74   15.74
c rst  geom best  vmt   841  365K     664  1084     0    5.45    5.45  2186  4184   44K     2   15.75   15.75
c rst  geom best  vmt   842  365K     664  1084     0    5.45    5.45  2186  4189   44K     2   15.74   15.74
c [distill-long-red0] cls tried: 30/30 T: 0.01 T-out: N T-r: 99.98%
c [distill-long-red1] cls tried: 429/524 T: 0.14 T-out: Y T-r: -0.21%
c rst  geom best  vmt   843  366K     664  1084     0    5.45    5.45  2186  4190   45K     2   15.75   15.75
c rst  geom best  vmt   844  366K     664  1084     0    5.45    5.45  2186  4191   45K     2   15.76   15.76
c rst  geom best  vmt   845  367K     664  1084     0    5.45    5.45  2187  4197   45K     2   15.77   15.77
c [full-probe]  bin_only: 0 set: 0 repl: 0 T: 0.00 T-out: N T-r: 99.25%
c rst  geom best  vmt   846  367K     664  1084     0    5.45    5.45  2187  4199   46K     2   15.77   15.77
c rst  geom best  vmt   847  368K     664  1084     0    5.45    5.45  2187  4205   47K     2   15.79   15.79
c rst  geom best  vmt   848  369K     664  1084     0    5.45    5.45  2187  4206   47K     2   15.82   15.82
c rst  geom best  vmt   849  369K     664  1084     0    5.45    5.45  2187  4219   48K     2   15.82   15.82
c rst  geom best  vmt   850  370K     664  1084     0    5.45    5.45  2345  3889   49K     2   15.83   15.83
c rst  geom best  vmt   851  371K     664  1084     0    5.45    5.45  2345  3897   50K     2   15.85   15.85
c rst  geom best  vmt   852  372K     664  1084     0    5.45    5.45  2345  3898   51K     2   15.87   15.87
c rst  geom  stb  vmt   853  373K     664  1084     0    5.45    5.45  2346  3926   52K     2   15.90   15.90
c rst  geom  stb  vmt   854  374K     664  1084     0    5.45    5.45  2346  3937   53K     2   15.92   15.92
c rst  geom  stb  vmt   855  375K     664  1084     0    5.45    5.45  2397  4447   39K     2   15.58   15.58
c rst  geom  stb  vmt   856  377K     664  1084     0    5.45    5.45  2397  4451   40K     2   15.58   15.58
c rst  geom  stb  vmt   857  378K     664  1084     0    5.45    5.45  2397  4458   42K     2   15.60   15.60
c rst  geom  stb  vmt   858  380K     664  1084     0    5.45    5.45  2510  4163   44K     2   15.62   15.62
c rst  geom  stb  vmt   859  382K     664  1084     0    5.45    5.45  2510  4175   46K     2   15.62   15.62
c [distill-long-red0] cls tried: 87/87 T: 0.02 T-out: N T-r: 99.96%
c [distill-long-red1] cls tried: 392/628 T: 0.15 T-out: Y T-r: -0.29%
c [distill-bin] useful: 0/0/0 lits-rem: 0 cl-rem: 0 0-depth-assigns: 0 T: 0.00 T-out: N
c [distill] watch-based irred--  cl tried     2168 cl-sh     0 cl-rem    0 lit-rem      0 T: 0.01 T-out: N
c [distill] watch-based   red--  cl tried     4605 cl-sh     0 cl-rem    0 lit-rem      0 T: 0.04 T-out: Y
c rst  geom ibes  vmt   860  384K     664  1084     0    5.45    5.45  2510  4192   48K     2   15.65   15.65
c rst  geom ibes  vmt   861  386K     664  1084     0    5.45    5.45  2510  4208   50K     2   15.64   15.64
c rst  geom ibes  vmt   862  389K     664  1084     0    5.45    5.45  2510  4218   52K     2   15.64   15.64
c [full-probe]  bin_only: 1 set: 0 repl: 0 T: 0.00 T-out: N T-r: 99.96%
c rst  geom ibes  vmt   863  391K     664  1084     0    5.45    5.45  2592  4369   40K     2   15.61   15.61
c rst  geom  svd  vmt   864  394K     664  1084     0    5.45    5.45  2592  4384   43K     2   15.65   15.65
c [branch] adjusting to: vsids (from: vmtf) var_decay:0.95 descr: VSIDS
c rst  geom  svd   vs   865  395K     664  1084     0    5.45    5.45  2592  4385   43K     2   15.66   15.66
c rst  geom  svd   vs   866  395K     664  1084     0    5.45    5.45  2592  4385   43K     2   15.66   15.66
c rst  geom  svd   vs   867  395K     664  1084     0    5.45    5.45  2592  4385   43K     2   15.67   15.67
c rst  geom  svd   vs   868  395K     664  1084     0    5.45    5.45  2592  4385   44K     2   15.68   15.68
c rst  geom  svd   vs   869  395K     664  1084     0    5.45    5.45  2592  4385   44K     2   15.69   15.69
c rst  geom  svd   vs   870  395K     664  1084     0    5.45    5.45  2592  4386   44K     2   15.69   15.69
c rst  geom  svd   vs   871  395K     664  1084     0    5.45    5.45  2592  4386   44K     2   15.69   15.69
c rst  geom  svd   vs   872  396K     664  1084     0    5.45    5.45  2592  4387   44K     2   15.70   15.70
c rst  geom  svd   vs   873  396K     664  1084     0    5.45    5.45  2592  4389   44K     2   15.70   15.70
c rst  geom  svd   vs   874  396K     664  1084     0    5.45    5.45  2593  4392   45K     2   15.70   15.70
c rst  geom  svd   vs   875  396K     664  1084     0    5.45    5.45  2593  4392   45K     2   15.70   15.70
c rst  geom  svd   vs   876  397K     664  1084     0    5.45    5.45  2593  4392   45K     2   15.71   15.71
c rst  geom  svd   vs   877  397K     664  1084     0    5.45    5.45  2593  4392   46K     2   15.71   15.71
c [distill-long-red0] cls tried: 28/28 T: 0.01 T-out: N T-r: 99.98%
c [distill-long-red1] cls tried: 387/678 T: 0.14 T-out: Y T-r: -0.19%
c rst  geom  svd   vs   878  397K     664  1084     0    5.45    5.45  2593  4394   46K     2   15.71   15.71
c ecursive minimization cost OK: 437Kcost/(% lits removed)
c [g 0] truth-find prop checks  : 14425K
c [g 0] -> of which prop        : 71.50 %
c [g 0] -> of which confl       :  0.43 %
c [g 0] elim called             : 113K
c [g 0] ---> which lead to prop : 1389.60 %
c [g 0] ---> which lead to confl:  4.84 %
c [g 0] size: 624   x 663  
c --> Executing strategy token: scc-vrepl
c [scc] new: 0 BP 0M T: 0.00
c [vrep] vars 0 lits 0 rem-bin-cls 0 rem-long-cls 0 BP 0M T: 0.01
c --> Executing strategy token: sub-impl
c [impl-sub] bin: 0 T: 0.00 T-out: N w-visit: 1330
c --> Executing strategy token: breakid
c Executing OCC strategy token(s): 'occ-backw-sub-str,occ-clean-implicit,occ-bve,occ-bva,occ-ternary-res,occ-xor,
c [occ] mem usage for occur 0      MB
c [occ] Linked in IRRED BIN by default: 0
c [occ] Linked in RED   BIN by default: 2
c [occ] mem usage for occur 0      MB
c Mem for watch alloc      : 8           MB (0.00      %)
c Mem for watch array      : 0           MB (0.00      %)
c Executing OCC strategy token: occ-backw-sub-str
c [occ-backw-sub-str-long-w-bins] subs: 0 str: 0 tried: 129 0-depth ass: 0 T: 0.00 T-out: N T-r: 100.00%
c [occ-backw-sub-long-w-long] rem cl: 256 tried: 54449/54449 (100.0%) T: 0.01 T-out: N T-r: 93.59%
c [occ-backw-sub-str-long-w-long] sub: 43 str: 170 tried: 163347/54449 (300.0)  T: 0.06 T-out: N T-r: 88.43%
c Executing OCC strategy token: occ-clean-implicit
c Executing OCC strategy token: occ-bve
c [occ-empty-res] Empty resolvent elimed: 0 T: 0.00 T-out: N
c [occ-bve] iter v-elim 0
c cl_inc_rate=1.0, var_dec_rate=1.0 (grow=0)
c Reduced to 664 vars, 1084 cls (grow=0)
c [occ-bve] iter v-elim 0
c cl_inc_rate=1.0, var_dec_rate=1.0 (grow=3)
c Reduced to 664 vars, 1084 cls (grow=3)
c [occ-bve] iter v-elim 0
c cl_inc_rate=1.0, var_dec_rate=1.0 (grow=4)
c Reduced to 664 vars, 1084 cls (grow=4)
c [occ-bve] iter v-elim 0
c cl_inc_rate=1.0, var_dec_rate=1.0 (grow=6)
c Reduced to 664 vars, 1084 cls (grow=6)
c [occ-bve] iter v-elim 0
c cl_inc_rate=1.0, var_dec_rate=1.0 (grow=9)
c Reduced to 664 vars, 1084 cls (grow=9)
c [occ-bve] iter v-elim 0
c cl_inc_rate=1.0, var_dec_rate=1.0 (grow=13)
c Reduced to 664 vars, 1084 cls (grow=13)
c [occ-bve] iter v-elim 0
c cl_inc_rate=1.0, var_dec_rate=1.0 (grow=16)
c Reduced to 664 vars, 1084 cls (grow=16)
c x n vars       : 664
c #try to eliminate:     7
c #var-elim        :     0
c #T-o: N
c #T-r: 100.00%
c #T  : 0.00
c [occur] 0.02 is overhead
c [occur] link-in T: 0.02 cleanup T: 0.00
c [occ-xor-bve] elimed: 0 T: 0.00 T-out: N
c Executing OCC strategy token: occ-bva
c Executing OCC strategy token: occ-ternary-res
c [occ-ternary-res] Ternary res-tri: 0 res-bin: 0 sub: 0 str: 0 T: 0.00 T-out: N T-r: 99.86%
c Executing OCC strategy token: occ-xor
c [occ-xor] sort occur list T: 0.00
c [occ-xor] found      0 T: 0.00 T-out: N T-r: 100.00%
c --> Executing strategy token: card-find
c --> Executing strategy token: cl-consolidate
c Not consolidating memory.
c --> Executing strategy token: scc-vrepl
c [scc] new: 0 BP 0M T: 0.00
c [vrep] vars 0 lits 0 rem-bin-cls 0 rem-long-cls 0 BP 0M T: 0.01
c --> Executing strategy token: renumber
c --> Executing strategy token: louvain-comms
c [consolidate] mini T: 0.00
c global_timeout_multiplier: 4.3923
c [branch] rebuilding order heap for all branchings. Current branching: vsids
c [gauss] clauses deleted that are represented by XORs: 0 xorclauses: 625 GJ matrices: 0 T: 0.00
c [find&init matx] performing matrix init
c [matrix] Good   matrix  0    625 x  663  density:0.0064  xorlen avg:  4.24
c [matrix] Using 1 matrices recovered from 0 xors T: 0.00 T-out: N
c rst  geom  svd   vs   879  397K     664  1084     0    5.45    5.45  2372  4557   46K     2   15.76   15.76
c rst  geom  svd   vs   880  398K     664  1084     0    5.45    5.45  2372  4558   46K     2   15.76   15.76
c rst  geom  svd   vs   881  398K     664  1084     0    5.45    5.45  2372  4561   47K     2   15.77   15.77
c rst  geom  svd   vs   882  399K     664  1084     0    5.45    5.45  2372  4562   47K     2   15.78   15.78
c rst  geom  svd   vs   883  399K     664  1084     0    5.45    5.45  2372  4562   48K     2   15.79   15.79
c rst  geom  svd   vs   884  400K     664  1084     0    5.45    5.45  2381  4429   48K     2   15.80   15.80
c rst  geom  svd   vs   885  401K     664  1084     0    5.45    5.45  2381  4431   49K     2   15.80   15.80
c rst  geom best   vs   886  401K     664  1084     0    5.45    5.45  2381  4436   50K     2   15.81   15.81
c rst  geom best   vs   887  402K     664  1084     0    5.45    5.45  2381  4437   51K     2   15.82   15.82
c [distill-bin] useful: 0/0/0 lits-rem: 0 cl-rem: 0 0-depth-assigns: 0 T: 0.00 T-out: N
c rst  geom best   vs   888  403K     664  1084     0    5.45    5.45  2381  4440   51K     2   15.82   15.82
c rst  geom best   vs   889  404K     664  1084     0    5.45    5.45  2381  4446   52K     2   15.82   15.82
c [impl-str] lit bin: 0 set-var: 0 T: 0.00 T-out: N T-r: 99.97% w-visit: 1330
c [impl-sub] bin: 0 T: 0.00 T-out: N w-visit: 1330
c rst  geom best   vs   890  405K     664  1084     0    5.45    5.45  2389  4657   39K     2   15.23   15.23
c rst  geom best   vs   891  406K     664  1084     0    5.45    5.45  2389  4672   40K     2   15.23   15.23
c rst  geom best   vs   892  407K     664  1084     0    5.45    5.45  2390  4678   41K     2   15.24   15.23
c [distill] watch-based irred--  cl tried     2168 cl-sh     0 cl-rem    0 lit-rem      0 T: 0.02 T-out: N
c [distill] watch-based   red--  cl tried     4347 cl-sh     0 cl-rem    0 lit-rem      0 T: 0.05 T-out: Y
c rst  geom best   vs   893  409K     664  1084     0    5.45    5.45  2390  4683   42K     2   15.22   15.22
c [full-probe]  bin_only: 0 set: 0 repl: 0 T: 0.00 T-out: N T-r: 99.33%
c rst  geom best   vs   894  410K     664  1084     0    5.45    5.45  2468  4525   44K     2   15.23   15.23
c rst  geom  stb   vs   895  412K     664  1084     0    5.45    5.45  2468  4533   46K     2   15.23   15.23
c [distill-long-red0] cls tried: 66/66 T: 0.02 T-out: N T-r: 99.96%
c [distill-long-red1] cls tried: 346/718 T: 0.13 T-out: Y T-r: -0.81%
c rst  geom  stb   vs   896  414K     664  1084     0    5.45    5.45  2468  4543   48K     2   15.21   15.21
c rst  geom  stb   vs   897  416K     664  1084     0    5.45    5.45  2468  4551   50K     2   15.23   15.23
c rst  geom  stb   vs   898  418K     664  1084     0    5.45    5.45  2468  4552   52K     2   15.31   15.31
c rst  geom  stb   vs   899  421K     664  1084     0    5.45    5.45  2512  4664   39K     2   14.94   14.94
c rst  geom ibes   vs   900  423K     664  1084     0    5.45    5.45  2512  4672   42K     2   14.93   14.93
c [distill-bin] useful: 0/0/0 lits-rem: 0 cl-rem: 0 0-depth-assigns: 0 T: 0.00 T-out: N
c rst  geom ibes   vs   901  426K     664  1084     0    5.45    5.45  2513  4696   45K     2   14.84   14.84
c rst  geom ibes   vs   902  430K     664  1084     0    5.45    5.45  2562  4473   48K     2   14.84   14.84
c [distill-long-red0] cls tried: 35/35 T: 0.01 T-out: N T-r: 99.98%
c [distill-long-red1] cls tried: 353/744 T: 0.15 T-out: Y T-r: -0.20%
c [full-probe]  bin_only: 1 set: 0 repl: 0 T: 0.00 T-out: N T-r: 99.96%
c rst  geom ibes   vs   903  433K     664  1084     0    5.45    5.45  2563  4509   52K     2   14.81   14.81
c [distill] watch-based irred--  cl tried     2168 cl-sh     0 cl-rem    0 lit-rem      0 T: 0.01 T-out: N
c [distill] watch-based   red--  cl tried     4441 cl-sh     0 cl-rem    0 lit-rem      0 T: 0.06 T-out: Y
c rst  geom  svd   vs   904  437K     664  1084     0    5.45    5.45  2581  5016   41K     2   14.58   14.58
c [branch] adjusting to: vmtf (from: vsids) var_decay:0.95 descr: VMTF
c rst  luby  svd  vmt   905  438K     664  1084     0    5.45    5.45  2581  5016   41K     2   14.59   14.59
c rst  luby  svd  vmt   906  438K     664  1084     0    5.45    5.45  2581  5016   41K     2   14.59   14.59
c rst  luby  svd  vmt   907  438K     664  1084     0    5.45    5.45  2581  5020   41K     2   14.60   14.60
c rst  luby  svd  vmt   908  438K     664  1084     0    5.45    5.45  2581  5020   41K     2   14.61   14.61
c rst  luby  svd  vmt   909  438K     664  1084     0    5.45    5.45  2581  5020   42K     2   14.61   14.61
c rst  luby  svd  vmt   910  438K     664  1084     0    5.45    5.45  2581  5020   42K     2   14.62   14.62
c rst  luby  svd  vmt   911  439K     664  1084     0    5.45    5.45  2582  5022   42K     2   14.65   14.65
c rst  luby  svd  vmt   912  439K     664  1084     0    5.45    5.45  2582  5025   42K     2   14.66   14.66
c rst  luby  svd  vmt   913  439K     664  1084     0    5.45    5.45  2582  5025   42K     2   14.67   14.67
c rst  luby  svd  vmt   914  439K     664  1084     0    5.45    5.45  2582  5025   43K     2   14.69   14.69
c rst  luby  svd  vmt   915  439K     664  1084     0    5.45    5.45  2582  5025   43K     2   14.70   14.70
c rst  luby  svd  vmt   916  439K     664  1084     0    5.45    5.45  2582  5027   43K     2   14.71   14.71
c rst  luby  svd  vmt   917  439K     664  1084     0    5.45    5.45  2582  5029   43K     2   14.72   14.72
c rst  luby  svd  vmt   918  440K     664  1084     0    5.45    5.45  2678  4669   44K     2   14.74   14.74
c rst  luby  svd  vmt   919  441K     664  1084     0    5.45    5.45  2678  4674   44K     2   14.82   14.82
c rst  luby  svd  vmt   920  441K     664  1084     0    5.45    5.45  2678  4674   44K     2   14.83   14.83
c rst  luby  svd  vmt   921  441K     664  1084     0    5.45    5.45  2678  4675   45K     2   14.84   14.84
c rst  luby  svd  vmt   922  441K     664  1084     0    5.45    5.45  2678  4675   45K     2   14.86   14.86
c rst  luby  svd  vmt   923  441K     664  1084     0    5.45    5.45  2678  4675   45K     2   14.86   14.86
c rst  luby  svd  vmt   924  441K     664  1084     0    5.45    5.45  2678  4675   45K     2   14.87   14.87
c rst  luby  svd  vmt   925  441K     664  1084     0    5.45    5.45  2678  4675   45K     2   14.89   14.89
c rst  luby  svd  vmt   926  442K     664  1084     0    5.45    5.45  2679  4679   46K     2   14.90   14.90
c rst  luby  svd  vmt   927  442K     664  1084     0    5.45    5.45  2679  4679   46K     2   14.91   14.91
c rst  luby  svd  vmt   928  442K     664  1084     0    5.45    5.45  2679  4680   46K     2   14.92   14.92
c rst  luby  svd  vmt   929  442K     664  1084     0    5.45    5.45  2679  4684   46K     2   14.93   14.93
c rst  luby  svd  vmt   930  442K     664  1084     0    5.45    5.45  2679  4686   46K     2   14.94   14.94
c rst  luby  svd  vmt   931  442K     664  1084     0    5.45    5.45  2679  4686   46K     2   14.95   14.95
c rst  luby  svd  vmt   932  443K     664  1084     0    5.45    5.45  2679  4686   46K     2   14.96   14.96
c rst  luby  svd  vmt   933  443K     664  1084     0    5.45    5.45  2679  4687   47K     2   14.99   14.99
c rst  geom best  vmt   934  443K     664  1084     0    5.45    5.45  2679  4687   47K     2   15.00   15.00
c rst  geom best  vmt   935  443K     664  1084     0    5.45    5.45  2679  4687   47K     2   15.00   15.00
c rst  geom best  vmt   936  443K     664  1084     0    5.45    5.45  2679  4687   47K     2   15.01   15.01
c rst  geom best  vmt   937  444K     664  1084     0    5.45    5.45  2679  4691   47K     2   15.01   15.01
c [distill-bin] useful: 0/0/0 lits-rem: 0 cl-rem: 0 0-depth-assigns: 0 T: 0.00 T-out: N
c rst  geom best  vmt   938  444K     664  1084     0    5.45    5.45  2679  4692   47K     2   15.01   15.01
c rst  geom best  vmt   939  444K     664  1084     0    5.45    5.45  2679  4693   48K     2   15.01   15.01
c rst  geom best  vmt   940  444K     664  1084     0    5.45    5.45  2679  4694   48K     2   15.02   15.01
c rst  geom best  vmt   941  444K     664  1084     0    5.45    5.45  2679  4696   48K     2   15.02   15.02
c rst  geom best  vmt   942  445K     664  1084     0    5.45    5.45  2679  4697   48K     2   15.03   15.03
c rst  geom best  vmt   943  445K     664  1084     0    5.45    5.45  2679  4697   49K     2   15.03   15.03
c [distill-long-red0] cls tried: 39/39 T: 0.01 T-out: N T-r: 99.97%
c [distill-long-red1] cls tried: 343/905 T: 0.16 T-out: Y T-r: -0.30%
c rst  geom best  vmt   944  445K     664  1084     0    5.45    5.45  2679  4697   49K     2   15.03   15.03
c rst  geom best  vmt   945  445K     664  1084     0    5.45    5.45  2679  4698   49K     2   15.05   15.05
c rst  geom best  vmt   946  446K     664  1084     0    5.45    5.45  2679  4698   49K     2   15.05   15.05
c rst  geom best  vmt   947  446K     664  1084     0    5.45    5.45  2679  4698   50K     2   15.05   15.05
c rst  geom best  vmt   948  447K     664  1084     0    5.45    5.45  2679  4699   50K     2   15.07   15.07
c rst  geom best  vmt   949  447K     664  1084     0    5.45    5.45  2679  4703   51K     2   15.06   15.06
c rst  geom best  vmt   950  447K     664  1084     0    5.45    5.45  2679  4713   51K     2   15.07   15.07
c rst  geom best  vmt   951  448K     664  1084     0    5.45    5.45  2679  4716   52K     2   15.07   15.07
c rst  geom best  vmt   952  449K     664  1084     0    5.45    5.45  2679  4720   52K     2   15.07   15.07
c rst  geom best  vmt   953  449K     664  1084     0    5.45    5.45  2679  4723   53K     2   15.08   15.08
c rst  geom best  vmt   954  450K     664  1084     0    5.45    5.45  2817  4827   39K     2   14.80   14.80
c [full-probe]  bin_only: 0 set: 0 repl: 0 T: 0.00 T-out: N T-r: 99.39%
c rst  geom best  vmt   955  451K     664  1084     0    5.45    5.45  2817  4830   40K     2   14.80   14.80
c rst  geom best  vmt   956  452K     664  1084     0    5.45    5.45  2817  4835   40K     2   14.79   14.79
c rst  geom best  vmt   957  453K     664  1084     0    5.45    5.45  2817  4839   41K     2   14.79   14.79
c rst  geom  stb  vmt   958  454K     664  1084     0    5.45    5.45  2817  4840   42K     2   14.83   14.83
c rst  geom  stb  vmt   959  455K     664  1084     0    5.45    5.45  2817  4841   44K     2   14.89   14.89
c rst  geom  stb  vmt   960  456K     664  1084     0    5.45    5.45  2817  4846   45K     2   14.95   14.95
c rst  geom  stb  vmt   961  458K     664  1084     0    5.45    5.45  2817  4851   46K     2   14.96   14.96
c rst  geom  stb  vmt   962  459K     664  1084     0    5.45    5.45  2818  4859   48K     2   15.01   15.01
c [distill] watch-based irred--  cl tried     2168 cl-sh     0 cl-rem    0 lit-rem      0 T: 0.02 T-out: N
c [distill] watch-based   red--  cl tried     4826 cl-sh     0 cl-rem    0 lit-rem      0 T: 0.05 T-out: Y
c rst  geom  stb  vmt   963  461K     664  1084     0    5.45    5.45  2873  4568   50K     2   15.07   15.07
c [distill-long-red0] cls tried: 85/85 T: 0.03 T-out: N T-r: 99.95%
c [distill-long-red1] cls tried: 361/952 T: 0.14 T-out: Y T-r: -0.39%
c rst  geom  stb  vmt   964  463K     664  1084     0    5.45    5.45  2873  4577   52K     2   15.12   15.12
c rst  geom ibes  vmt   965  465K     664  1084     0    5.45    5.45  2887  5029   39K     2   15.05   15.05
c [distill-bin] useful: 0/0/0 lits-rem: 0 cl-rem: 0 0-depth-assigns: 0 T: 0.00 T-out: N
c [impl-str] lit bin: 0 set-var: 0 T: 0.00 T-out: N T-r: 99.98% w-visit: 1330
c [impl-sub] bin: 0 T: 0.00 T-out: N w-visit: 1330
c rst  geom ibes  vmt   966  467K     664  1084     0    5.45    5.45  2887  5051   41K     2   15.08   15.08
c rst  geom ibes  vmt   967  469K     664  1084     0    5.45    5.45  2887  5066   43K     2   15.06   15.05
c rst  geom ibes  vmt   968  472K     664  1084     0    5.45    5.45  2931  4587   46K     2   15.06   15.06
c [full-probe]  bin_only: 1 set: 0 repl: 0 T: 0.00 T-out: N T-r: 99.96%
c rst  geom ibes  vmt   969  475K     664  1084     0    5.45    5.45  2931  4610   49K     2   15.03   15.03
c rst  geom  svd  vmt   970  478K     664  1084     0    5.45    5.45  2931  4620   53K     2   15.13   15.13
c [distill-long-red0] cls tried: 33/33 T: 0.01 T-out: N T-r: 99.98%
c [distill-long-red1] cls tried: 345/1064 T: 0.14 T-out: Y T-r: -0.34%
c rst  geom  svd  vmt   971  482K     664  1084     0    5.45    5.45  2994  4924   41K     2   14.85   14.85
c rst  geom  svd  vmt   972  486K     664  1084     0    5.45    5.45  2995  4957   45K     2   14.85   14.85
c [distill-bin] useful: 0/0/0 lits-rem: 0 cl-rem: 0 0-depth-assigns: 0 T: 0.00 T-out: N
c [distill] watch-based irred--  cl tried     2168 cl-sh     0 cl-rem    0 lit-rem      0 T: 0.01 T-out: N
c [distill] watch-based   red--  cl tried     4928 cl-sh     0 cl-rem    0 lit-rem      0 T: 0.06 T-out: Y
c rst  geom best  vmt   973  490K     664  1084     0    5.45    5.45  3116  4747   50K     2   14.95   14.95
c [branch] adjusting to: vsids (from: vmtf) var_decay:0.95 descr: VSIDS
c rst  geom best   vs   974  491K     664  1084     0    5.45    5.45  3116  4748   50K     2   14.95   14.95
c rst  geom best   vs   975  491K     664  1084     0    5.45    5.45  3116  4750   50K     2   14.96   14.96
c rst  geom best   vs   976  491K     664  1084     0    5.45    5.45  3116  4750   50K     2   14.96   14.96
c rst  geom best   vs   977  491K     664  1084     0    5.45    5.45  3116  4751   50K     2   14.96   14.96
c rst  geom best   vs   978  491K     664  1084     0    5.45    5.45  3116  4752   50K     2   14.97   14.97
c rst  geom best   vs   979  491K     664  1084     0    5.45    5.45  3116  4753   51K     2   14.97   14.97
c rst  geom best   vs   980  491K     664  1084     0    5.45    5.45  3116  4754   51K     2   14.98   14.98
c rst  geom best   vs   981  492K     664  1084     0    5.45    5.45  3116  4754   51K     2   14.99   14.99
c rst  geom best   vs   982  492K     664  1084     0    5.45    5.45  3116  4757   51K     2   15.00   15.00
c rst  geom best   vs   983  492K     664  1084     0    5.45    5.45  3116  4757   51K     2   15.01   15.01
c [full-probe]  bin_only: 0 set: 0 repl: 0 T: 0.00 T-out: N T-r: 99.25%
c rst  geom best   vs   984  492K     664  1084     0    5.45    5.45  3116  4759   52K     2   15.01   15.01
c rst  geom best   vs   985  493K     664  1084     0    5.45    5.45  3116  4760   52K     2   15.01   15.01
c rst  geom best   vs   986  493K     664  1084     0    5.45    5.45  3116  4761   52K     2   15.02   15.02
c rst  geom best   vs   987  493K     664  1084     0    5.45    5.45  3116  4761   53K     2   15.04   15.04
c [distill-long-red0] cls tried: 81/81 T: 0.02 T-out: N T-r: 99.95%
c [distill-long-red1] cls tried: 306/1278 T: 0.17 T-out: Y T-r: -0.54%
c rst  geom best   vs   988  494K     664  1084     0    5.45    5.45  3116  4763   53K     2   15.04   15.04
c rst  geom best   vs   989  494K     664  1084     0    5.45    5.45  3116  4763   54K     2   15.06   15.06
c rst  geom best   vs   990  495K     664  1084     0    5.45    5.45  3149  5259   39K     2   14.69   14.69
c rst  geom best   vs   991  495K     664  1084     0    5.45    5.45  3149  5260   39K     2   14.69   14.69
c rst  geom best   vs   992  496K     664  1084     0    5.45    5.45  3149  5260   40K     2   14.72   14.72
c rst  geom  stb   vs   993  497K     664  1084     0    5.45    5.45  3149  5262   40K     2   14.74   14.74
c rst  geom  stb   vs   994  497K     664  1084     0    5.45    5.45  3149  5263   41K     2   14.77   14.77
c rst  geom  stb   vs   995  498K     664  1084     0    5.45    5.45  3149  5263   42K     2   14.80   14.80
c rst  geom  stb   vs   996  499K     664  1084     0    5.45    5.45  3149  5266   43K     2   14.84   14.84
c rst  geom  stb   vs   997  500K     664  1084     0    5.45    5.45  3192  5007   44K     2   14.87   14.87
c rst  geom  stb   vs   998  501K     664  1084     0    5.45    5.45  3192  5008   45K     2   14.90   14.90
c rst  geom  stb   vs   999  502K     664  1084     0    5.45    5.45  3192  5015   46K     2   14.92   14.92
c rst  geom  stb   vs  1000  503K     664  1084     0    5.45    5.45  3192  5016   47K     2   14.98   14.98
c rst  geom  stb   vs  1001  505K     664  1084     0    5.45    5.45  3192  5026   49K     2   15.01   15.01
c rst  geom  stb   vs  1002  506K     664  1084     0    5.45    5.45  3192  5028   50K     2   15.08   15.08
c [distill-bin] useful: 0/0/0 lits-rem: 0 cl-rem: 0 0-depth-assigns: 0 T: 0.00 T-out: N
c rst  geom ibes   vs  1003  508K     664  1084     0    5.45    5.45  3192  5045   52K     2   15.05   15.05
c rst  geom ibes   vs  1004  510K     664  1084     0    5.45    5.45  3253  5141   39K     2   14.74   14.74
c [distill-long-red0] cls tried: 78/78 T: 0.02 T-out: N T-r: 99.96%
c [distill-long-red1] cls tried: 374/1729 T: 0.17 T-out: Y T-r: -0.26%
c rst  geom ibes   vs  1005  512K     664  1084     0    5.45    5.45  3253  5150   41K     2   14.73   14.73
c [distill] watch-based irred--  cl tried     2168 cl-sh     0 cl-rem    0 lit-rem      0 T: 0.02 T-out: N
c [distill] watch-based   red--  cl tried     5146 cl-sh     0 cl-rem    0 lit-rem      0 T: 0.06 T-out: Y
c rst  geom ibes   vs  1006  514K     664  1084     0    5.45    5.45  3253  5156   43K     2   14.71   14.71
c [full-probe]  bin_only: 1 set: 0 repl: 0 T: 0.00 T-out: N T-r: 99.97%
c rst  geom ibes   vs  1007  517K     664  1084     0    5.45    5.45  3253  5171   46K     2   14.65   14.65
c rst  geom  svd   vs  1008  519K     664  1084     0    5.45    5.45  3253  5181   48K     2   14.72   14.72
c rst  geom  svd   vs  1009  522K     664  1084     0    5.45    5.45  3286  4841   52K     2   14.77   14.77
c rst  geom  svd   vs  1010  526K     664  1084     0    5.45    5.45  3308  5238   39K     2   14.61   14.61
c [distill-long-red0] cls tried: 29/29 T: 0.01 T-out: N T-r: 99.98%
c [distill-long-red1] cls tried: 419/1714 T: 0.15 T-out: Y T-r: -0.11%
c [impl-str] lit bin: 0 set-var: 0 T: 0.00 T-out: N T-r: 99.98% w-visit: 1330
c [impl-sub] bin: 0 T: 0.00 T-out: N w-visit: 1330
c rst  geom  svd   vs  1011  529K     664  1084     0    5.45    5.45  3308  5246   43K     2   14.66   14.66
c [distill-bin] useful: 0/0/0 lits-rem: 0 cl-rem: 0 0-depth-assigns: 0 T: 0.00 T-out: N
c rst  geom best   vs  1012  533K     664  1084     0    5.45    5.45  3355  4941   47K     2   14.71   14.71
c rst  geom best   vs  1013  538K     664  1084     0    5.45    5.45  3355  4958   52K     2   14.74   14.73
c [full-probe]  bin_only: 0 set: 0 repl: 0 T: 0.00 T-out: N T-r: 99.18%
c [distill] watch-based irred--  cl tried     2168 cl-sh     0 cl-rem    0 lit-rem      0 T: 0.02 T-out: N
c [distill] watch-based   red--  cl tried     4549 cl-sh     0 cl-rem    0 lit-rem      0 T: 0.07 T-out: Y
c rst  geom best   vs  1014  543K     664  1084     0    5.45    5.45  3408  4989   42K     2   14.25   14.25
c [branch] adjusting to: vmtf (from: vsids) var_decay:0.95 descr: VMTF
c [distill-long-red0] cls tried: 46/46 T: 0.01 T-out: N T-r: 99.98%
c [distill-long-red1] cls tried: 429/1585 T: 0.15 T-out: Y T-r: -0.26%
c rst  luby  stb  vmt  1015  543K     664  1084     0    5.45    5.45  3408  4989   42K     2   14.26   14.26
c rst  luby  stb  vmt  1016  543K     664  1084     0    5.45    5.45  3408  4990   42K     2   14.27   14.27
c rst  luby  stb  vmt  1017  543K     664  1084     0    5.45    5.45  3408  4990   42K     2   14.29   14.29
c rst  luby  stb  vmt  1018  543K     664  1084     0    5.45    5.45  3408  4991   42K     2   14.29   14.29
c rst  luby  stb  vmt  1019  543K     664  1084     0    5.45    5.45  3408  4991   42K     2   14.30   14.30
c rst  luby  stb  vmt  1020  543K     664  1084     0    5.45    5.45  3408  4991   43K     2   14.31   14.31
c rst  luby  stb  vmt  1021  544K     664  1084     0    5.45    5.45  3408  4993   43K     2   14.33   14.33
c rst  luby  stb  vmt  1022  544K     664  1084     0    5.45    5.45  3408  4994   43K     2   14.34   14.34
c rst  luby  stb  vmt  1023  544K     664  1084     0    5.45    5.45  3408  4994   43K     2   14.34   14.34
c rst  luby  stb  vmt  1024  544K     664  1084     0    5.45    5.45  3408  4994   43K     2   14.35   14.35
c rst  luby  stb  vmt  1025  544K     664  1084     0    5.45    5.45  3408  4994   43K     2   14.36   14.36
c rst  luby  stb  vmt  1026  544K     664  1084     0    5.45    5.45  3408  4994   44K     2   14.36   14.36
c rst  luby  stb  vmt  1027  545K     664  1084     0    5.45    5.45  3408  4998   44K     2   14.37   14.37
c rst  luby  stb  vmt  1028  545K     664  1084     0    5.45    5.45  3408  4998   44K     2   14.40   14.40
c rst  luby  stb  vmt  1029  546K     664  1084     0    5.45    5.45  3408  5000   45K     2   14.45   14.45
c rst  luby  stb  vmt  1030  546K     664  1084     0    5.45    5.45  3408  5000   45K     2   14.45   14.45
c rst  luby  stb  vmt  1031  546K     664  1084     0    5.45    5.45  3408  5000   45K     2   14.46   14.46
c rst  luby  stb  vmt  1032  546K     664  1084     0    5.45    5.45  3408  5000   45K     2   14.47   14.47
c rst  luby  stb  vmt  1033  546K     664  1084     0    5.45    5.45  3408  5000   45K     2   14.48   14.48
c rst  luby  stb  vmt  1034  546K     664  1084     0    5.45    5.45  3408  5002   46K     2   14.48   14.48
c rst  luby  stb  vmt  1035  547K     664  1084     0    5.45    5.45  3408  5002   46K     2   14.49   14.49
c rst  luby  stb  vmt  1036  547K     664  1084     0    5.45    5.45  3408  5004   46K     2   14.51   14.51
c rst  luby  stb  vmt  1037  547K     664  1084     0    5.45    5.45  3408  5005   46K     2   14.51   14.51
c rst  luby  stb  vmt  1038  547K     664  1084     0    5.45    5.45  3408  5005   46K     2   14.52   14.52
c rst  luby  stb  vmt  1039  547K     664  1084     0    5.45    5.45  3408  5005   47K     2   14.52   14.52
c rst  luby  stb  vmt  1040  548K     664  1084     0    5.45    5.45  3408  5005   47K     2   14.53   14.53
c rst  luby  stb  vmt  1041  548K     664  1084     0    5.45    5.45  3408  5010   47K     2   14.54   14.54
c rst  luby  stb  vmt  1042  548K     664  1084     0    5.45    5.45  3408  5010   47K     2   14.56   14.55
c rst  luby  stb  vmt  1043  548K     664  1084     0    5.45    5.45  3408  5019   47K     2   14.57   14.57
c rst  luby  stb  vmt  1044  549K     664  1084     0    5.45    5.45  3408  5023   48K     2   14.62   14.62
c rst  luby  stb  vmt  1045  551K     664  1084     0    5.45    5.45  3510  4484   50K     2   14.68   14.68
c [distill-bin] useful: 0/0/0 lits-rem: 0 cl-rem: 0 0-depth-assigns: 0 T: 0.00 T-out: N
c rst  luby  stb  vmt  1046  551K     664  1084     0    5.45    5.45  3510  4484   50K     2   14.69   14.69
c rst  luby  stb  vmt  1047  551K     664  1084     0    5.45    5.45  3510  4485   50K     2   14.69   14.69
c rst  luby  stb  vmt  1048  551K     664  1084     0    5.45    5.45  3510  4488   51K     2   14.71   14.71
c rst  luby  stb  vmt  1049  551K     664  1084     0    5.45    5.45  3510  4489   51K     2   14.71   14.71
c rst  luby  stb  vmt  1050  551K     664  1084     0    5.45    5.45  3510  4489   51K     2   14.72   14.72
c rst  luby  stb  vmt  1051  551K     664  1084     0    5.45    5.45  3510  4491   51K     2   14.73   14.73
c rst  luby  stb  vmt  1052  552K     664  1084     0    5.45    5.45  3510  4504   51K     2   14.74   14.74
c rst  luby  stb  vmt  1053  552K     664  1084     0    5.45    5.45  3510  4504   51K     2   14.74   14.74
c rst  luby  stb  vmt  1054  552K     664  1084     0    5.45    5.45  3510  4504   52K     2   14.75   14.75
c rst  luby  stb  vmt  1055  552K     664  1084     0    5.45    5.45  3510  4505   52K     2   14.76   14.76
c rst  luby  stb  vmt  1056  552K     664  1084     0    5.45    5.45  3510  4505   52K     2   14.76   14.76
c rst  luby  stb  vmt  1057  552K     664  1084     0    5.45    5.45  3510  4505   52K     2   14.77   14.77
c rst  luby  stb  vmt  1058  553K     664  1084     0    5.45    5.45  3510  4505   52K     2   14.78   14.78
c rst  luby  stb  vmt  1059  553K     664  1084     0    5.45    5.45  3510  4506   53K     2   14.80   14.80
c rst  luby  stb  vmt  1060  554K     664  1084     0    5.45    5.45  3510  4508   53K     2   14.81   14.81
c rst  luby ibes  vmt  1061  554K     664  1084     0    5.45    5.45  3510  4509   53K     2   14.80   14.80
c rst  luby ibes  vmt  1062  554K     664  1084     0    5.45    5.45  3510  4511   54K     2   14.80   14.80
c rst  luby ibes  vmt  1063  554K     664  1084     0    5.45    5.45  3510  4511   54K     2   14.81   14.81
c rst  luby ibes  vmt  1064  554K     664  1084     0    5.45    5.45  3510  4511   54K     2   14.81   14.81
c rst  luby ibes  vmt  1065  554K     664  1084     0    5.45    5.45  3510  4511   54K     2   14.82   14.81
c rst  luby ibes  vmt  1066  555K     664  1084     0    5.45    5.45  3540  5062   39K     2   14.82   14.81
c rst  luby ibes  vmt  1067  555K     664  1084     0    5.45    5.45  3540  5064   39K     2   14.80   14.80
c rst  luby ibes  vmt  1068  555K     664  1084     0    5.45    5.45  3540  5065   40K     2   14.80   14.80
c rst  luby ibes  vmt  1069  555K     664  1084     0    5.45    5.45  3540  5065   40K     2   14.81   14.81
c rst  luby ibes  vmt  1070  556K     664  1084     0    5.45    5.45  3540  5066   40K     2   14.81   14.81
c rst  luby ibes  vmt  1071  556K     664  1084     0    5.45    5.45  3540  5066   40K     2   14.81   14.81
c rst  luby ibes  vmt  1072  556K     664  1084     0    5.45    5.45  3540  5069   40K     2   14.81   14.81
c rst  luby ibes  vmt  1073  556K     664  1084     0    5.45    5.45  3540  5070   40K     2   14.82   14.82
c rst  luby ibes  vmt  1074  556K     664  1084     0    5.45    5.45  3540  5074   41K     2   14.82   14.82
c rst  luby ibes  vmt  1075  557K     664  1084     0    5.45    5.45  3540  5082   41K     2   14.82   14.82
c rst  luby ibes  vmt  1076  559K     664  1084     0    5.45    5.45  3540  5105   43K     2   14.83   14.83
c [distill-long-red0] cls tried: 77/77 T: 0.02 T-out: N T-r: 99.95%
c [distill-long-red1] cls tried: 360/1639 T: 0.16 T-out: Y T-r: -0.17%
c [full-probe]  bin_only: 1 set: 0 repl: 0 T: 0.00 T-out: N T-r: 99.97%
c rst  luby ibes  vmt  1077  562K     664  1084     0    5.45    5.45  3670  4563   47K     2   14.89   14.89
c rst  luby ibes  vmt  1078  562K     664  1084     0    5.45    5.45  3670  4563   47K     2   14.89   14.89
c rst  luby ibes  vmt  1079  562K     664  1084     0    5.45    5.45  3670  4563   47K     2   14.89   14.89
c rst  luby ibes  vmt  1080  562K     664  1084     0    5.45    5.45  3670  4563   47K     2   14.89   14.89
c rst  luby ibes  vmt  1081  562K     664  1084     0    5.45    5.45  3670  4563   47K     2   14.89   14.89
c rst  luby ibes  vmt  1082  563K     664  1084     0    5.45    5.45  3670  4563   47K     2   14.89   14.89
c rst  luby ibes  vmt  1083  563K     664  1084     0    5.45    5.45  3670  4564   47K     2   14.89   14.89
c rst  luby ibes  vmt  1084  563K     664  1084     0    5.45    5.45  3670  4570   48K     2   14.91   14.91
c [distill] watch-based irred--  cl tried     2168 cl-sh     0 cl-rem    0 lit-rem      0 T: 0.02 T-out: N
c [distill] watch-based   red--  cl tried     4507 cl-sh     0 cl-rem    0 lit-rem      0 T: 0.07 T-out: Y
c rst  luby ibes  vmt  1085  563K     664  1084     0    5.45    5.45  3670  4570   48K     2   14.91   14.91
c rst  luby ibes  vmt  1086  563K     664  1084     0    5.45    5.45  3670  4570   48K     2   14.91   14.91
c rst  luby ibes  vmt  1087  564K     664  1084     0    5.45    5.45  3670  4572   48K     2   14.91   14.91
c rst  luby ibes  vmt  1088  564K     664  1084     0    5.45    5.45  3670  4574   48K     2   14.91   14.91
c rst  luby ibes  vmt  1089  564K     664  1084     0    5.45    5.45  3670  4576   48K     2   14.91   14.91
c rst  luby ibes  vmt  1090  564K     664  1084     0    5.45    5.45  3670  4578   49K     2   14.91   14.91
c rst  luby ibes  vmt  1091  564K     664  1084     0    5.45    5.45  3670  4581   49K     2   14.90   14.90
c rst  luby ibes  vmt  1092  565K     664  1084     0    5.45    5.45  3670  4584   50K     2   14.88   14.88
c rst  luby  svd  vmt  1093  565K     664  1084     0    5.45    5.45  3670  4584   50K     2   14.88   14.88
c rst  luby  svd  vmt  1094  565K     664  1084     0    5.45    5.45  3670  4584   50K     2   14.88   14.88
c rst  luby  svd  vmt  1095  566K     664  1084     0    5.45    5.45  3670  4584   50K     2   14.90   14.90
c rst  luby  svd  vmt  1096  566K     664  1084     0    5.45    5.45  3670  4584   50K     2   14.91   14.91
c rst  luby  svd  vmt  1097  566K     664  1084     0    5.45    5.45  3670  4584   50K     2   14.91   14.91
c rst  luby  svd  vmt  1098  566K     664  1084     0    5.45    5.45  3670  4584   51K     2   14.93   14.93
c rst  luby  svd  vmt  1099  566K     664  1084     0    5.45    5.45  3670  4584   51K     2   14.94   14.94
c rst  luby  svd  vmt  1100  566K     664  1084     0    5.45    5.45  3670  4584   51K     2   14.95   14.95
c rst  luby  svd  vmt  1101  567K     664  1084     0    5.45    5.45  3670  4584   51K     2   14.96   14.96
c rst  luby  svd  vmt  1102  567K     664  1084     0    5.45    5.45  3670  4584   51K     2   14.96   14.96
c rst  luby  svd  vmt  1103  567K     664  1084     0    5.45    5.45  3670  4584   52K     2   14.97   14.97
c rst  luby  svd  vmt  1104  567K     664  1084     0    5.45    5.45  3670  4584   52K     2   14.98   14.98
c rst  luby  svd  vmt  1105  567K     664  1084     0    5.45    5.45  3670  4584   52K     2   14.99   14.99
c rst  luby  svd  vmt  1106  568K     664  1084     0    5.45    5.45  3670  4586   52K     2   15.01   15.01
c rst  luby  svd  vmt  1107  568K     664  1084     0    5.45    5.45  3670  4593   53K     2   15.02   15.02
c rst  luby  svd  vmt  1108  570K     664  1084     0    5.45    5.45  3824  4974   39K     2   14.85   14.85
c rst  luby  svd  vmt  1109  570K     664  1084     0    5.45    5.45  3824  4974   39K     2   14.86   14.86
c rst  luby  svd  vmt  1110  570K     664  1084     0    5.45    5.45  3824  4974   39K     2   14.86   14.86
c rst  luby  svd  vmt  1111  570K     664  1084     0    5.45    5.45  3824  4974   39K     2   14.88   14.88
c rst  luby  svd  vmt  1112  570K     664  1084     0    5.45    5.45  3824  4976   40K     2   14.89   14.89
c rst  luby  svd  vmt  1113  571K     664  1084     0    5.45    5.45  3824  4977   40K     2   14.89   14.89
c rst  luby  svd  vmt  1114  571K     664  1084     0    5.45    5.45  3824  4982   40K     2   14.90   14.90
c [distill-bin] useful: 0/0/0 lits-rem: 0 cl-rem: 0 0-depth-assigns: 0 T: 0.00 T-out: N
c rst  luby  svd  vmt  1115  571K     664  1084     0    5.45    5.45  3824  4982   40K     2   14.92   14.92
c rst  luby  svd  vmt  1116  571K     664  1084     0    5.45    5.45  3824  4982   40K     2   14.93   14.93
c rst  luby  svd  vmt  1117  571K     664  1084     0    5.45    5.45  3824  4982   40K     2   14.93   14.93
c rst  luby  svd  vmt  1118  572K     664  1084     0    5.45    5.45  3824  4982   41K     2   14.95   14.95
c rst  luby  svd  vmt  1119  572K     664  1084     0    5.45    5.45  3824  4982   41K     2   14.96   14.96
c rst  luby  svd  vmt  1120  572K     664  1084     0    5.45    5.45  3824  4982   41K     2   14.97   14.97
c rst  luby  svd  vmt  1121  572K     664  1084     0    5.45    5.45  3824  4984   41K     2   14.98   14.98
c rst  luby  svd  vmt  1122  572K     664  1084     0    5.45    5.45  3824  4985   41K     2   14.99   14.99
c rst  luby  svd  vmt  1123  573K     664  1084     0    5.45    5.45  3825  4989   42K     2   15.00   15.00
c rst  luby  svd  vmt  1124  573K     664  1084     0    5.45    5.45  3825  4989   42K     2   15.01   15.01
c rst  luby  svd  vmt  1125  573K     664  1084     0    5.45    5.45  3825  4989   42K     2   15.01   15.01
c rst  luby  svd  vmt  1126  574K     664  1084     0    5.45    5.45  3825  4989   43K     2   15.02   15.02
c rst  luby  svd  vmt  1127  574K     664  1084     0    5.45    5.45  3825  4990   43K     2   15.03   15.03
c rst  luby  svd  vmt  1128  574K     664  1084     0    5.45    5.45  3825  4990   43K     2   15.03   15.03
c [distill-long-red0] cls tried: 164/164 T: 0.06 T-out: N T-r: 99.89%
c [distill-long-red1] cls tried: 377/1661 T: 0.16 T-out: Y T-r: -0.36%
c rst  luby  svd  vmt  1129  574K     664  1084     0    5.45    5.45  3825  4990   43K     2   15.04   15.04
c rst  luby  svd  vmt  1130  574K     664  1084     0    5.45    5.45  3825  4990   43K     2   15.06   15.06
c rst  luby  svd  vmt  1131  575K     664  1084     0    5.45    5.45  3825  4990   44K     2   15.07   15.07
c rst  luby  svd  vmt  1132  575K     664  1084     0    5.45    5.45  3825  4990   44K     2   15.08   15.08
c rst  luby  svd  vmt  1133  575K     664  1084     0    5.45    5.45  3825  4990   44K     2   15.09   15.09
c rst  luby  svd  vmt  1134  575K     664  1084     0    5.45    5.45  3825  4990   44K     2   15.10   15.10
c rst  luby  svd  vmt  1135  575K     664  1084     0    5.45    5.45  3825  4990   44K     2   15.11   15.11
c rst  luby  svd  vmt  1136  575K     664  1084     0    5.45    5.45  3825  4991   44K     2   15.12   15.12
c rst  luby  svd  vmt  1137  576K     664  1084     0    5.45    5.45  3825  4991   45K     2   15.13   15.13
c rst  luby  svd  vmt  1138  576K     664  1084     0    5.45    5.45  3825  4994   45K     2   15.14   15.14
c rst  geom best  vmt  1139  577K     664  1084     0    5.45    5.45  3825  4995   46K     2   15.14   15.14
c rst  geom best  vmt  1140  577K     664  1084     0    5.45    5.45  3825  4995   46K     2   15.15   15.15
c rst  geom best  vmt  1141  577K     664  1084     0    5.45    5.45  3825  4996   46K     2   15.15   15.15
c rst  geom best  vmt  1142  577K     664  1084     0    5.45    5.45  3825  4996   46K     2   15.15   15.15
c rst  geom best  vmt  1143  577K     664  1084     0    5.45    5.45  3825  4997   46K     2   15.15   15.15
c rst  geom best  vmt  1144  577K     664  1084     0    5.45    5.45  3825  4997   46K     2   15.15   15.15
c rst  geom best  vmt  1145  577K     664  1084     0    5.45    5.45  3825  4998   47K     2   15.15   15.15
c rst  geom best  vmt  1146  578K     664  1084     0    5.45    5.45  3825  5000   47K     2   15.15   15.15
c rst  geom best  vmt  1147  578K     664  1084     0    5.45    5.45  3825  5001   47K     2   15.15   15.15
c rst  geom best  vmt  1148  578K     664  1084     0    5.45    5.45  3825  5001   47K     2   15.16   15.16
c rst  geom best  vmt  1149  578K     664  1084     0    5.45    5.45  3825  5002   47K     2   15.16   15.16
c rst  geom best  vmt  1150  579K     664  1084     0    5.45    5.45  3825  5007   48K     2   15.17   15.17
c [full-probe]  bin_only: 0 set: 0 repl: 0 T: 0.00 T-out: N T-r: 99.27%
c rst  geom best  vmt  1151  579K     664  1084     0    5.45    5.45  3825  5011   48K     2   15.17   15.17
c rst  geom best  vmt  1152  580K     664  1084     0    5.45    5.45  3825  5011   49K     2   15.18   15.18
c rst  geom best  vmt  1153  580K     664  1084     0    5.45    5.45  3886  4670   49K     2   15.18   15.18
c rst  geom best  vmt  1154  580K     664  1084     0    5.45    5.45  3886  4673   50K     2   15.19   15.19
c rst  geom best  vmt  1155  581K     664  1084     0    5.45    5.45  3886  4680   50K     2   15.19   15.19
c rst  geom best  vmt  1156  581K     664  1084     0    5.45    5.45  3886  4701   51K     2   15.20   15.20
c rst  geom best  vmt  1157  582K     664  1084     0    5.45    5.45  3886  4702   51K     2   15.20   15.20
c rst  geom best  vmt  1158  583K     664  1084     0    5.45    5.45  3886  4710   52K     2   15.21   15.21
c rst  geom best  vmt  1159  583K     664  1084     0    5.45    5.45  3886  4712   53K     2   15.26   15.26
c rst  geom best  vmt  1160  584K     664  1084     0    5.45    5.45  3886  4717   53K     2   15.26   15.26
c rst  geom best  vmt  1161  585K     664  1084     0    5.45    5.45  3930  5248   39K     2   15.07   15.07
c rst  geom best  vmt  1162  586K     664  1084     0    5.45    5.45  3930  5249   40K     2   15.08   15.08
c [impl-str] lit bin: 0 set-var: 0 T: 0.00 T-out: N T-r: 99.98% w-visit: 1330
c [impl-sub] bin: 0 T: 0.00 T-out: N w-visit: 1330
c rst  geom best  vmt  1163  587K     664  1084     0    5.45    5.45  3930  5256   41K     2   15.05   15.05
c rst  geom best  vmt  1164  588K     664  1084     0    5.45    5.45  3930  5263   42K     2   15.06   15.06
c [distill] watch-based irred--  cl tried     2168 cl-sh     0 cl-rem    0 lit-rem      0 T: 0.02 T-out: N
c [distill] watch-based   red--  cl tried     4861 cl-sh     0 cl-rem    0 lit-rem      0 T: 0.07 T-out: Y
c rst  geom  stb  vmt  1165  589K     664  1084     0    5.45    5.45  3930  5267   43K     2   15.09   15.09
c [distill-long-red0] cls tried: 71/71 T: 0.03 T-out: N T-r: 99.95%
c [distill-long-red1] cls tried: 370/1751 T: 0.18 T-out: Y T-r: -0.34%
c rst  geom  stb  vmt  1166  591K     664  1084     0    5.45    5.45  4012  4947   45K     2   15.12   15.12
c [distill-bin] useful: 0/0/0 lits-rem: 0 cl-rem: 0 0-depth-assigns: 0 T: 0.00 T-out: N
c rst  geom  stb  vmt  1167  592K     664  1084     0    5.45    5.45  4012  4959   46K     2   15.13   15.13
c rst  geom  stb  vmt  1168  594K     664  1084     0    5.45    5.45  4012  4965   48K     2   15.17   15.17
c rst  geom  stb  vmt  1169  596K     664  1084     0    5.45    5.45  4012  4968   50K     2   15.23   15.23
c rst  geom  stb  vmt  1170  598K     664  1084     0    5.45    5.45  4012  4989   52K     2   15.26   15.26
c rst  geom  stb  vmt  1171  600K     664  1084     0    5.45    5.45  4137  5379   39K     2   15.01   15.01
c [branch] adjusting to: vsids (from: vmtf) var_decay:0.95 descr: VSIDS
c [full-probe]  bin_only: 1 set: 0 repl: 0 T: 0.00 T-out: N T-r: 99.97%
c rst  geom ibes   vs  1172  600K     664  1084     0    5.45    5.45  4137  5379   39K     2   15.01   15.00
c rst  geom ibes   vs  1173  601K     664  1084     0    5.45    5.45  4137  5380   39K     2   15.00   15.00
c rst  geom ibes   vs  1174  601K     664  1084     0    5.45    5.45  4137  5380   40K     2   15.00   15.00
c rst  geom ibes   vs  1175  601K     664  1084     0    5.45    5.45  4137  5381   40K     2   15.00   15.00
c rst  geom ibes   vs  1176  601K     664  1084     0    5.45    5.45  4137  5382   40K     2   15.00   15.00
c rst  geom ibes   vs  1177  601K     664  1084     0    5.45    5.45  4137  5382   40K     2   15.00   15.00
c rst  geom ibes   vs  1178  601K     664  1084     0    5.45    5.45  4137  5383   40K     2   14.99   14.99
c rst  geom ibes   vs  1179  602K     664  1084     0    5.45    5.45  4137  5385   41K     2   14.98   14.98
c rst  geom ibes   vs  1180  602K     664  1084     0    5.45    5.45  4137  5386   41K     2   14.98   14.97
c rst  geom ibes   vs  1181  602K     664  1084     0    5.45    5.45  4137  5388   41K     2   14.96   14.96
c rst  geom ibes   vs  1182  602K     664  1084     0    5.45    5.45  4137  5391   41K     2   14.95   14.95
c rst  geom ibes   vs  1183  603K     664  1084     0    5.45    5.45  4137  5391   42K     2   14.95   14.94
c rst  geom ibes   vs  1184  603K     664  1084     0    5.45    5.45  4137  5392   42K     2   14.94   14.94
c rst  geom ibes   vs  1185  603K     664  1084     0    5.45    5.45  4137  5393   42K     2   14.93   14.93
c rst  geom ibes   vs  1186  604K     664  1084     0    5.45    5.45  4137  5397   43K     2   14.93   14.93
c rst  geom ibes   vs  1187  604K     664  1084     0    5.45    5.45  4137  5398   43K     2   14.93   14.92
c rst  geom ibes   vs  1188  605K     664  1084     0    5.45    5.45  4137  5399   44K     2   14.91   14.91
c [distill-long-red0] cls tried: 117/117 T: 0.04 T-out: N T-r: 99.92%
c [distill-long-red1] cls tried: 399/1931 T: 0.18 T-out: Y T-r: -0.66%
c rst  geom ibes   vs  1189  605K     664  1084     0    5.45    5.45  4137  5405   44K     2   14.89   14.89
c rst  geom ibes   vs  1190  606K     664  1084     0    5.45    5.45  4137  5407   45K     2   14.88   14.88
c rst  geom ibes   vs  1191  607K     664  1084     0    5.45    5.45  4137  5412   45K     2   14.85   14.85
c rst  geom ibes   vs  1192  607K     664  1084     0    5.45    5.45  4137  5417   46K     2   14.82   14.82
c rst  geom ibes   vs  1193  608K     664  1084     0    5.45    5.45  4137  5422   47K     2   14.80   14.80
c rst  geom ibes   vs  1194  609K     664  1084     0    5.45    5.45  4137  5429   48K     2   14.77   14.77
c rst  geom ibes   vs  1195  610K     664  1084     0    5.45    5.45  4219  5197   49K     2   14.74   14.74
c rst  geom ibes   vs  1196  611K     664  1084     0    5.45    5.45  4219  5207   50K     2   14.70   14.70
c [distill-bin] useful: 0/0/0 lits-rem: 0 cl-rem: 0 0-depth-assigns: 0 T: 0.00 T-out: N
c rst  geom ibes   vs  1197  612K     664  1084     0    5.45    5.45  4219  5217   51K     2   14.66   14.66
c rst  geom  svd   vs  1198  612K     664  1084     0    5.45    5.45  4219  5217   51K     2   14.66   14.66
c ecursive minimization cost OK: 560Kcost/(% lits removed)
c [g 0] truth-find prop checks  : 20M
c [g 0] -> of which prop        : 69.64 %
c [g 0] -> of which confl       :  0.43 %
c [g 0] elim called             : 183K
c [g 0] ---> which lead to prop : 1305.91 %
c [g 0] ---> which lead to confl:  4.27 %
c [g 0] size: 624   x 663  
c --> Executing strategy token: scc-vrepl
c [scc] new: 0 BP 0M T: 0.00
c [vrep] vars 0 lits 0 rem-bin-cls 0 rem-long-cls 0 BP 0M T: 0.00
c --> Executing strategy token: sub-impl
c [impl-sub] bin: 0 T: 0.00 T-out: N w-visit: 1330
c --> Executing strategy token: breakid
c Executing OCC strategy token(s): 'occ-backw-sub-str,occ-clean-implicit,occ-bve,occ-bva,occ-ternary-res,occ-xor,
c [occ] mem usage for occur 0      MB
c [occ] Linked in IRRED BIN by default: 0
c [occ] Linked in RED   BIN by default: 2
c [occ] mem usage for occur 0      MB
c Mem for watch alloc      : 8           MB (0.00      %)
c Mem for watch array      : 0           MB (0.00      %)
c Executing OCC strategy token: occ-backw-sub-str
c [occ-backw-sub-str-long-w-bins] subs: 0 str: 0 tried: 131 0-depth ass: 0 T: 0.00 T-out: N T-r: 100.00%
c [occ-backw-sub-long-w-long] rem cl: 338 tried: 62519/62519 (100.0%) T: 0.02 T-out: N T-r: 86.45%
c [occ-backw-sub-str-long-w-long] sub: 87 str: 253 tried: 187557/62519 (300.0)  T: 0.11 T-out: N T-r: 79.80%
c Executing OCC strategy token: occ-clean-implicit
c Executing OCC strategy token: occ-bve
c [occ-empty-res] Empty resolvent elimed: 0 T: 0.00 T-out: N
c [occ-bve] iter v-elim 0
c cl_inc_rate=1.0, var_dec_rate=1.0 (grow=0)
c Reduced to 664 vars, 1084 cls (grow=0)
c [occ-bve] iter v-elim 0
c cl_inc_rate=1.0, var_dec_rate=1.0 (grow=3)
c Reduced to 664 vars, 1084 cls (grow=3)
c [occ-bve] iter v-elim 0
c cl_inc_rate=1.0, var_dec_rate=1.0 (grow=4)
c Reduced to 664 vars, 1084 cls (grow=4)
c [occ-bve] iter v-elim 0
c cl_inc_rate=1.0, var_dec_rate=1.0 (grow=6)
c Reduced to 664 vars, 1084 cls (grow=6)
c [occ-bve] iter v-elim 0
c cl_inc_rate=1.0, var_dec_rate=1.0 (grow=9)
c Reduced to 664 vars, 1084 cls (grow=9)
c [occ-bve] iter v-elim 0
c cl_inc_rate=1.0, var_dec_rate=1.0 (grow=13)
c Reduced to 664 vars, 1084 cls (grow=13)
c [occ-bve] iter v-elim 0
c cl_inc_rate=1.0, var_dec_rate=1.0 (grow=16)
c Reduced to 664 vars, 1084 cls (grow=16)
c x n vars       : 664
c #try to eliminate:     7
c #var-elim        :     0
c #T-o: N
c #T-r: 100.00%
c #T  : 0.01
c [occur] 0.02 is overhead
c [occur] link-in T: 0.02 cleanup T: 0.00
c [occ-xor-bve] elimed: 0 T: 0.00 T-out: N
c Executing OCC strategy token: occ-bva
c Executing OCC strategy token: occ-ternary-res
c [occ-ternary-res] Ternary res-tri: 0 res-bin: 0 sub: 0 str: 0 T: 0.00 T-out: N T-r: 99.86%
c Executing OCC strategy token: occ-xor
c [occ-xor] sort occur list T: 0.00
c [occ-xor] found      0 T: 0.00 T-out: N T-r: 100.00%
c --> Executing strategy token: card-find
c --> Executing strategy token: cl-consolidate
c Not consolidating memory.
c --> Executing strategy token: scc-vrepl
c [scc] new: 0 BP 0M T: 0.00
c [vrep] vars 0 lits 0 rem-bin-cls 0 rem-long-cls 0 BP 0M T: 0.01
c --> Executing strategy token: renumber
c --> Executing strategy token: louvain-comms
c [consolidate] mini T: 0.00
c global_timeout_multiplier: 4.8315
c [branch] rebuilding order heap for all branchings. Current branching: vsids
c [gauss] clauses deleted that are represented by XORs: 0 xorclauses: 625 GJ matrices: 0 T: 0.00
c [find&init matx] performing matrix init
c [matrix] Good   matrix  0    625 x  663  density:0.0064  xorlen avg:  4.24
c [matrix] Using 1 matrices recovered from 0 xors T: 0.00 T-out: N
c rst  geom  svd   vs  1199  613K     664  1084     0    5.45    5.45  3837  5901   52K     2   14.74   14.74
c [distill] watch-based irred--  cl tried     2168 cl-sh     0 cl-rem    0 lit-rem      0 T: 0.02 T-out: N
c [distill] watch-based   red--  cl tried     4293 cl-sh     0 cl-rem    0 lit-rem      0 T: 0.07 T-out: Y
c rst  geom  svd   vs  1200  615K     664  1084     0    5.45    5.45  3837  5985   38K     2   14.11   14.11
c rst  geom  svd   vs  1201  616K     664  1084     0    5.45    5.45  3837  5989   40K     2   14.12   14.12
c rst  geom  svd   vs  1202  618K     664  1084     0    5.45    5.45  3837  5991   41K     2   14.15   14.15
c rst  geom  svd   vs  1203  620K     664  1084     0    5.45    5.45  3881  5706   44K     2   14.18   14.17
c [distill-long-red0] cls tried: 85/85 T: 0.02 T-out: N T-r: 99.94%
c [distill-long-red1] cls tried: 282/2224 T: 0.18 T-out: Y T-r: -0.73%
c rst  geom  svd   vs  1204  622K     664  1084     0    5.45    5.45  3881  5714   46K     2   14.21   14.21
c [full-probe]  bin_only: 0 set: 0 repl: 0 T: 0.01 T-out: N T-r: 99.32%
c rst  geom  svd   vs  1205  624K     664  1084     0    5.45    5.45  3881  5717   48K     2   14.22   14.22
c rst  geom best   vs  1206  627K     664  1084     0    5.45    5.45  3881  5732   50K     2   14.24   14.24
c rst  geom best   vs  1207  629K     664  1084     0    5.45    5.45  3881  5752   53K     2   14.22   14.22
c rst  geom best   vs  1208  632K     664  1084     0    5.45    5.45  3964  6024   41K     2   13.67   13.67
c [distill-bin] useful: 0/0/0 lits-rem: 0 cl-rem: 0 0-depth-assigns: 0 T: 0.00 T-out: N
c rst  geom best   vs  1209  636K     664  1084     0    5.45    5.45  3964  6046   45K     2   13.71   13.71
c [distill-long-red0] cls tried: 56/56 T: 0.03 T-out: N T-r: 99.95%
c [distill-long-red1] cls tried: 342/2576 T: 0.14 T-out: Y T-r: -0.31%
c rst  geom  stb   vs  1210  639K     664  1084     0    5.45    5.45  3964  6054   48K     2   13.79   13.79
c [distill] watch-based irred--  cl tried     2168 cl-sh     0 cl-rem    0 lit-rem      0 T: 0.02 T-out: N
c [distill] watch-based   red--  cl tried     4736 cl-sh     0 cl-rem    0 lit-rem      0 T: 0.07 T-out: Y
c rst  geom  stb   vs  1211  643K     664  1084     0    5.45    5.45  4021  5515   53K     2   13.88   13.88
c [full-probe]  bin_only: 1 set: 0 repl: 0 T: 0.00 T-out: N T-r: 99.96%
c rst  geom  stb   vs  1212  648K     664  1084     0    5.45    5.45  4047  5960   42K     2   13.58   13.58
c [impl-str] lit bin: 0 set-var: 0 T: 0.00 T-out: N T-r: 99.98% w-visit: 1330
c [impl-sub] bin: 0 T: 0.00 T-out: N w-visit: 1330
c rst  geom ibes   vs  1213  652K     664  1084     0    5.45    5.45  4085  5632   47K     2   13.60   13.60
c [distill-long-red0] cls tried: 76/76 T: 0.02 T-out: N T-r: 99.95%
c [distill-long-red1] cls tried: 372/2475 T: 0.16 T-out: Y T-r: -0.53%
c [distill-bin] useful: 0/0/0 lits-rem: 0 cl-rem: 0 0-depth-assigns: 0 T: 0.00 T-out: N
c rst  geom ibes   vs  1214  658K     664  1084     0    5.45    5.45  4085  5685   52K     2   13.60   13.60
c rst  geom ibes   vs  1215  664K     664  1084     0    5.45    5.45  4138  6069   42K     2   13.35   13.35
c [full-probe]  bin_only: 0 set: 0 repl: 0 T: 0.00 T-out: N T-r: 99.35%
c rst  geom  svd   vs  1216  670K     664  1084     0    5.45    5.45  4202  5728   49K     2   13.54   13.54
c [branch] adjusting to: vmtf (from: vsids) var_decay:0.95 descr: VMTF
c [distill-long-red0] cls tried: 83/83 T: 0.02 T-out: N T-r: 99.95%
c [distill-long-red1] cls tried: 335/2633 T: 0.18 T-out: Y T-r: -0.27%
c [distill] watch-based irred--  cl tried     2168 cl-sh     0 cl-rem    0 lit-rem      0 T: 0.02 T-out: N
c [distill] watch-based   red--  cl tried     5678 cl-sh     0 cl-rem    0 lit-rem      0 T: 0.07 T-out: Y
c rst  luby  svd  vmt  1217  670K     664  1084     0    5.45    5.45  4202  5729   49K     2   13.55   13.55
c rst  luby  svd  vmt  1218  670K     664  1084     0    5.45    5.45  4202  5731   49K     2   13.55   13.55
c rst  luby  svd  vmt  1219  670K     664  1084     0    5.45    5.45  4202  5731   50K     2   13.56   13.56
c rst  luby  svd  vmt  1220  671K     664  1084     0    5.45    5.45  4202  5733   50K     2   13.57   13.57
c rst  luby  svd  vmt  1221  671K     664  1084     0    5.45    5.45  4202  5734   50K     2   13.57   13.57
c rst  luby  svd  vmt  1222  671K     664  1084     0    5.45    5.45  4202  5734   50K     2   13.58   13.58
c rst  luby  svd  vmt  1223  671K     664  1084     0    5.45    5.45  4202  5737   50K     2   13.59   13.59
c rst  luby  svd  vmt  1224  671K     664  1084     0    5.45    5.45  4202  5737   50K     2   13.60   13.60
c rst  luby  svd  vmt  1225  671K     664  1084     0    5.45    5.45  4202  5737   51K     2   13.61   13.61
c rst  luby  svd  vmt  1226  672K     664  1084     0    5.45    5.45  4202  5737   51K     2   13.62   13.62
c rst  luby  svd  vmt  1227  672K     664  1084     0    5.45    5.45  4202  5737   51K     2   13.62   13.62
c rst  luby  svd  vmt  1228  672K     664  1084     0    5.45    5.45  4202  5737   51K     2   13.62   13.62
c rst  luby  svd  vmt  1229  672K     664  1084     0    5.45    5.45  4202  5737   51K     2   13.63   13.63
c rst  luby  svd  vmt  1230  672K     664  1084     0    5.45    5.45  4202  5739   52K     2   13.65   13.65
c rst  luby  svd  vmt  1231  673K     664  1084     0    5.45    5.45  4202  5745   52K     2   13.69   13.69
c [distill-bin] useful: 0/0/0 lits-rem: 0 cl-rem: 0 0-depth-assigns: 0 T: 0.00 T-out: N
c rst  luby  svd  vmt  1232  673K     664  1084     0    5.45    5.45  4202  5745   52K     2   13.69   13.69
c rst  luby  svd  vmt  1233  673K     664  1084     0    5.45    5.45  4202  5745   53K     2   13.70   13.70
c rst  luby  svd  vmt  1234  674K     664  1084     0    5.45    5.45  4202  5747   53K     2   13.72   13.72
c rst  luby  svd  vmt  1235  674K     664  1084     0    5.45    5.45  4202  5748   53K     2   13.72   13.72
c rst  luby  svd  vmt  1236  674K     664  1084     0    5.45    5.45  4202  5749   53K     2   13.73   13.73
c rst  luby  svd  vmt  1237  674K     664  1084     0    5.45    5.45  4202  5749   53K     2   13.75   13.75
c rst  luby  svd  vmt  1238  674K     664  1084     0    5.45    5.45  4202  5751   54K     2   13.77   13.77
c rst  luby  svd  vmt  1239  675K     664  1084     0    5.45    5.45  4232  6191   38K     2   13.63   13.63
c rst  luby  svd  vmt  1240  675K     664  1084     0    5.45    5.45  4232  6191   38K     2   13.64   13.64
c rst  luby  svd  vmt  1241  675K     664  1084     0    5.45    5.45  4232  6191   38K     2   13.67   13.66
c rst  luby  svd  vmt  1242  675K     664  1084     0    5.45    5.45  4232  6192   38K     2   13.68   13.68
c rst  luby  svd  vmt  1243  675K     664  1084     0    5.45    5.45  4232  6192   38K     2   13.69   13.69
c rst  luby  svd  vmt  1244  675K     664  1084     0    5.45    5.45  4232  6192   39K     2   13.70   13.70
c rst  luby  svd  vmt  1245  676K     664  1084     0    5.45    5.45  4232  6192   39K     2   13.72   13.72
c rst  geom best  vmt  1246  676K     664  1084     0    5.45    5.45  4232  6192   39K     2   13.73   13.73
c rst  geom best  vmt  1247  676K     664  1084     0    5.45    5.45  4232  6192   39K     2   13.74   13.73
c rst  geom best  vmt  1248  676K     664  1084     0    5.45    5.45  4232  6192   39K     2   13.74   13.74
c rst  geom best  vmt  1249  676K     664  1084     0    5.45    5.45  4232  6192   40K     2   13.76   13.76
c rst  geom best  vmt  1250  676K     664  1084     0    5.45    5.45  4232  6192   40K     2   13.76   13.76
c rst  geom best  vmt  1251  677K     664  1084     0    5.45    5.45  4232  6193   40K     2   13.77   13.77
c rst  geom best  vmt  1252  677K     664  1084     0    5.45    5.45  4232  6196   40K     2   13.78   13.78
c rst  geom best  vmt  1253  677K     664  1084     0    5.45    5.45  4232  6199   40K     2   13.78   13.78
c rst  geom best  vmt  1254  677K     664  1084     0    5.45    5.45  4232  6199   41K     2   13.79   13.79
c rst  geom best  vmt  1255  677K     664  1084     0    5.45    5.45  4232  6200   41K     2   13.80   13.80
c rst  geom best  vmt  1256  678K     664  1084     0    5.45    5.45  4232  6200   41K     2   13.81   13.81
c rst  geom best  vmt  1257  678K     664  1084     0    5.45    5.45  4232  6201   41K     2   13.83   13.83
c rst  geom best  vmt  1258  678K     664  1084     0    5.45    5.45  4232  6201   42K     2   13.83   13.83
c rst  geom best  vmt  1259  679K     664  1084     0    5.45    5.45  4232  6205   42K     2   13.84   13.84
c rst  geom best  vmt  1260  679K     664  1084     0    5.45    5.45  4232  6206   43K     2   13.85   13.85
c rst  geom best  vmt  1261  680K     664  1084     0    5.45    5.45  4305  5531   44K     2   13.87   13.87
c rst  geom best  vmt  1262  680K     664  1084     0    5.45    5.45  4305  5533   44K     2   13.88   13.88
c rst  geom best  vmt  1263  681K     664  1084     0    5.45    5.45  4305  5536   45K     2   13.89   13.89
c rst  geom best  vmt  1264  681K     664  1084     0    5.45    5.45  4305  5542   45K     2   13.89   13.89
c rst  geom best  vmt  1265  682K     664  1084     0    5.45    5.45  4305  5547   46K     2   13.92   13.92
c rst  geom best  vmt  1266  683K     664  1084     0    5.45    5.45  4305  5553   47K     2   13.92   13.92
c rst  geom best  vmt  1267  683K     664  1084     0    5.45    5.45  4305  5559   47K     2   13.92   13.92
c rst  geom best  vmt  1268  684K     664  1084     0    5.45    5.45  4305  5566   48K     2   13.94   13.94
c [full-probe]  bin_only: 1 set: 0 repl: 0 T: 0.00 T-out: N T-r: 99.97%
c rst  geom best  vmt  1269  685K     664  1084     0    5.45    5.45  4305  5572   49K     2   13.95   13.95
c [distill-long-red0] cls tried: 77/77 T: 0.03 T-out: N T-r: 99.94%
c [distill-long-red1] cls tried: 353/2519 T: 0.16 T-out: Y T-r: -0.55%
c rst  geom best  vmt  1270  686K     664  1084     0    5.45    5.45  4305  5589   50K     2   13.92   13.92
c rst  geom best  vmt  1271  687K     664  1084     0    5.45    5.45  4305  5606   51K     2   13.90   13.90
c rst  geom best  vmt  1272  689K     664  1084     0    5.45    5.45  4305  5621   53K     2   13.96   13.96
c rst  geom  stb  vmt  1273  690K     664  1084     0    5.45    5.45  4405  5841   39K     2   13.85   13.85
c rst  geom  stb  vmt  1274  692K     664  1084     0    5.45    5.45  4405  5851   41K     2   13.93   13.93
c rst  geom  stb  vmt  1275  693K     664  1084     0    5.45    5.45  4405  5871   42K     2   14.00   13.99
c [distill-bin] useful: 0/0/0 lits-rem: 0 cl-rem: 0 0-depth-assigns: 0 T: 0.00 T-out: N
c rst  geom  stb  vmt  1276  695K     664  1084     0    5.45    5.45  4405  5876   44K     2   14.06   14.06
c [distill] watch-based irred--  cl tried     2168 cl-sh     0 cl-rem    0 lit-rem      0 T: 0.01 T-out: N
c [distill] watch-based   red--  cl tried     5923 cl-sh     0 cl-rem    0 lit-rem      0 T: 0.08 T-out: Y
c rst  geom  stb  vmt  1277  697K     664  1084     0    5.45    5.45  4405  5883   46K     2   14.12   14.12
c rst  geom  stb  vmt  1278  700K     664  1084     0    5.45    5.45  4517  5384   49K     2   14.17   14.17
c rst  geom  stb  vmt  1279  702K     664  1084     0    5.45    5.45  4517  5395   51K     2   14.24   14.24
c [distill-long-red0] cls tried: 149/149 T: 0.07 T-out: N T-r: 99.87%
c [distill-long-red1] cls tried: 282/2552 T: 0.20 T-out: Y T-r: -0.78%
c rst  geom ibes  vmt  1280  705K     664  1084     0    5.45    5.45  4548  6081   39K     2   14.28   14.28
c [full-probe]  bin_only: 0 set: 0 repl: 0 T: 0.00 T-out: N T-r: 99.41%
c rst  geom ibes  vmt  1281  708K     664  1084     0    5.45    5.45  4549  6132   42K     2   14.27   14.27
c [impl-str] lit bin: 0 set-var: 0 T: 0.00 T-out: N T-r: 99.98% w-visit: 1330
c [impl-sub] bin: 0 T: 0.00 T-out: N w-visit: 1330
c rst  geom ibes  vmt  1282  711K     664  1084     0    5.45    5.45  4651  5809   45K     2   14.21   14.21
c rst  geom ibes  vmt  1283  715K     664  1084     0    5.45    5.45  4651  5858   49K     2   14.18   14.18
c [distill-bin] useful: 0/0/0 lits-rem: 0 cl-rem: 0 0-depth-assigns: 0 T: 0.00 T-out: N
c rst  geom  svd  vmt  1284  719K     664  1084     0    5.45    5.45  4651  5885   53K     2   14.23   14.23
c [distill-long-red0] cls tried: 94/94 T: 0.04 T-out: N T-r: 99.92%
c [distill-long-red1] cls tried: 280/2957 T: 0.20 T-out: Y T-r: -0.49%
c rst  geom  svd  vmt  1285  723K     664  1084     0    5.45    5.45  4764  6547   42K     2   13.77   13.77
c [distill] watch-based irred--  cl tried     2168 cl-sh     0 cl-rem    0 lit-rem      0 T: 0.02 T-out: N
c [distill] watch-based   red--  cl tried     5655 cl-sh     0 cl-rem    0 lit-rem      0 T: 0.07 T-out: Y
c rst  geom  svd  vmt  1286  728K     664  1084     0    5.45    5.45  4764  6572   46K     2   13.84   13.84
c [full-probe]  bin_only: 1 set: 0 repl: 0 T: 0.00 T-out: N T-r: 99.97%
c rst  geom best  vmt  1287  733K     664  1084     0    5.45    5.45  4843  6019   52K     2   13.90   13.90
c rst  geom best  vmt  1288  739K     664  1084     0    5.45    5.45  4879  6641   43K     2   13.59   13.59
c [branch] adjusting to: vsids (from: vmtf) var_decay:0.95 descr: VSIDS
c [distill-long-red0] cls tried: 153/153 T: 0.05 T-out: N T-r: 99.91%
c [distill-long-red1] cls tried: 284/3793 T: 0.18 T-out: Y T-r: -0.35%
c [distill-bin] useful: 0/0/0 lits-rem: 0 cl-rem: 0 0-depth-assigns: 0 T: 0.00 T-out: N
c rst  geom best   vs  1289  739K     664  1084     0    5.45    5.45  4879  6643   43K     2   13.59   13.59
c rst  geom best   vs  1290  739K     664  1084     0    5.45    5.45  4879  6643   43K     2   13.59   13.59
c rst  geom best   vs  1291  739K     664  1084     0    5.45    5.45  4879  6646   43K     2   13.59   13.59
c rst  geom best   vs  1292  740K     664  1084     0    5.45    5.45  4964  6299   44K     2   13.60   13.60
c rst  geom best   vs  1293  740K     664  1084     0    5.45    5.45  4964  6299   44K     2   13.60   13.60
c rst  geom best   vs  1294  740K     664  1084     0    5.45    5.45  4964  6300   44K     2   13.60   13.60
c rst  geom best   vs  1295  740K     664  1084     0    5.45    5.45  4964  6300   44K     2   13.60   13.60
c rst  geom best   vs  1296  740K     664  1084     0    5.45    5.45  4964  6308   44K     2   13.59   13.59
c rst  geom  stb   vs  1297  741K     664  1084     0    5.45    5.45  4964  6308   44K     2   13.59   13.59
c rst  geom  stb   vs  1298  741K     664  1084     0    5.45    5.45  4964  6308   45K     2   13.61   13.60
c rst  geom  stb   vs  1299  741K     664  1084     0    5.45    5.45  4964  6308   45K     2   13.62   13.62
c rst  geom  stb   vs  1300  741K     664  1084     0    5.45    5.45  4964  6308   45K     2   13.64   13.64
c rst  geom  stb   vs  1301  742K     664  1084     0    5.45    5.45  4964  6309   46K     2   13.65   13.65
c rst  geom  stb   vs  1302  742K     664  1084     0    5.45    5.45  4964  6309   46K     2   13.66   13.66
c rst  geom  stb   vs  1303  743K     664  1084     0    5.45    5.45  4964  6310   46K     2   13.66   13.66
c rst  geom  stb   vs  1304  743K     664  1084     0    5.45    5.45  4964  6311   47K     2   13.69   13.69
c rst  geom  stb   vs  1305  743K     664  1084     0    5.45    5.45  4964  6313   47K     2   13.70   13.70
c rst  geom  stb   vs  1306  744K     664  1084     0    5.45    5.45  4964  6313   48K     2   13.71   13.71
c rst  geom  stb   vs  1307  745K     664  1084     0    5.45    5.45  4964  6313   49K     2   13.74   13.74
c rst  geom  stb   vs  1308  745K     664  1084     0    5.45    5.45  4964  6316   49K     2   13.75   13.75
c rst  geom  stb   vs  1309  746K     664  1084     0    5.45    5.45  4964  6318   50K     2   13.76   13.76
c rst  geom  stb   vs  1310  747K     664  1084     0    5.45    5.45  4964  6323   51K     2   13.78   13.78
c rst  geom  stb   vs  1311  748K     664  1084     0    5.45    5.45  4964  6324   52K     2   13.80   13.80
c rst  geom  stb   vs  1312  749K     664  1084     0    5.45    5.45  4964  6327   53K     2   13.82   13.82
c [full-probe]  bin_only: 0 set: 0 repl: 0 T: 0.00 T-out: N T-r: 99.23%
c [distill] watch-based irred--  cl tried     2168 cl-sh     0 cl-rem    0 lit-rem      0 T: 0.02 T-out: N
c [distill] watch-based   red--  cl tried     3987 cl-sh     0 cl-rem    0 lit-rem      0 T: 0.07 T-out: Y
c rst  geom  stb   vs  1313  750K     664  1084     0    5.45    5.45  5031  6666   38K     2   13.63   13.63
c rst  geom  stb   vs  1314  751K     664  1084     0    5.45    5.45  5031  6669   39K     2   13.66   13.66
c rst  geom  stb   vs  1315  752K     664  1084     0    5.45    5.45  5031  6677   41K     2   13.70   13.70
c rst  geom  stb   vs  1316  754K     664  1084     0    5.45    5.45  5031  6693   42K     2   13.75   13.75
c rst  geom ibes   vs  1317  755K     664  1084     0    5.45    5.45  5031  6718   44K     2   13.74   13.74
c [distill-long-red0] cls tried: 128/128 T: 0.05 T-out: N T-r: 99.91%
c [distill-long-red1] cls tried: 292/3905 T: 0.19 T-out: Y T-r: -0.13%
c rst  geom ibes   vs  1318  757K     664  1084     0    5.45    5.45  5031  6766   45K     2   13.71   13.71
c rst  geom ibes   vs  1319  759K     664  1084     0    5.45    5.45  5031  6789   47K     2   13.71   13.70
c rst  geom ibes   vs  1320  761K     664  1084     0    5.45    5.45  5130  6220   50K     2   13.68   13.68
c [distill-bin] useful: 0/0/0 lits-rem: 0 cl-rem: 0 0-depth-assigns: 0 T: 0.00 T-out: N
c rst  geom ibes   vs  1321  763K     664  1084     0    5.45    5.45  5130  6251   52K     2   13.67   13.67
c rst  geom ibes   vs  1322  765K     664  1084     0    5.45    5.45  5173  7260   39K     2   13.40   13.40
c rst  geom ibes   vs  1323  768K     664  1084     0    5.45    5.45  5174  7399   41K     2   13.32   13.32
c [impl-str] lit bin: 0 set-var: 0 T: 0.00 T-out: N T-r: 99.98% w-visit: 1330
c [impl-sub] bin: 0 T: 0.00 T-out: N w-visit: 1330
c rst  geom  svd   vs  1324  771K     664  1084     0    5.45    5.45  5271  6998   45K     2   13.43   13.43
c [distill-long-red0] cls tried: 183/183 T: 0.08 T-out: N T-r: 99.85%
c [distill-long-red1] cls tried: 248/4304 T: 0.20 T-out: Y T-r: -0.64%
c [full-probe]  bin_only: 1 set: 0 repl: 0 T: 0.00 T-out: N T-r: 99.97%
c rst  geom  svd   vs  1325  774K     664  1084     0    5.45    5.45  5271  7015   48K     2   13.49   13.49
c [distill] watch-based irred--  cl tried     2168 cl-sh     0 cl-rem    0 lit-rem      0 T: 0.02 T-out: N
c [distill] watch-based   red--  cl tried     4789 cl-sh     0 cl-rem    0 lit-rem      0 T: 0.07 T-out: Y
c rst  geom  svd   vs  1326  778K     664  1084     0    5.45    5.45  5271  7091   52K     2   13.49   13.49
c rst  geom  svd   vs  1327  782K     664  1084     0    5.45    5.45  5419  7608   40K     2   13.24   13.24
c [distill-bin] useful: 0/0/0 lits-rem: 0 cl-rem: 0 0-depth-assigns: 0 T: 0.00 T-out: N
c rst  geom best   vs  1328  786K     664  1084     0    5.45    5.45  5420  7841   44K     2   13.15   13.15
c [distill-long-red0] cls tried: 122/122 T: 0.06 T-out: N T-r: 99.91%
c [distill-long-red1] cls tried: 269/5148 T: 0.21 T-out: Y T-r: -0.87%
c rst  geom best   vs  1329  791K     664  1084     0    5.45    5.45  5524  7300   50K     2   13.20   13.20
c [full-probe]  bin_only: 0 set: 0 repl: 0 T: 0.00 T-out: N T-r: 99.24%
c rst  geom best   vs  1330  797K     664  1084     0    5.45    5.45  5568  8512   39K     2   12.73   12.73
c rst  geom  stb   vs  1331  802K     664  1084     0    5.45    5.45  5716  8148   45K     2   12.82   12.82
c [distill-long-red0] cls tried: 235/235 T: 0.10 T-out: N T-r: 99.82%
c [distill-long-red1] cls tried: 263/5625 T: 0.19 T-out: Y T-r: -0.28%
c [distill-bin] useful: 0/0/0 lits-rem: 0 cl-rem: 0 0-depth-assigns: 0 T: 0.00 T-out: N
c [distill] watch-based irred--  cl tried     2168 cl-sh     0 cl-rem    0 lit-rem      0 T: 0.02 T-out: N
c [distill] watch-based   red--  cl tried     4400 cl-sh     0 cl-rem    0 lit-rem      0 T: 0.07 T-out: Y
c rst  geom  stb   vs  1332  809K     664  1084     0    5.45    5.45  5716  8187   52K     2   12.92   12.92
c rst  geom  stb   vs  1333  816K     664  1084     0    5.45    5.45  5769  8409   44K     2   12.88   12.88
c [full-probe]  bin_only: 1 set: 0 repl: 0 T: 0.00 T-out: N T-r: 99.97%
c rst  geom ibes   vs  1334  824K     664  1084     0    5.45    5.45  5833  8103   52K     2   12.84   12.84
c [branch] adjusting to: vmtf (from: vsids) var_decay:0.95 descr: VMTF
c [distill-long-red0] cls tried: 92/92 T: 0.04 T-out: N T-r: 99.93%
c [distill-long-red1] cls tried: 241/5649 T: 0.19 T-out: Y T-r: -0.42%
c [distill-bin] useful: 0/0/0 lits-rem: 0 cl-rem: 0 0-depth-assigns: 0 T: 0.00 T-out: N
c rst  luby ibes  vmt  1335  824K     664  1084     0    5.45    5.45  5833  8104   52K     2   12.84   12.84
c rst  luby ibes  vmt  1336  824K     664  1084     0    5.45    5.45  5833  8105   52K     2   12.84   12.84
c rst  luby ibes  vmt  1337  824K     664  1084     0    5.45    5.45  5833  8145   52K     2   12.83   12.83
c rst  luby ibes  vmt  1338  824K     664  1084     0    5.45    5.45  5833  8149   52K     2   12.83   12.83
c rst  luby ibes  vmt  1339  824K     664  1084     0    5.45    5.45  5833  8151   52K     2   12.83   12.83
c rst  luby ibes  vmt  1340  824K     664  1084     0    5.45    5.45  5833  8173   52K     2   12.83   12.83
c rst  luby ibes  vmt  1341  825K     664  1084     0    5.45    5.45  5855  9087   38K     2   12.56   12.56
c rst  luby ibes  vmt  1342  825K     664  1084     0    5.45    5.45  5855  9089   38K     2   12.56   12.56
c rst  luby ibes  vmt  1343  825K     664  1084     0    5.45    5.45  5855  9095   38K     2   12.56   12.56
c rst  luby ibes  vmt  1344  825K     664  1084     0    5.45    5.45  5855  9096   38K     2   12.57   12.57
c rst  luby ibes  vmt  1345  825K     664  1084     0    5.45    5.45  5855  9098   38K     2   12.57   12.57
c rst  luby ibes  vmt  1346  825K     664  1084     0    5.45    5.45  5855  9100   38K     2   12.58   12.58
c rst  luby ibes  vmt  1347  826K     664  1084     0    5.45    5.45  5855  9102   38K     2   12.58   12.58
c rst  luby ibes  vmt  1348  826K     664  1084     0    5.45    5.45  5855  9107   39K     2   12.59   12.59
c rst  luby ibes  vmt  1349  827K     664  1084     0    5.45    5.45  5855  9135   40K     2   12.61   12.61
c rst  luby ibes  vmt  1350  827K     664  1084     0    5.45    5.45  5855  9138   40K     2   12.60   12.60
c rst  luby ibes  vmt  1351  827K     664  1084     0    5.45    5.45  5855  9139   40K     2   12.60   12.60
c rst  luby ibes  vmt  1352  827K     664  1084     0    5.45    5.45  5855  9142   40K     2   12.60   12.60
c rst  luby ibes  vmt  1353  827K     664  1084     0    5.45    5.45  5855  9144   40K     2   12.60   12.60
c rst  luby ibes  vmt  1354  827K     664  1084     0    5.45    5.45  5855  9145   40K     2   12.61   12.61
c [distill] watch-based irred--  cl tried     2168 cl-sh     0 cl-rem    0 lit-rem      0 T: 0.02 T-out: N
c [distill] watch-based   red--  cl tried     4839 cl-sh     0 cl-rem    0 lit-rem      0 T: 0.08 T-out: Y
c rst  luby ibes  vmt  1355  828K     664  1084     0    5.45    5.45  5855  9146   40K     2   12.61   12.61
c rst  luby ibes  vmt  1356  828K     664  1084     0    5.45    5.45  5855  9149   41K     2   12.61   12.61
c rst  luby ibes  vmt  1357  828K     664  1084     0    5.45    5.45  5855  9158   41K     2   12.61   12.61
c [impl-str] lit bin: 0 set-var: 0 T: 0.00 T-out: N T-r: 99.98% w-visit: 1330
c [impl-sub] bin: 0 T: 0.00 T-out: N w-visit: 1330
c rst  luby ibes  vmt  1358  828K     664  1084     0    5.45    5.45  5855  9164   41K     2   12.61   12.61
c rst  luby ibes  vmt  1359  828K     664  1084     0    5.45    5.45  5855  9223   41K     2   12.60   12.60
c rst  luby ibes  vmt  1360  829K     664  1084     0    5.45    5.45  5855  9232   41K     2   12.59   12.59
c rst  luby ibes  vmt  1361  829K     664  1084     0    5.45    5.45  5855  9234   41K     2   12.59   12.59
c rst  luby ibes  vmt  1362  829K     664  1084     0    5.45    5.45  5855  9235   42K     2   12.59   12.59
c rst  luby ibes  vmt  1363  829K     664  1084     0    5.45    5.45  5855  9239   42K     2   12.59   12.59
c rst  luby  svd  vmt  1364  830K     664  1084     0    5.45    5.45  6014  8580   43K     2   12.65   12.65
c rst  luby  svd  vmt  1365  832K     664  1084     0    5.45    5.45  6014  8599   45K     2   12.70   12.70
c rst  luby  svd  vmt  1366  832K     664  1084     0    5.45    5.45  6014  8602   45K     2   12.71   12.71
c rst  luby  svd  vmt  1367  832K     664  1084     0    5.45    5.45  6014  8602   45K     2   12.71   12.71
c rst  luby  svd  vmt  1368  832K     664  1084     0    5.45    5.45  6014  8603   45K     2   12.72   12.72
c rst  luby  svd  vmt  1369  832K     664  1084     0    5.45    5.45  6014  8605   45K     2   12.72   12.72
c rst  luby  svd  vmt  1370  832K     664  1084     0    5.45    5.45  6014  8607   45K     2   12.73   12.73
c rst  luby  svd  vmt  1371  832K     664  1084     0    5.45    5.45  6014  8608   46K     2   12.74   12.74
c rst  luby  svd  vmt  1372  833K     664  1084     0    5.45    5.45  6014  8612   46K     2   12.77   12.77
c rst  luby  svd  vmt  1373  833K     664  1084     0    5.45    5.45  6014  8612   46K     2   12.78   12.78
c rst  luby  svd  vmt  1374  833K     664  1084     0    5.45    5.45  6014  8612   46K     2   12.79   12.79
c rst  luby  svd  vmt  1375  833K     664  1084     0    5.45    5.45  6014  8614   46K     2   12.79   12.79
c rst  luby  svd  vmt  1376  833K     664  1084     0    5.45    5.45  6014  8614   47K     2   12.80   12.80
c rst  luby  svd  vmt  1377  833K     664  1084     0    5.45    5.45  6014  8614   47K     2   12.80   12.80
c rst  luby  svd  vmt  1378  834K     664  1084     0    5.45    5.45  6014  8615   47K     2   12.82   12.82
c rst  luby  svd  vmt  1379  834K     664  1084     0    5.45    5.45  6014  8616   47K     2   12.85   12.85
c rst  luby  svd  vmt  1380  835K     664  1084     0    5.45    5.45  6014  8619   48K     2   12.89   12.89
c rst  luby  svd  vmt  1381  835K     664  1084     0    5.45    5.45  6014  8619   48K     2   12.90   12.90
c rst  luby  svd  vmt  1382  835K     664  1084     0    5.45    5.45  6014  8620   48K     2   12.91   12.91
c rst  luby  svd  vmt  1383  835K     664  1084     0    5.45    5.45  6014  8622   48K     2   12.91   12.91
c rst  luby  svd  vmt  1384  835K     664  1084     0    5.45    5.45  6014  8622   49K     2   12.92   12.92
c rst  luby  svd  vmt  1385  836K     664  1084     0    5.45    5.45  6014  8622   49K     2   12.93   12.93
c rst  luby  svd  vmt  1386  836K     664  1084     0    5.45    5.45  6014  8622   49K     2   12.94   12.94
c rst  luby  svd  vmt  1387  836K     664  1084     0    5.45    5.45  6014  8623   49K     2   12.96   12.96
c [full-probe]  bin_only: 0 set: 0 repl: 0 T: 0.00 T-out: N T-r: 99.23%
c rst  luby  svd  vmt  1388  836K     664  1084     0    5.45    5.45  6014  8623   49K     2   12.97   12.97
c rst  luby  svd  vmt  1389  836K     664  1084     0    5.45    5.45  6014  8623   49K     2   12.97   12.97
c rst  luby  svd  vmt  1390  837K     664  1084     0    5.45    5.45  6014  8623   50K     2   12.99   12.99
c rst  luby  svd  vmt  1391  837K     664  1084     0    5.45    5.45  6014  8623   50K     2   13.00   13.00
c rst  luby  svd  vmt  1392  837K     664  1084     0    5.45    5.45  6014  8623   50K     2   13.00   13.00
c rst  luby  svd  vmt  1393  837K     664  1084     0    5.45    5.45  6014  8626   50K     2   13.02   13.01
c rst  luby  svd  vmt  1394  837K     664  1084     0    5.45    5.45  6014  8633   50K     2   13.03   13.03
c rst  luby  svd  vmt  1395  838K     664  1084     0    5.45    5.45  6014  8640   51K     2   13.05   13.05
c rst  luby  svd  vmt  1396  840K     664  1084     0    5.45    5.45  6186  8152   39K     2   12.97   12.96
c [distill-long-red0] cls tried: 292/292 T: 0.10 T-out: N T-r: 99.79%
c [distill-long-red1] cls tried: 267/6053 T: 0.19 T-out: Y T-r: -0.38%
c rst  luby  svd  vmt  1397  843K     664  1084     0    5.45    5.45  6186  8182   42K     2   13.02   13.02
c rst  geom best  vmt  1398  843K     664  1084     0    5.45    5.45  6186  8183   42K     2   13.02   13.02
c rst  geom best  vmt  1399  843K     664  1084     0    5.45    5.45  6186  8187   42K     2   13.02   13.02
c rst  geom best  vmt  1400  843K     664  1084     0    5.45    5.45  6186  8190   42K     2   13.02   13.02
c rst  geom best  vmt  1401  843K     664  1084     0    5.45    5.45  6187  8216   42K     2   13.01   13.01
c rst  geom best  vmt  1402  844K     664  1084     0    5.45    5.45  6187  8224   42K     2   13.01   13.01
c rst  geom best  vmt  1403  844K     664  1084     0    5.45    5.45  6187  8228   43K     2   13.02   13.02
c [distill-bin] useful: 0/0/0 lits-rem: 0 cl-rem: 0 0-depth-assigns: 0 T: 0.00 T-out: N
c rst  geom best  vmt  1404  844K     664  1084     0    5.45    5.45  6187  8231   43K     2   13.02   13.02
c rst  geom best  vmt  1405  844K     664  1084     0    5.45    5.45  6187  8234   43K     2   13.03   13.03
c rst  geom best  vmt  1406  844K     664  1084     0    5.45    5.45  6187  8241   43K     2   13.04   13.04
c rst  geom best  vmt  1407  845K     664  1084     0    5.45    5.45  6187  8244   44K     2   13.04   13.04
c rst  geom best  vmt  1408  845K     664  1084     0    5.45    5.45  6187  8247   44K     2   13.04   13.04
c rst  geom best  vmt  1409  845K     664  1084     0    5.45    5.45  6187  8291   44K     2   13.03   13.03
c rst  geom best  vmt  1410  846K     664  1084     0    5.45    5.45  6189  8383   44K     2   13.01   13.01
c rst  geom best  vmt  1411  846K     664  1084     0    5.45    5.45  6189  8385   45K     2   13.02   13.02
c rst  geom best  vmt  1412  846K     664  1084     0    5.45    5.45  6189  8391   45K     2   13.02   13.02
c rst  geom best  vmt  1413  847K     664  1084     0    5.45    5.45  6189  8393   46K     2   13.03   13.03
c rst  geom best  vmt  1414  847K     664  1084     0    5.45    5.45  6189  8394   46K     2   13.03   13.03
c rst  geom best  vmt  1415  848K     664  1084     0    5.45    5.45  6189  8420   47K     2   13.04   13.04
c rst  geom best  vmt  1416  848K     664  1084     0    5.45    5.45  6191  8460   47K     3   13.04   13.04
c rst  geom best  vmt  1417  849K     664  1084     0    5.45    5.45  6191  8464   48K     3   13.06   13.06
c rst  geom best  vmt  1418  850K     664  1084     0    5.45    5.45  6387  7728   49K     3   13.07   13.07
c rst  geom best  vmt  1419  851K     664  1084     0    5.45    5.45  6387  7734   50K     3   13.08   13.08
c rst  geom best  vmt  1420  852K     664  1084     0    5.45    5.45  6387  7742   51K     3   13.10   13.10
c rst  geom best  vmt  1421  852K     664  1084     0    5.45    5.45  6387  7761   52K     3   13.12   13.12
c [distill] watch-based irred--  cl tried     2116 cl-sh   104 cl-rem   52 lit-rem    104 T: 0.02 T-out: N
c [distill] watch-based   red--  cl tried     4418 cl-sh   198 cl-rem  422 lit-rem    198 T: 0.07 T-out: Y
c rst  geom best  vmt  1422  854K     664  1032     1    5.35    5.35  5965  7777   53K     2   13.16   13.16
c rst  geom best  vmt  1423  855K     664  1032     1    5.35    5.35  6073  8992   39K     2   12.98   12.98
c rst  geom best  vmt  1424  856K     664  1032     1    5.35    5.35  6073  9007   40K     2   13.00   13.00
c [distill-long-red0] cls tried: 418/418 T: 0.12 T-out: N T-r: 99.77%
c [distill-long-red1] cls tried: 336/6862 T: 0.19 T-out: Y T-r: -0.59%
c rst  geom best  vmt  1425  857K     664  1032     1    5.35    5.35  6051  9022   42K    38   13.00   13.00
c [full-probe]  bin_only: 1 set: 0 repl: 0 T: 0.00 T-out: N T-r: 99.97%
c rst  geom  stb  vmt  1426  859K     664  1032     1    5.35    5.35  6051  9030   43K    38   13.06   13.05
c rst  geom  stb  vmt  1427  861K     664  1032     1    5.35    5.35  6248  7749   46K    38   13.14   13.14
c rst  geom  stb  vmt  1428  862K     664  1032     1    5.35    5.35  6248  7758   48K    38   13.19   13.19
c rst  geom  stb  vmt  1429  865K     664  1032     1    5.35    5.35  6248  7764   50K    38   13.27   13.26
c [distill-bin] useful: 0/1/1 lits-rem: 0 cl-rem: 0 0-depth-assigns: 0 T: 0.00 T-out: N
c rst  geom  stb  vmt  1430  867K     664  1032     1    5.35    5.35  6248  7780   52K    38   13.31   13.31
c rst  geom  stb  vmt  1431  869K     664  1032     1    5.35    5.35  6248  7806   54K    38   13.32   13.31
c rst  geom  stb  vmt  1432  872K     664  1032     1    5.35    5.35  6350  7507   43K    38   13.40   13.39
c [distill-long-red0] cls tried: 270/270 T: 0.10 T-out: N T-r: 99.82%
c [distill-long-red1] cls tried: 304/5698 T: 0.17 T-out: Y T-r: -0.56%
c rst  geom ibes  vmt  1433  875K     664  1032     1    5.35    5.35  6350  7533   46K    45   13.42   13.41
c rst  geom ibes  vmt  1434  878K     664  1032     1    5.35    5.35  6350  7821   49K    45   13.31   13.30
c [full-probe]  bin_only: 0 set: 0 repl: 0 T: 0.01 T-out: N T-r: 99.26%
c [distill] watch-based irred--  cl tried     2064 cl-sh     0 cl-rem    0 lit-rem      0 T: 0.03 T-out: N
c [distill] watch-based   red--  cl tried     3649 cl-sh   104 cl-rem  133 lit-rem    104 T: 0.07 T-out: Y
c rst  geom ibes  vmt  1435  882K     664  1032     1    5.35    5.35  6312  7630   52K    45   13.30   13.29
c rst  geom ibes  vmt  1436  886K     664  1032     1    5.35    5.35  6399 10058   39K    45   12.65   12.64
c [distill-bin] useful: 0/1/1 lits-rem: 0 cl-rem: 0 0-depth-assigns: 0 T: 0.00 T-out: N
c rst  geom  svd  vmt  1437  890K     664  1032     1    5.35    5.35  6626  9456   44K    45   12.63   12.62
c [distill-long-red0] cls tried: 479/479 T: 0.18 T-out: N T-r: 99.66%
c [distill-long-red1] cls tried: 236/7624 T: 0.19 T-out: Y T-r: -0.71%
c [impl-str] lit bin: 0 set-var: 0 T: 0.00 T-out: N T-r: 99.97% w-visit: 1330
c [impl-sub] bin: 43 T: 0.00 T-out: N w-visit: 1330
c rst  geom  svd  vmt  1438  895K     664  1032     1    5.35    5.35  6629  9740   48K     2   12.62   12.62
c rst  geom  svd  vmt  1439  900K     664  1032     1    5.35    5.35  6862 10947   38K     2   12.18   12.18
c [full-probe]  bin_only: 1 set: 0 repl: 0 T: 0.00 T-out: N T-r: 99.96%
c rst  geom best  vmt  1440  906K     664  1032     1    5.35    5.35  6862 11037   43K     2   12.36   12.36
c [branch] adjusting to: vsids (from: vmtf) var_decay:0.95 descr: VSIDS
c [distill-long-red0] cls tried: 221/221 T: 0.08 T-out: N T-r: 99.84%
c [distill-long-red1] cls tried: 241/9222 T: 0.18 T-out: Y T-r: -0.69%
c [distill-bin] useful: 0/1/1 lits-rem: 0 cl-rem: 0 0-depth-assigns: 0 T: 0.00 T-out: N
c [distill] watch-based irred--  cl tried     2064 cl-sh     0 cl-rem    0 lit-rem      0 T: 0.01 T-out: N
c [distill] watch-based   red--  cl tried     5598 cl-sh   132 cl-rem   88 lit-rem    132 T: 0.07 T-out: Y
c rst  geom best   vs  1441  906K     664  1032     1    5.35    5.35  6774 11037   43K     2   12.35   12.35
c rst  geom best   vs  1442  906K     664  1032     1    5.35    5.35  6774 11037   44K     2   12.35   12.35
c rst  geom best   vs  1443  907K     664  1032     1    5.35    5.35  6774 11038   44K     2   12.36   12.36
c rst  geom best   vs  1444  907K     664  1032     1    5.35    5.35  6774 11039   44K     2   12.37   12.37
c rst  geom best   vs  1445  907K     664  1032     1    5.35    5.35  6774 11040   44K     2   12.37   12.37
c rst  geom best   vs  1446  907K     664  1032     1    5.35    5.35  6774 11040   44K     2   12.38   12.38
c rst  geom best   vs  1447  907K     664  1032     1    5.35    5.35  6774 11043   44K     2   12.38   12.38
c rst  geom best   vs  1448  908K     664  1032     1    5.35    5.35  6774 11044   45K     2   12.38   12.38
c rst  geom best   vs  1449  908K     664  1032     1    5.35    5.35  6774 11044   45K     2   12.39   12.39
c rst  geom best   vs  1450  908K     664  1032     1    5.35    5.35  6774 11046   45K     2   12.39   12.39
c rst  geom best   vs  1451  908K     664  1032     1    5.35    5.35  6774 11046   45K     2   12.40   12.40
c rst  geom best   vs  1452  909K     664  1032     1    5.35    5.35  6774 11046   46K     2   12.40   12.40
c rst  geom best   vs  1453  909K     664  1032     1    5.35    5.35  6774 11081   46K     2   12.39   12.39
c rst  geom best   vs  1454  909K     664  1032     1    5.35    5.35  6774 11083   46K     2   12.40   12.40
c rst  geom best   vs  1455  910K     664  1032     1    5.35    5.35  6883 10636   47K     2   12.40   12.40
c rst  geom best   vs  1456  910K     664  1032     1    5.35    5.35  6883 10638   47K     2   12.40   12.40
c rst  geom best   vs  1457  911K     664  1032     1    5.35    5.35  6883 10642   48K     2   12.40   12.40
c rst  geom best   vs  1458  911K     664  1032     1    5.35    5.35  6883 10653   49K     2   12.40   12.40
c rst  geom best   vs  1459  912K     664  1032     1    5.35    5.35  6883 10659   49K     2   12.40   12.40
c rst  geom best   vs  1460  912K     664  1032     1    5.35    5.35  6883 10667   50K     2   12.41   12.41
c rst  geom best   vs  1461  913K     664  1032     1    5.35    5.35  6883 10678   50K     2   12.42   12.42
c rst  geom best   vs  1462  914K     664  1032     1    5.35    5.35  6883 10680   51K     2   12.43   12.43
c ecursive minimization cost OK: 673Kcost/(% lits removed)
c [g 0] truth-find prop checks  : 30M
c [g 0] -> of which prop        : 68.27 %
c [g 0] -> of which confl       :  0.41 %
c [g 0] elim called             : 292K
c [g 0] ---> which lead to prop : 1275.72 %
c [g 0] ---> which lead to confl:  4.00 %
c [g 0] size: 624   x 663  
c --> Executing strategy token: scc-vrepl
c [scc] new: 0 BP 0M T: 0.00
c [vrep] vars 0 lits 0 rem-bin-cls 0 rem-long-cls 0 BP 0M T: 0.00
c --> Executing strategy token: sub-impl
c [impl-sub] bin: 0 T: 0.00 T-out: N w-visit: 1330
c --> Executing strategy token: breakid
c Executing OCC strategy token(s): 'occ-backw-sub-str,occ-clean-implicit,occ-bve,occ-bva,occ-ternary-res,occ-xor,
c [occ] mem usage for occur 0      MB
c [occ] Linked in IRRED BIN by default: 1
c [occ] Linked in RED   BIN by default: 2
c [occ] mem usage for occur 0      MB
c Mem for watch alloc      : 9           MB (0.00      %)
c Mem for watch array      : 0           MB (0.00      %)
c Executing OCC strategy token: occ-backw-sub-str
c [occ-backw-sub-str-long-w-bins] subs: 33 str: 400 tried: 134 0-depth ass: 0 T: 0.00 T-out: N T-r: 99.97%
c [occ-backw-sub-long-w-long] rem cl: 1041 tried: 70003/70003 (100.0%) T: 0.05 T-out: N T-r: 71.84%
c [occ-backw-sub-str-long-w-long] sub: 156 str: 947 tried: 210009/70003 (300.0)  T: 0.24 T-out: N T-r: 61.69%
c Executing OCC strategy token: occ-clean-implicit
c Executing OCC strategy token: occ-bve
c [occ-empty-res] Empty resolvent elimed: 0 T: 0.00 T-out: N
c [occ-bve] iter v-elim 0
c cl_inc_rate=1.0, var_dec_rate=1.0 (grow=0)
c Reduced to 664 vars, 1033 cls (grow=0)
c [occ-bve] iter v-elim 0
c cl_inc_rate=1.0, var_dec_rate=1.0 (grow=3)
c Reduced to 664 vars, 1033 cls (grow=3)
c [occ-bve] iter v-elim 0
c cl_inc_rate=1.0, var_dec_rate=1.0 (grow=4)
c Reduced to 664 vars, 1033 cls (grow=4)
c [occ-bve] iter v-elim 0
c cl_inc_rate=1.0, var_dec_rate=1.0 (grow=6)
c Reduced to 664 vars, 1033 cls (grow=6)
c [occ-bve] iter v-elim 0
c cl_inc_rate=1.0, var_dec_rate=1.0 (grow=9)
c Reduced to 664 vars, 1033 cls (grow=9)
c [occ-bve] iter v-elim 0
c cl_inc_rate=1.0, var_dec_rate=1.0 (grow=13)
c Reduced to 664 vars, 1033 cls (grow=13)
c [occ-bve] iter v-elim 0
c cl_inc_rate=1.0, var_dec_rate=1.0 (grow=16)
c Reduced to 664 vars, 1033 cls (grow=16)
c x n vars       : 664
c #try to eliminate:     7
c #var-elim        :     0
c #T-o: N
c #T-r: 100.00%
c #T  : 0.00
c [occur] 0.02 is overhead
c [occur] link-in T: 0.02 cleanup T: 0.00
c [occ-xor-bve] elimed: 0 T: 0.00 T-out: N
c Executing OCC strategy token: occ-bva
c Executing OCC strategy token: occ-ternary-res
c [occ-ternary-res] Ternary res-tri: 0 res-bin: 0 sub: 0 str: 0 T: 0.00 T-out: N T-r: 99.85%
c Executing OCC strategy token: occ-xor
c [occ-xor] sort occur list T: 0.00
c [occ-xor] found      0 T: 0.00 T-out: N T-r: 100.00%
c --> Executing strategy token: card-find
c --> Executing strategy token: cl-consolidate
c Not consolidating memory.
c --> Executing strategy token: scc-vrepl
c [scc] new: 0 BP 0M T: 0.00
c [vrep] vars 0 lits 0 rem-bin-cls 0 rem-long-cls 0 BP 0M T: 0.01
c --> Executing strategy token: renumber
c --> Executing strategy token: louvain-comms
c [consolidate] mini T: 0.00
c global_timeout_multiplier: 5.3147
c [branch] rebuilding order heap for all branchings. Current branching: vsids
c [gauss] clauses deleted that are represented by XORs: 0 xorclauses: 625 GJ matrices: 0 T: 0.00
c [find&init matx] performing matrix init
c [matrix] Good   matrix  0    625 x  663  density:0.0064  xorlen avg:  4.24
c [matrix] Using 1 matrices recovered from 0 xors T: 0.00 T-out: N
c rst  geom best   vs  1463  914K     664  1032     1    5.34    5.34  5714 11381   50K     2   12.49   12.49
c rst  geom best   vs  1464  915K     664  1032     1    5.34    5.34  5715 11506   38K     2   12.00   12.00
c rst  geom  stb   vs  1465  916K     664  1032     1    5.34    5.34  5716 11599   38K     2   12.00   12.00
c rst  geom  stb   vs  1466  917K     664  1032     1    5.34    5.34  5716 11624   40K     2   12.04   12.04
c rst  geom  stb   vs  1467  918K     664  1032     1    5.34    5.34  5716 11629   41K     2   12.11   12.11
c rst  geom  stb   vs  1468  919K     664  1032     1    5.34    5.34  5716 11632   42K     2   12.21   12.21
c rst  geom  stb   vs  1469  921K     664  1032     1    5.34    5.34  5785 10518   44K     2   12.29   12.29
c [full-probe]  bin_only: 0 set: 0 repl: 0 T: 0.00 T-out: N T-r: 99.35%
c rst  geom  stb   vs  1470  922K     664  1032     1    5.34    5.34  5785 10528   46K     2   12.37   12.37
c [distill-long-red0] cls tried: 305/305 T: 0.11 T-out: N T-r: 99.78%
c [distill-long-red1] cls tried: 255/8838 T: 0.19 T-out: Y T-r: -0.58%
c rst  geom  stb   vs  1471  924K     664  1032     1    5.34    5.34  5785 10533   48K     2   12.42   12.42
c rst  geom  stb   vs  1472  926K     664  1032     1    5.34    5.34  5786 10540   49K     2   12.49   12.48
c rst  geom  stb   vs  1473  928K     664  1032     1    5.34    5.34  5786 10552   52K     2   12.53   12.53
c [distill-bin] useful: 0/1/1 lits-rem: 0 cl-rem: 0 0-depth-assigns: 0 T: 0.00 T-out: N
c rst  geom  stb   vs  1474  930K     664  1032     1    5.34    5.34  5916 10491   40K     2   12.62   12.62
c rst  geom ibes   vs  1475  933K     664  1032     1    5.34    5.34  5916 10651   42K     2   12.58   12.58
c [distill] watch-based irred--  cl tried     2064 cl-sh     0 cl-rem    0 lit-rem      0 T: 0.01 T-out: N
c [distill] watch-based   red--  cl tried     5486 cl-sh     5 cl-rem    0 lit-rem      5 T: 0.08 T-out: Y
c rst  geom ibes   vs  1476  935K     664  1032     1    5.34    5.34  5917 10763   44K     2   12.58   12.58
c rst  geom ibes   vs  1477  938K     664  1032     1    5.34    5.34  5919 11102   47K     2   12.50   12.50
c [distill-long-red0] cls tried: 124/124 T: 0.06 T-out: N T-r: 99.90%
c [distill-long-red1] cls tried: 265/9331 T: 0.18 T-out: Y T-r: -0.49%
c rst  geom ibes   vs  1478  942K     664  1032     1    5.34    5.34  6136 11318   50K     3   12.36   12.35
c [full-probe]  bin_only: 1 set: 0 repl: 0 T: 0.00 T-out: N T-r: 99.96%
c rst  geom ibes   vs  1479  945K     664  1032     1    5.34    5.34  6213 14164   35K     3   11.97   11.97
c rst  geom  svd   vs  1480  949K     664  1032     1    5.34    5.34  6213 14215   39K     3   12.07   12.07
c [distill-bin] useful: 0/1/1 lits-rem: 0 cl-rem: 0 0-depth-assigns: 0 T: 0.00 T-out: N
c rst  geom  svd   vs  1481  954K     664  1032     1    5.34    5.34  6423 12878   45K     3   12.11   12.11
c [distill-long-red0] cls tried: 467/467 T: 0.16 T-out: N T-r: 99.72%
c [distill-long-red1] cls tried: 284/11186 T: 0.19 T-out: Y T-r: -0.42%
c [impl-str] lit bin: 0 set-var: 0 T: 0.00 T-out: N T-r: 99.97% w-visit: 1330
c [impl-sub] bin: 94 T: 0.00 T-out: N w-visit: 1330
c rst  geom  svd   vs  1482  958K     664  1032     1    5.34    5.34  6343 12978   49K     3   12.18   12.17
c [distill] watch-based irred--  cl tried     2060 cl-sh     6 cl-rem    4 lit-rem      6 T: 0.02 T-out: N
c [distill] watch-based   red--  cl tried     4676 cl-sh   117 cl-rem  140 lit-rem    117 T: 0.08 T-out: Y
c rst  geom  svd   vs  1483  964K     664  1028     2    5.34    5.33  6374 11923   43K     2   11.97   11.97
c [full-probe]  bin_only: 0 set: 0 repl: 0 T: 0.01 T-out: N T-r: 99.32%
c rst  geom best   vs  1484  970K     664  1028     2    5.34    5.33  6567 10552   50K     2   11.93   11.93
c [distill-long-red0] cls tried: 451/451 T: 0.20 T-out: N T-r: 99.65%
c [distill-long-red1] cls tried: 252/9271 T: 0.20 T-out: Y T-r: -0.96%
c [distill-bin] useful: 0/2/2 lits-rem: 0 cl-rem: 0 0-depth-assigns: 0 T: 0.00 T-out: N
c rst  geom best   vs  1485  976K     664  1028     2    5.34    5.33  6682 13396   41K     6   11.35   11.35
c rst  geom best   vs  1486  983K     663  1028     2    5.34    5.33  7212 14286   46K    17   11.17   11.17
c rst  geom  stb   vs  1487  985K     501   150    32    3.35    3.11   170    17    17    34    4.29    3.96
c ------- FINAL TOTAL SEARCH STATS ---------
c UIP search time          : 90.46       (98.04     % time)
c All times are for this thread only except if explicitly specified
c restarts                 : 1487        (662.82    confls per restart)
c blocked restarts         : 0           (0.00      per normal restart)
c time                     : 90.46       
c decisions                : 1061675     (0.00      % random)
c propagations             : 57M         (640K      props/s)
c decisions/conflicts      : 1.08        
c conflicts                : 985616      
c LEARNT stats
c units learnt             : 8           (0.00      % of conflicts)
c bins learnt              : 48          (0.00      % of conflicts)
c long learnt              : 985559      (99.99     % of conflicts)
c red which0               : 836         (0.08      % of confl)
c SEAMLESS HYPERBIN&TRANS-RED stats
c advProp called           : 0           
c hyper-bin add bin        : 0           (0.00      bin/call)
c trans-red rem irred bin  : 0           (0.00      bin/call)
c trans-red rem red bin    : 0           (0.00      bin/call)
c CONFL LITS stats
c orig                     : 23121117    (23.46     lit/confl)
c recurs-min effective     : 868261      (88.09     % attempt successful)
c recurs-min lits          : 7722803     (33.40     % less overall)
c permDiff call%           : 1.67        (0.00      % attempt successful)
c permDiff lits-rem        : 0           (0.00      less lits/cl on attempts)
c further-min call%        : 0.00        (0.00      % attempt successful)
c bintri-min lits          : 0           (0.00      % less overall)
c final avg                : 15.62       
c all-threads sum CPU time : 90.46        s
c PROP stats
c Mbogo-props              : 1895.17     (20.95     / sec)
c MHyper-props             : 0.00        (0.00      / sec)
c Mprops                   : 57.96       (0.64      / sec)
c -------- OccSimplifier STATS ----------
c time                     : 1.75        (0.00      % var-elim)
c called                   : 6           (0.29      s per call)
c 0-depth assigns          : 0           (0.00      % vars)
c -------- OccSimplifier STATS END ----------
c -------- SubsumeStrengthen STATS ----------
c cl-subs                  : 5317         Clauses
c cl-str rem lit           : 2946         Lits
c cl-sub T                 : 0.32         s
c cl-str T                 : 1.28         s
c -------- SubsumeStrengthen STATS END ----------
c ----- SCC STATS --------
c time                     : 0.00        (0.00      per call)
c called                   : 14          (0.29      new found per call)
c found                    : 4           (50.00     % of all found)
c bogoprops                : 397071      % of all found
c ----- SCC STATS END --------
c --------- VAR REPLACE STATS ----------
c time                     : 0.08        (0.01      per call)
c trees' crown             : 4           (0.22      % of vars)
c 0-depth assigns          : 0           (0.00      % vars)
c lits replaced            : 1898        
c bin cls removed          : 20          
c long cls removed         : 2           
c long lits removed        : 24          
c bogoprops                : 2119712     
c --------- VAR REPLACE STATS END ----------
c vrep replace time        : 0.08        (0.08      % time)
c vrep tree roots          : 3           
c vrep trees' crown        : 4           (1.33      leafs/tree)
c -------- DISTILL-BIN STATS --------
c time                     : 0.02        (0.00      per call)
c timed out                : 0           (0.00      % of calls)
c distill/checked/potential: 0          /336/336
c lits-rem                 : 0           
c 0-depth-assigns          : 0           (0.00      % of vars)
c -------- DISTILL STATS END --------
c -------- STRENGTHEN STATS --------
c --> watch-based on irred cls
c time                     : 0.61        (0.01      s/call)
c shrinked/tried/total     : 110        /103344/103344
c subsumed/tried/total     : 56         /103344/103344
c lits-rem                 : 110         (0.02      % of lits tried)
c called                   : 74          (0.00      % ran out of time)
c --> watch-based on red cls
c time                     : 1.85        (0.03      s/call)
c shrinked/tried/total     : 556        /141284/235589
c subsumed/tried/total     : 803        /141284/235589
c lits-rem                 : 556         (0.05      % of lits tried)
c called                   : 74          (127439.19 % ran out of time)
c -------- STRENGTHEN STATS END --------
c -------- IMPLICIT SUB  STATS --------
c time                     : 0.01        (0.00      per call)
c timed out                : 0           (0.00      % of calls)
c rem bins                 : 153         
c -------- IMPLICIT SUB STATS END --------
c Mem used                 : 0           MB
c Mem for longclauses      : 6           MB (0.00      %)
c Mem for watch alloc      : 10          MB (0.00      %)
c Mem for watch array      : 0           MB (0.00      %)
c Mem for assings&vardata  : 0           MB (0.00      %)
c Mem for search&solve     : 0           MB (0.00      %)
c Mem for renumberer       : 0           MB (0.00      %)
c Mem for occsimplifier    : 0           MB (0.00      %)
c Mem for varReplacer&SCC  : 0           MB (0.00      %)
c Mem for impl subsume     : 0           MB (0.00      %)
c Mem for 3 distills       : 0           MB (0.00      %)
c Accounted for mem (rss)  : 0.00        %
c Accounted for mem (vm)   : 0.00        %
c restarts                 : 1487        (662.82    confls per restart)
c blocked restarts         : 0           (0.00      per normal restart)
c time                     : 90.46       
c decisions                : 1061675     (0.00      % random)
c propagations             : 57M         (640K      props/s)
c decisions/conflicts      : 1.08        
c conflicts                : 985616      
c conf lits non-minim      : 23121117    (23.46     lit/confl)
c conf lits final          : 15.62       
c red which0               : 836         (0.08      % of confl)
c props/decision           : 0.00        
c props/conflict           : 0.00        
c 0-depth assigns          : 163         (24.51     % vars)
c 0-depth assigns by CNF   : 0           (0.00      % vars)
c reduceDB time            : 0.30        (0.32      % time)
c OccSimplifier time       : 1.75        (1.89      % time)
c [occur] 0.15 is overhead
c [occur] link-in T: 0.10 cleanup T: 0.04
c [occ-substr] long subBySub: 4669 subByStr: 648 lits-rem-str: 2946 T: 1.59
c SCC time                 : 0.00        (0.00      % time)
c [scc] new: 4 BP 0M T: 0.00
c vrep replace time        : 0.08        (0.08      % time)
c vrep tree roots          : 3           
c vrep trees' crown        : 4           (1.33      leafs/tree)
c distill long time        : 11.10       (12.03     % time)
c distill bin time         : 0.02        (0.02      % time)
c strength cache-irred time: 0.61        (0.66      % time)
c strength cache-red time  : 1.85        (2.01      % time)
c avg cls in red 0         : 3209.53     
c avg cls in red 1         : 5207.47     
c avg cls in red 2         : 44126.17    
c Conflicts in UIP         : 985616      (10682.71  confl/time_this_thread)
c Mem used                 : 0.00        MB
c Total time (this thread) : 92.26       
s UNSATISFIABLE
c [g 0] truth-find prop checks  : 7380K
c [g 0] -> of which prop        : 66.55 %
c [g 0] -> of which confl       :  0.40 %
c [g 0] elim called             : 80K
c [g 0] ---> which lead to prop : 1276.39 %
c [g 0] ---> which lead to confl:  3.68 %
c [g 0] size: 624   x 663  
