c CMS SHA1: GIT-notfound
c CryptoMiniSat version 5.14.7
c CMS compilation env CMAKE_CXX_COMPILER = clang++ | CMAKE_CXX_FLAGS =  -fno-stack-protector -msse4.2 -Wno-bitfield-constant-conversion -Wlogical-op -Wrestrict -Wnull-dereference -Wdouble-promotion -Wshadow -Wformat=2 -Wextra-semi -pedantic | COMPILE_DEFINES =  -DNDEBUG -D_FORTIFY_SOURCE=0 -DUSE_ZLIB | BUILD_SHARED_LIBS = ON | ONLY_SIMPLE =  | STATS = OFF | SQLITE3_FOUND =  | ZLIB_FOUND = TRUE | VALGRIND_FOUND =  | ENABLE_TESTING = OFF | SLOW_DEBUG = OFF | ENABLE_ASSERTIONS = OFF | PYTHON_EXECUTABLE =  | PYTHON_LIBRARY =  | PYTHON_INCLUDE_DIRS =  | MY_TARGETS =  | LARGEMEM = OFF | LIMITMEM = OFF | BREAKID_LIBRARIES =  | BREAKID-VER = . | c c Using VMTF, picosat, CaDiCaL, and CadiBack code by Armin Biere
c CMS is MIT licensed
c Using code from 'When Boolean Satisfiability Meets Gauss-E. in a Simplex Way'
c       by C.-S. Han and J.-H. Roland Jiang in CAV 2012. Fixes by M. Soos
c Using CCAnr from 'CCAnr: A Conf. Checking Based Local Search Solver [...]'
c       by Shaowei Cai, Chuan Luo, and Kaile Su, SAT 2015
c Using Oracle code from 'Integrating Tree Decompositions [...]'
c       by Tuukka Korhonen and Matti Jarvisalo, CP 2021
c Executed with command line: cryptominisat5 --verb 1 residual_256_3072.cnf
c Reading file 'residual_256_3072.cnf'
c o -- header says num vars:           1784
c o -- header says num clauses:        7081
c -- clauses added: 7081
c -- xor clauses added: 0
c -- vars added 1784
c Parsing time: 0.00 s
c [branch] adjusting to: vsids (from: vsids) var_decay:0.95 descr: VSIDS
c rst  geom  stb   vs     1   112    1784  6976   105    3.00    2.99    17    29    66     0   13.38   13.38
c rst  geom  stb   vs     2   235    1784  6976   105    3.00    2.99    18    29   188     0   16.74   16.74
c  res  pol bran  nres  conf freevar  IrrL  IrrB l/longC  l/allC RedL0 RedL1 RedL2  RedB l/longC  l/allC
c rst  geom  stb   vs     3   369    1784  6976   105    3.00    2.99    19    34   316     0   17.11   17.11
c rst  geom  stb   vs     4   517    1784  6976   105    3.00    2.99    19    34   464     0   17.99   17.99
c rst  geom  stb   vs     5   679    1784  6976   105    3.00    2.99    19    36   624     0   18.28   18.28
c rst  geom  stb   vs     6   857    1784  6976   105    3.00    2.99    20    40   797     0   18.31   18.31
c rst  geom  stb   vs     7  1051    1784  6976   105    3.00    2.99    20    41   990     0   18.36   18.36
c rst  geom  stb   vs     8  1265    1784  6976   105    3.00    2.99    21    43  1201     0   18.31   18.31
c rst  geom  stb   vs     9  1501    1784  6976   105    3.00    2.99    21    46  1434     0   18.39   18.39
c rst  geom  stb   vs    10  1760    1784  6976   105    3.00    2.99    21    54  1685     0   18.33   18.33
c rst  geom  stb   vs    11  2043    1784  6976   105    3.00    2.99    22    60  1961     0   18.32   18.32
c rst  geom  stb   vs    12  2353    1784  6976   105    3.00    2.99    23    67  2263     0   18.23   18.23
c rst  geom  stb   vs    13  2693    1784  6976   105    3.00    2.99    27    80  2586     0   18.30   18.30
c rst  geom  stb   vs    14  3067    1784  6976   105    3.00    2.99    29    87  2951     0   18.38   18.38
c rst  geom  stb   vs    15  3480    1784  6976   105    3.00    2.99    30   100  3350     0   18.35   18.35
c rst  geom  stb   vs    16  3930    1784  6976   105    3.00    2.99    31   108  3791     0   18.38   18.38
c rst  geom  stb   vs    17  4424    1784  6976   105    3.00    2.99    35   134  4255     0   18.34   18.34
c rst  geom  stb   vs    18  4967    1784  6976   105    3.00    2.99    38   146  4783     0   18.38   18.38
c rst  geom  stb   vs    19  5565    1784  6976   105    3.00    2.99    39   160  5366     0   18.34   18.34
c [branch] adjusting to: vmtf (from: vsids) var_decay:0.95 descr: VMTF
c [distill-long-red0] cls tried: 39/39 T: 0.00 T-out: N T-r: 100.00%
c [distill-long-red1] cls tried: 160/160 T: 0.00 T-out: N T-r: 98.41%
c rst  luby ibes  vmt    20  5666    1784  6976   105    3.00    2.99    56   191  5419     0   18.23   18.23
c rst  luby ibes  vmt    21  5768    1784  6976   105    3.00    2.99    57   196  5515     0   18.25   18.25
c rst  luby ibes  vmt    22  5970    1784  6976   105    3.00    2.99    60   213  5696     1   18.22   18.22
c rst  luby ibes  vmt    23  6071    1784  6976   105    3.00    2.99    60   214  5796     1   18.25   18.25
c rst  luby ibes  vmt    24  6174    1784  6976   105    3.00    2.99    61   217  5895     1   18.28   18.28
c rst  luby ibes  vmt    25  6376    1784  6976   105    3.00    2.99    61   229  6085     1   18.28   18.28
c rst  luby ibes  vmt    26  6778    1784  6976   105    3.00    2.99    63   241  6473     1   18.38   18.38
c rst  luby ibes  vmt    27  6879    1784  6976   105    3.00    2.99    69   243  6565     2   18.36   18.36
c rst  luby ibes  vmt    28  6980    1784  6976   105    3.00    2.99    80   254  6644     2   18.32   18.32
c rst  luby ibes  vmt    29  7181    1784  6976   105    3.00    2.99    86   280  6813     2   18.34   18.34
c rst  luby ibes  vmt    30  7282    1784  6976   105    3.00    2.99    93   303  6882     4   18.31   18.30
c rst  luby ibes  vmt    31  7384    1784  6976   105    3.00    2.99    93   305  6982     4   18.35   18.35
c rst  luby ibes  vmt    32  7585    1784  6976   105    3.00    2.99    98   324  7159     4   18.37   18.36
c rst  luby ibes  vmt    33  7986    1784  6976   105    3.00    2.99   100   331  7550     5   18.40   18.39
c rst  luby ibes  vmt    34  8787    1784  6976   105    3.00    2.99   101   338  8343     5   18.48   18.47
c rst  luby ibes  vmt    35  8888    1784  6976   105    3.00    2.99   106   394  8383     5   18.42   18.41
c rst  luby ibes  vmt    36  8991    1784  6976   105    3.00    2.99   118   411  8456     6   18.44   18.42
c rst  luby ibes  vmt    37  9193    1784  6976   105    3.00    2.99   123   466  8598     6   18.42   18.41
c rst  luby ibes  vmt    38  9295    1784  6976   105    3.00    2.99   131   488  8669     7   18.35   18.33
c rst  luby ibes  vmt    39  9396    1784  6976   105    3.00    2.99   132   502  8755     7   18.35   18.34
c rst  luby ibes  vmt    40  9597    1784  6976   105    3.00    2.99   142   522  8924     9   18.34   18.33
c rst  luby ibes  vmt    41 10000    1784  6976   105    3.00    2.99   417   279  9295     9   18.30   18.28
c rst  luby ibes  vmt    42 10102    1784  6976   105    3.00    2.99   417   283  9393     9   18.32   18.30
c rst  luby ibes  vmt    43 10203    1784  6976   105    3.00    2.99   417   289  9488     9   18.33   18.32
c rst  luby ibes  vmt    44 10404    1784  6976   105    3.00    2.99   429   312  9654     9   18.29   18.27
c rst  luby ibes  vmt    45 10506    1784  6976   105    3.00    2.99   431   313  9753     9   18.29   18.27
c rst  luby ibes  vmt    46 10607    1784  6976   105    3.00    2.99   432   315  9851     9   18.29   18.27
c rst  luby ibes  vmt    47 10808    1784  6976   105    3.00    2.99   448   360  9990    10   18.22   18.21
c rst  luby  svd  vmt    48 11210    1784  6976   105    3.00    2.99   469   385 10345    11   18.20   18.18
c rst  luby  svd  vmt    49 12011    1784  6976   105    3.00    2.99   475   424 11101    11   18.30   18.29
c [branch] adjusting to: vsids (from: vmtf) var_decay:0.95 descr: VSIDS
c [distill-bin] useful: 0/105/105 lits-rem: 0 cl-rem: 0 0-depth-assigns: 0 T: 0.00 T-out: N
c rst  geom  svd   vs    50 12123    1784  6976   105    3.00    2.99   475   426 11211    11   18.31   18.29
c rst  geom  svd   vs    51 12245    1784  6976   105    3.00    2.99   475   430 11329    11   18.31   18.30
c rst  geom  svd   vs    52 12380    1784  6976   105    3.00    2.99   475   432 11462    11   18.33   18.32
c rst  geom  svd   vs    53 12528    1784  6976   105    3.00    2.99   478   434 11604    12   18.35   18.33
c rst  geom  svd   vs    54 12689    1784  6976   105    3.00    2.99   480   437 11760    12   18.35   18.33
c rst  geom  svd   vs    55 12867    1784  6976   105    3.00    2.99   481   439 11935    12   18.36   18.35
c rst  geom  svd   vs    56 13061    1784  6976   105    3.00    2.99   481   441 12127    12   18.36   18.35
c rst  geom  svd   vs    57 13274    1784  6976   105    3.00    2.99   481   444 12337    12   18.36   18.34
c rst  geom  svd   vs    58 13510    1784  6976   105    3.00    2.99   481   451 12566    12   18.37   18.36
c rst  geom  svd   vs    59 13769    1784  6976   105    3.00    2.99   482   455 12820    12   18.38   18.36
c rst  geom  svd   vs    60 14051    1784  6976   105    3.00    2.99   482   463 13094    12   18.37   18.36
c rst  geom  svd   vs    61 14361    1784  6976   105    3.00    2.99   483   466 13400    12   18.37   18.36
c rst  geom  svd   vs    62 14702    1784  6976   105    3.00    2.99   484   479 13727    12   18.37   18.35
c rst  geom  svd   vs    63 15075    1784  6976   105    3.00    2.99   511   920 13632    12   18.37   18.36
c rst  geom  svd   vs    64 15485    1784  6976   105    3.00    2.99   513   926 14034    12   18.37   18.36
c rst  geom  svd   vs    65 15935    1784  6976   105    3.00    2.99   515   938 14470    12   18.38   18.37
c rst  geom  svd   vs    66 16429    1784  6976   105    3.00    2.99   517   948 14952    12   18.40   18.39
c rst  geom best   vs    67 16973    1784  6976   105    3.00    2.99   517   957 15487    12   18.42   18.40
c rst  geom best   vs    68 17570    1784  6976   105    3.00    2.99   521   967 16070    12   18.40   18.39
c rst  geom best   vs    69 18227    1784  6976   105    3.00    2.99   524   977 16714    12   18.39   18.38
c [branch] adjusting to: vmtf (from: vsids) var_decay:0.95 descr: VMTF
c rst  luby best  vmt    70 18329    1784  6976   105    3.00    2.99   525   983 16809    12   18.40   18.39
c rst  luby best  vmt    71 18430    1784  6976   105    3.00    2.99   526   987 16905    12   18.40   18.39
c rst  luby best  vmt    72 18631    1784  6976   105    3.00    2.99   527   989 17103    12   18.40   18.39
c rst  luby best  vmt    73 18733    1784  6976   105    3.00    2.99   527   991 17203    12   18.40   18.38
c rst  luby best  vmt    74 18835    1784  6976   105    3.00    2.99   530   999 17294    12   18.39   18.38
c rst  luby best  vmt    75 19036    1784  6976   105    3.00    2.99   535  1004 17485    12   18.40   18.39
c rst  luby best  vmt    76 19437    1784  6976   105    3.00    2.99   540  1027 17858    12   18.40   18.39
c rst  luby best  vmt    77 19540    1784  6976   105    3.00    2.99   540  1028 17960    12   18.41   18.40
c rst  luby best  vmt    78 19641    1784  6976   105    3.00    2.99   540  1032 18057    12   18.41   18.40
c rst  luby best  vmt    79 19842    1784  6976   105    3.00    2.99   540  1038 18252    12   18.43   18.42
c rst  luby best  vmt    80 19943    1784  6976   105    3.00    2.99   540  1043 18348    12   18.42   18.42
c rst  luby best  vmt    81   20K    1784  6976   105    3.00    2.99   743   843 18446    12   18.43   18.42
c [full-probe]  bin_only: 1 set: 0 repl: 0 T: 0.00 T-out: N T-r: 99.96%
c rst  luby best  vmt    82   20K    1784  6976   109    3.00    2.98   743   849 18643    12   18.43   18.42
c rst  luby best  vmt    83   20K    1784  6976   109    3.00    2.98   746   861 19031    12   18.44   18.43
c [distill-long-red0] cls tried: 598/598 T: 0.03 T-out: N T-r: 99.96%
c [distill-long-red1] cls tried: 810/810 T: 0.08 T-out: N T-r: 55.56%
c rst  luby best  vmt    84   21K    1784  6976   109    3.00    2.98   730   899 19785    37   18.45   18.42
c rst  luby best  vmt    85   21K    1784  6976   109    3.00    2.98   730   899 19887    37   18.47   18.44
c rst  luby best  vmt    86   21K    1784  6976   109    3.00    2.98   730   902 19986    37   18.47   18.44
c rst  luby  stb  vmt    87   21K    1784  6976   109    3.00    2.98   731   906   20K    37   18.46   18.43
c rst  luby  stb  vmt    88   21K    1784  6976   109    3.00    2.98   739   912   20K    37   18.46   18.43
c rst  luby  stb  vmt    89   22K    1784  6976   109    3.00    2.98   742   930   20K    38   18.46   18.43
c rst  luby  stb  vmt    90   22K    1784  6976   109    3.00    2.98   744   935   20K    38   18.49   18.47
c rst  luby  stb  vmt    91   22K    1784  6976   109    3.00    2.98   752   977   20K    40   18.51   18.48
c rst  luby  stb  vmt    92   22K    1784  6976   109    3.00    2.98   752   977   20K    40   18.52   18.50
c rst  luby  stb  vmt    93   22K    1784  6976   109    3.00    2.98   752   978   21K    40   18.52   18.50
c rst  luby  stb  vmt    94   23K    1784  6976   109    3.00    2.98   752   979   21K    40   18.53   18.50
c rst  luby  stb  vmt    95   23K    1784  6976   109    3.00    2.98   752   980   21K    40   18.53   18.50
c rst  luby  stb  vmt    96   23K    1784  6976   109    3.00    2.98   752   980   21K    40   18.53   18.50
c rst  luby  stb  vmt    97   23K    1784  6976   109    3.00    2.98   768   997   21K    41   18.52   18.49
c rst  luby  stb  vmt    98   23K    1784  6976   109    3.00    2.98   776  1015   22K    41   18.52   18.49
c rst  luby  stb  vmt    99   24K    1784  6976   109    3.00    2.98   780  1064   22K    41   18.52   18.49
c rst  luby  stb  vmt   100   26K    1784  6976   109    3.00    2.98   789  1111   24K    42   18.54   18.51
c [branch] adjusting to: vsids (from: vmtf) var_decay:0.95 descr: VSIDS
c [distill] watch-based irred--  cl tried    13952 cl-sh     0 cl-rem    0 lit-rem      0 T: 0.01 T-out: N
c [distill] watch-based   red--  cl tried     1567 cl-sh     0 cl-rem   11 lit-rem      0 T: 0.00 T-out: N
c rst  geom  stb   vs   101   26K    1784  6976   109    3.00    2.98   778  1111   24K    42   18.55   18.52
c rst  geom  stb   vs   102   26K    1784  6976   109    3.00    2.98   779  1114   24K    42   18.56   18.53
c rst  geom  stb   vs   103   26K    1784  6976   109    3.00    2.98   779  1115   24K    42   18.56   18.53
c rst  geom  stb   vs   104   26K    1784  6976   109    3.00    2.98   779  1119   24K    42   18.56   18.54
c rst  geom  stb   vs   105   26K    1784  6976   109    3.00    2.98   779  1126   25K    42   18.56   18.53
c rst  geom ibes   vs   106   27K    1784  6976   109    3.00    2.98   779  1131   25K    42   18.56   18.54
c rst  geom ibes   vs   107   27K    1784  6976   109    3.00    2.98   780  1138   25K    42   18.57   18.54
c rst  geom ibes   vs   108   27K    1784  6976   109    3.00    2.98   780  1147   25K    42   18.56   18.53
c rst  geom ibes   vs   109   27K    1784  6976   109    3.00    2.98   780  1153   25K    42   18.56   18.53
c rst  geom ibes   vs   110   28K    1784  6976   109    3.00    2.98   781  1161   26K    42   18.55   18.53
c rst  geom ibes   vs   111   28K    1784  6976   109    3.00    2.98   781  1168   26K    42   18.56   18.53
c rst  geom ibes   vs   112   28K    1784  6976   109    3.00    2.98   781  1175   26K    42   18.56   18.53
c rst  geom ibes   vs   113   28K    1784  6976   109    3.00    2.98   781  1177   26K    42   18.56   18.54
c rst  geom ibes   vs   114   29K    1784  6976   109    3.00    2.98   782  1182   27K    42   18.56   18.53
c rst  geom ibes   vs   115   29K    1784  6976   109    3.00    2.98   784  1190   27K    42   18.55   18.52
c rst  geom ibes   vs   116   30K    1784  6976   109    3.00    2.98  1028  1433   26K    43   18.48   18.46
c rst  geom ibes   vs   117   30K    1784  6976   109    3.00    2.98  1030  1452   26K    43   18.47   18.44
c rst  geom ibes   vs   118   31K    1784  6976   109    3.00    2.98  1033  1460   27K    43   18.45   18.43
c rst  geom ibes   vs   119   31K    1784  6976   109    3.00    2.98  1034  1475   27K    43   18.44   18.42
c rst  geom ibes   vs   120   32K    1784  6976   109    3.00    2.98  1034  1490   28K    43   18.44   18.42
c [distill-bin] useful: 0/109/109 lits-rem: 0 cl-rem: 0 0-depth-assigns: 0 T: 0.00 T-out: N
c rst  geom  svd   vs   121   33K    1784  6976   109    3.00    2.98  1034  1503   29K    43   18.45   18.43
c rst  geom  svd   vs   122   34K    1784  6976   109    3.00    2.98  1037  1509   30K    43   18.46   18.44
c [branch] adjusting to: vmtf (from: vsids) var_decay:0.95 descr: VMTF
c rst  luby  svd  vmt   123   34K    1784  6976   109    3.00    2.98  1037  1514   30K    43   18.46   18.44
c rst  luby  svd  vmt   124   34K    1784  6976   109    3.00    2.98  1037  1514   30K    43   18.47   18.45
c rst  luby  svd  vmt   125   34K    1784  6976   109    3.00    2.98  1039  1528   30K    43   18.47   18.45
c rst  luby  svd  vmt   126   34K    1784  6976   109    3.00    2.98  1039  1530   30K    43   18.47   18.45
c rst  luby  svd  vmt   127   34K    1784  6976   109    3.00    2.98  1039  1535   30K    43   18.48   18.45
c rst  luby  svd  vmt   128   34K    1784  6976   109    3.00    2.98  1041  1543   30K    43   18.47   18.45
c rst  luby  svd  vmt   129   35K    1784  6976   109    3.00    2.98  1049  1560   31K    44   18.48   18.46
c rst  luby  svd  vmt   130   35K    1784  6976   109    3.00    2.98  1051  1562   31K    44   18.48   18.46
c rst  luby  svd  vmt   131   35K    1784  6976   109    3.00    2.98  1060  1568   31K    44   18.48   18.46
c rst  luby  svd  vmt   132   35K    1784  6976   109    3.00    2.98  1060  1574   31K    44   18.48   18.46
c rst  luby  svd  vmt   133   35K    1784  6976   109    3.00    2.98  1063  1585   31K    44   18.48   18.46
c [distill-long-red0] cls tried: 262/262 T: 0.02 T-out: N T-r: 99.94%
c [distill-long-red1] cls tried: 405/810 T: 0.13 T-out: Y T-r: -0.30%
c rst  luby  svd  vmt   134   35K    1784  6976   109    3.00    2.98  1056  1589   31K    51   18.48   18.45
c rst  luby  svd  vmt   135   36K    1784  6976   109    3.00    2.98  1059  1597   31K    51   18.48   18.46
c rst  luby  svd  vmt   136   36K    1784  6976   109    3.00    2.98  1059  1603   32K    51   18.49   18.46
c rst  luby  svd  vmt   137   37K    1784  6976   109    3.00    2.98  1064  1643   33K    51   18.49   18.47
c rst  luby  svd  vmt   138   37K    1784  6976   109    3.00    2.98  1065  1643   33K    51   18.50   18.48
c rst  luby  svd  vmt   139   37K    1784  6976   109    3.00    2.98  1066  1654   33K    51   18.50   18.48
c rst  luby  svd  vmt   140   37K    1784  6976   109    3.00    2.98  1080  1678   33K    52   18.50   18.48
c rst  luby  svd  vmt   141   37K    1784  6976   109    3.00    2.98  1080  1680   33K    52   18.51   18.48
c rst  luby  svd  vmt   142   37K    1784  6976   109    3.00    2.98  1080  1681   33K    52   18.51   18.49
c rst  luby  svd  vmt   143   38K    1784  6976   109    3.00    2.98  1080  1688   33K    52   18.51   18.49
c rst  geom best  vmt   144   38K    1784  6976   109    3.00    2.98  1085  1696   33K    52   18.51   18.49
c rst  geom best  vmt   145   38K    1784  6976   109    3.00    2.98  1085  1700   34K    52   18.51   18.49
c rst  geom best  vmt   146   38K    1784  6976   109    3.00    2.98  1086  1714   34K    52   18.51   18.49
c rst  geom best  vmt   147   38K    1784  6976   109    3.00    2.98  1090  1720   34K    52   18.52   18.49
c rst  geom best  vmt   148   38K    1784  6976   109    3.00    2.98  1092  1726   34K    52   18.52   18.49
c rst  geom best  vmt   149   38K    1784  6976   109    3.00    2.98  1093  1728   34K    52   18.51   18.49
c rst  geom best  vmt   150   39K    1784  6976   109    3.00    2.98  1093  1735   34K    52   18.52   18.50
c rst  geom best  vmt   151   39K    1784  6976   109    3.00    2.98  1093  1755   34K    52   18.52   18.50
c rst  geom best  vmt   152   39K    1784  6976   109    3.00    2.98  1096  1763   35K    52   18.51   18.49
c rst  geom best  vmt   153   39K    1784  6976   109    3.00    2.98  1097  1769   35K    52   18.52   18.49
c rst  geom best  vmt   154   40K    1784  6976   109    3.00    2.98  1337  1534   35K    52   18.52   18.49
c [full-probe]  bin_only: 0 set: 0 repl: 0 T: 0.00 T-out: N T-r: 99.14%
c [impl-str] lit bin: 0 set-var: 0 T: 0.00 T-out: N T-r: 99.97% w-visit: 3568
c [impl-sub] bin: 35 T: 0.00 T-out: N w-visit: 3568
c rst  geom best  vmt   155   40K    1784  6976   119    3.00    2.98  1337  1538   36K    17   18.54   18.53
c rst  geom best  vmt   156   40K    1784  6976   119    3.00    2.98  1338  1544   36K    17   18.55   18.54
c rst  geom best  vmt   157   41K    1784  6976   119    3.00    2.98  1339  1556   36K    17   18.54   18.54
c rst  geom best  vmt   158   41K    1784  6976   119    3.00    2.98  1342  1589   37K    17   18.56   18.55
c rst  geom best  vmt   159   41K    1784  6976   119    3.00    2.98  1346  1606   37K    17   18.56   18.55
c rst  geom best  vmt   160   42K    1784  6976   119    3.00    2.98  1347  1619   38K    17   18.56   18.56
c [branch] adjusting to: vsids (from: vmtf) var_decay:0.95 descr: VSIDS
c rst  geom best   vs   161   42K    1784  6976   119    3.00    2.98  1347  1620   38K    17   18.56   18.56
c rst  geom best   vs   162   42K    1784  6976   119    3.00    2.98  1347  1620   38K    17   18.57   18.56
c rst  geom best   vs   163   42K    1784  6976   119    3.00    2.98  1347  1623   38K    17   18.57   18.56
c rst  geom best   vs   164   42K    1784  6976   119    3.00    2.98  1347  1623   38K    17   18.57   18.56
c rst  geom best   vs   165   43K    1784  6976   119    3.00    2.98  1347  1626   38K    17   18.57   18.56
c rst  geom best   vs   166   43K    1784  6976   119    3.00    2.98  1348  1629   38K    17   18.57   18.56
c rst  geom best   vs   167   43K    1784  6976   119    3.00    2.98  1348  1631   39K    17   18.57   18.56
c rst  geom  stb   vs   168   43K    1784  6976   119    3.00    2.98  1348  1634   39K    17   18.57   18.57
c rst  geom  stb   vs   169   43K    1784  6976   119    3.00    2.98  1348  1636   39K    17   18.58   18.57
c rst  geom  stb   vs   170   44K    1784  6976   119    3.00    2.98  1348  1638   39K    17   18.58   18.58
c [ccnr] tries: 0 steps: 262143 best found: 8
c [ccnr] tries: 0 steps: 524287 best found: 8
c [ccnr] tries: 0 steps: 786431 best found: 8
c [ccnr] tries: 1 steps: 262143 best found: 8
c [ccnr] tries: 1 steps: 524287 best found: 8
c [ccnr] tries: 1 steps: 786431 best found: 8
c [ccnr] saving best assignment phase to stable_polar
c [ccnr] bumping based on clause weights
c [ccnr] Bumped vars: 102 bump type: 6
c [ccnr] time: 0.69
c rst  geom  stb   vs   171   44K    1784  6976   119    3.00    2.98  1349  1643   40K    17   18.59   18.58
c rst  geom  stb   vs   172   44K    1784  6976   119    3.00    2.98  1351  1646   40K    17   18.59   18.58
c rst  geom  stb   vs   173   45K    1784  6976   119    3.00    2.98  1385  2214   31K    17   18.29   18.28
c rst  geom  stb   vs   174   45K    1784  6976   119    3.00    2.98  1386  2222   32K    17   18.29   18.28
c rst  geom  stb   vs   175   45K    1784  6976   119    3.00    2.98  1387  2229   32K    17   18.29   18.28
c rst  geom  stb   vs   176   46K    1784  6976   119    3.00    2.98  1389  2237   32K    17   18.28   18.28
c rst  geom  stb   vs   177   46K    1784  6976   119    3.00    2.98  1390  2249   33K    17   18.26   18.25
c rst  geom  stb   vs   178   47K    1784  6976   119    3.00    2.98  1391  2252   33K    17   18.27   18.26
c rst  geom  stb   vs   179   48K    1784  6976   119    3.00    2.98  1392  2260   34K    17   18.28   18.27
c rst  geom  stb   vs   180   48K    1784  6976   119    3.00    2.98  1392  2269   35K    17   18.26   18.26
c rst  geom  stb   vs   181   49K    1784  6976   119    3.00    2.98  1392  2293   35K    17   18.24   18.23
c rst  geom ibes   vs   182   50K    1784  6976   119    3.00    2.98  1535  2164   36K    17   18.24   18.24
c [scc] new: 5 BP 0M T: 0.00
c [vrep] vars 5 lits 454 rem-bin-cls 25 rem-long-cls 1 BP 0M T: 0.00
c [scc] new: 0 BP 0M T: 0.00
c [vrep] vars 0 lits 0 rem-bin-cls 0 rem-long-cls 0 BP 0M T: 0.00
c [intree] Set 0 vars hyper-added: 0 trans-irred: 0 trans-red: 0 T: 0.00 T-out: N T-r: -2.82%
c [branch] rebuilding order heap for all branchings. Current branching: vsids
c rst  geom ibes   vs   183   51K    1779  6976   105    3.00    2.99  1536  2177   37K    16   18.26   18.25
c [distill-long-red0] cls tried: 410/410 T: 0.05 T-out: N T-r: 99.87%
c [distill-long-red1] cls tried: 346/1068 T: 0.12 T-out: Y T-r: -0.49%
c rst  geom ibes   vs   184   52K    1779  6976   105    3.00    2.99  1538  2189   38K    17   18.28   18.27
c [distill] watch-based irred--  cl tried    13952 cl-sh     0 cl-rem    0 lit-rem      0 T: 0.02 T-out: N
c [distill] watch-based   red--  cl tried     3076 cl-sh     1 cl-rem    0 lit-rem      1 T: 0.01 T-out: N
c rst  geom ibes   vs   185   53K    1779  6976   105    3.00    2.99  1542  2198   39K    17   18.28   18.28
c [branch] adjusting to: vmtf (from: vsids) var_decay:0.95 descr: VMTF
c [distill-bin] useful: 0/105/105 lits-rem: 0 cl-rem: 0 0-depth-assigns: 0 T: 0.00 T-out: N
c rst  luby ibes  vmt   186   53K    1779  6976   105    3.00    2.99  1545  2210   39K    17   18.29   18.28
c rst  luby ibes  vmt   187   53K    1779  6976   105    3.00    2.99  1546  2220   39K    17   18.29   18.28
c rst  luby ibes  vmt   188   53K    1779  6976   105    3.00    2.99  1546  2224   39K    17   18.29   18.29
c rst  luby ibes  vmt   189   53K    1779  6976   105    3.00    2.99  1546  2225   39K    17   18.30   18.29
c rst  luby ibes  vmt   190   53K    1779  6976   105    3.00    2.99  1546  2231   40K    17   18.30   18.29
c rst  luby ibes  vmt   191   53K    1779  6976   105    3.00    2.99  1546  2240   40K    17   18.30   18.29
c rst  luby ibes  vmt   192   54K    1779  6976   105    3.00    2.99  1546  2246   40K    17   18.30   18.29
c rst  luby ibes  vmt   193   54K    1779  6976   105    3.00    2.99  1547  2248   40K    17   18.30   18.30
c rst  luby ibes  vmt   194   54K    1779  6976   105    3.00    2.99  1549  2251   40K    17   18.31   18.30
c rst  luby ibes  vmt   195   54K    1779  6976   105    3.00    2.99  1551  2252   41K    17   18.31   18.30
c rst  luby ibes  vmt   196   54K    1779  6976   105    3.00    2.99  1554  2262   41K    17   18.31   18.31
c rst  luby ibes  vmt   197   54K    1779  6976   105    3.00    2.99  1556  2265   41K    18   18.31   18.31
c rst  luby ibes  vmt   198   55K    1779  6976   105    3.00    2.99  1560  2274   41K    18   18.33   18.32
c rst  luby  svd  vmt   199   55K    1779  6976   105    3.00    2.99  1560  2287   41K    18   18.33   18.33
c rst  luby  svd  vmt   200   56K    1779  6976   105    3.00    2.99  1561  2310   42K    18   18.35   18.34
c ecursive minimization cost OK: 203Kcost/(% lits removed)
c --> Executing strategy token: scc-vrepl
c [scc] new: 1 BP 0M T: 0.00
c [vrep] vars 1 lits 636 rem-bin-cls 4 rem-long-cls 1 BP 0M T: 0.00
c --> Executing strategy token: sub-impl
c [impl-sub] bin: 1 T: 0.00 T-out: N w-visit: 3568
c --> Executing strategy token: breakid
c Executing OCC strategy token(s): 'occ-backw-sub-str,occ-clean-implicit,occ-bve,occ-bva,occ-ternary-res,occ-xor,
c [occ] mem usage for occur      0 MB
c [occ] Linked in IRRED BIN by default: 105
c [occ] Linked in RED   BIN by default: 15
c [occ] mem usage for occur      0 MB
c Mem for watch alloc      : 2           MB (0.00      %)
c Mem for watch array      : 0           MB (0.00      %)
c Executing OCC strategy token: occ-backw-sub-str
c [occ-backw-sub-str-long-w-bins] subs: 0 str: 1 tried: 120 0-depth ass: 0 T: 0.00 T-out: N T-r: 99.98%
c [occ-backw-sub-long-w-long] rem cl: 228 tried: 53078/53078 (100.0%) T: 0.02 T-out: N T-r: 93.53%
c [occ-backw-sub-str-long-w-long] sub: 11 str: 28 tried: 159234/53078 (300.0)  T: 0.05 T-out: N T-r: 87.99%
c Executing OCC strategy token: occ-clean-implicit
c Executing OCC strategy token: occ-bve
c [occ-empty-res] Empty resolvent elimed: 0 T: 0.00 T-out: N
c [occ-bve] iter v-elim 946
c cl_inc_rate=0.9, var_dec_rate=2.1 (grow=0)
c Reduced to 832 vars, 6524 cls (grow=0)
c [occ-bve] iter v-elim 0
c cl_inc_rate=1.0, var_dec_rate=1.0 (grow=3)
c Reduced to 832 vars, 6524 cls (grow=3)
c [occ-bve] iter v-elim 160
c cl_inc_rate=1.1, var_dec_rate=1.2 (grow=4)
c Reduced to 672 vars, 7152 cls (grow=4)
c x n vars       : 672
c #try to eliminate:  4540
c #var-elim        :  1106
c #T-o: N
c #T-r: 99.99%
c #T  : 0.15
c [occur] 0.02 is overhead
c [occur] link-in T: 0.02 cleanup T: 0.00
c [occ-xor-bve] elimed: 0 T: 0.00 T-out: N
c Executing OCC strategy token: occ-bva
c Executing OCC strategy token: occ-ternary-res
c [occ-ternary-res] Ternary res-tri: 0 res-bin: 0 sub: 0 str: 0 T: 0.00 T-out: N T-r: 99.77%
c Executing OCC strategy token: occ-xor
c [occ-xor] sort occur list T: 0.00
c [occ-xor] found    632 avg sz 4.2 min sz  3 max sz  5 T: 0.00 T-out: N T-r: 99.99%
c --> Executing strategy token: card-find
c --> Executing strategy token: cl-consolidate
c [mem] consolidate  old-sz: 5419K new-sz: 2249K new bits offs: 19 T: 0.00
c --> Executing strategy token: scc-vrepl
c [scc] new: 0 BP 0M T: 0.00
c [vrep] vars 0 lits 0 rem-bin-cls 0 rem-long-cls 0 BP 0M T: 0.00
c --> Executing strategy token: renumber
c [renumber] T: 0.00
c --> Executing strategy token: louvain-comms
c [consolidate] mini T: 0.00
c global_timeout_multiplier: 3.3000
c [branch] rebuilding order heap for all branchings. Current branching: vmtf
c [gauss] clauses deleted that are represented by XORs: 6088 xorclauses: 632 GJ matrices: 0 T: 0.02
c [find&init matx] performing matrix init
c [matrix] Good   matrix  0c [matrix] disabling SLS since matrix is found
    632 x  671  density:0.0063  xorlen avg:  4.20
c [matrix] Using 1 matrices recovered from 0 xors T: 0.00 T-out: N
c rst  luby  svd  vmt   201   56K     672  1064    10    5.43    5.40    66   228 19812     2   17.30   17.30
c rst  luby  svd  vmt   202   56K     672  1064    10    5.43    5.40    66   228 19913     2   17.32   17.32
c rst  luby  svd  vmt   203   56K     672  1064    10    5.43    5.40    66   228   20K     2   17.33   17.33
c rst  luby  svd  vmt   204   56K     672  1064    10    5.43    5.40    66   228   20K     2   17.35   17.35
c rst  luby  svd  vmt   205   56K     672  1064    10    5.43    5.40    66   232   20K     2   17.35   17.35
c rst  luby  svd  vmt   206   56K     672  1064    10    5.43    5.40    66   233   20K     2   17.37   17.37
c rst  luby  svd  vmt   207   57K     672  1064    10    5.43    5.40    66   233   20K     2   17.39   17.39
c rst  luby  svd  vmt   208   57K     672  1064    10    5.43    5.40    66   235   21K     2   17.42   17.42
c rst  luby  svd  vmt   209   57K     672  1064    10    5.43    5.40    66   236   21K     2   17.43   17.43
c rst  luby  svd  vmt   210   57K     672  1064    10    5.43    5.40    66   236   21K     2   17.44   17.44
c rst  luby  svd  vmt   211   57K     672  1064    10    5.43    5.40    66   237   21K     2   17.46   17.46
c rst  luby  svd  vmt   212   58K     672  1064    10    5.43    5.40    66   237   21K     2   17.47   17.47
c rst  luby  svd  vmt   213   58K     672  1064    10    5.43    5.40    66   238   21K     2   17.47   17.47
c rst  luby  svd  vmt   214   58K     672  1064    10    5.43    5.40    66   238   21K     2   17.50   17.50
c rst  luby  svd  vmt   215   58K     672  1064    10    5.43    5.40    66   238   22K     2   17.53   17.53
c rst  luby  svd  vmt   216   59K     672  1064    10    5.43    5.40    67   241   23K     2   17.56   17.56
c rst  luby  svd  vmt   217   61K     672  1064    10    5.43    5.40    80   319   20K     2   17.60   17.60
c [full-probe]  bin_only: 1 set: 0 repl: 0 T: 0.00 T-out: N T-r: 99.98%
c rst  geom best  vmt   218   61K     672  1064    20    5.43    5.37    80   321   20K     2   17.61   17.61
c rst  geom best  vmt   219   61K     672  1064    20    5.43    5.37    80   323   20K     2   17.62   17.62
c rst  geom best  vmt   220   61K     672  1064    20    5.43    5.37    80   323   20K     2   17.63   17.63
c rst  geom best  vmt   221   61K     672  1064    20    5.43    5.37    80   328   20K     2   17.64   17.64
c rst  geom best  vmt   222   61K     672  1064    20    5.43    5.37    80   330   21K     2   17.65   17.65
c rst  geom best  vmt   223   62K     672  1064    20    5.43    5.37    80   331   21K     2   17.66   17.66
c rst  geom best  vmt   224   62K     672  1064    20    5.43    5.37    80   334   21K     2   17.67   17.67
c rst  geom best  vmt   225   62K     672  1064    20    5.43    5.37    80   337   21K     2   17.69   17.69
c rst  geom best  vmt   226   62K     672  1064    20    5.43    5.37    80   338   21K     2   17.71   17.71
c rst  geom best  vmt   227   62K     672  1064    20    5.43    5.37    80   342   22K     2   17.72   17.72
c [branch] adjusting to: vsids (from: vmtf) var_decay:0.95 descr: VSIDS
c rst  geom best   vs   228   63K     672  1064    20    5.43    5.37    80   343   22K     2   17.72   17.72
c rst  geom best   vs   229   63K     672  1064    20    5.43    5.37    80   345   22K     2   17.72   17.72
c rst  geom best   vs   230   63K     672  1064    20    5.43    5.37    80   347   22K     2   17.73   17.73
c rst  geom best   vs   231   63K     672  1064    20    5.43    5.37    80   347   22K     2   17.73   17.73
c rst  geom best   vs   232   63K     672  1064    20    5.43    5.37    80   347   22K     2   17.73   17.73
c rst  geom best   vs   233   63K     672  1064    20    5.43    5.37    80   348   22K     2   17.74   17.74
c rst  geom best   vs   234   63K     672  1064    20    5.43    5.37    80   351   23K     2   17.74   17.74
c rst  geom best   vs   235   64K     672  1064    20    5.43    5.37    80   354   23K     2   17.74   17.74
c rst  geom best   vs   236   64K     672  1064    20    5.43    5.37    80   355   23K     2   17.73   17.73
c rst  geom best   vs   237   64K     672  1064    20    5.43    5.37    80   355   23K     2   17.73   17.73
c rst  geom best   vs   238   64K     672  1064    20    5.43    5.37    80   356   24K     2   17.74   17.74
c rst  geom best   vs   239   65K     672  1064    20    5.43    5.37    80   357   24K     2   17.75   17.75
c rst  geom best   vs   240   65K     672  1064    20    5.43    5.37    80   358   24K     2   17.75   17.75
c rst  geom best   vs   241   65K     672  1064    20    5.43    5.37    80   361   25K     2   17.75   17.75
c rst  geom best   vs   242   66K     672  1064    20    5.43    5.37    80   368   25K     2   17.75   17.75
c [distill-long-red0] cls tried: 20/20 T: 0.00 T-out: N T-r: 100.00%
c [distill-long-red1] cls tried: 249/249 T: 0.02 T-out: N T-r: 86.40%
c rst  geom best   vs   243   66K     672  1064    20    5.43    5.37    80   369   26K     2   17.75   17.74
c rst  geom  stb   vs   244   67K     672  1064    20    5.43    5.37    80   377   26K     2   17.74   17.74
c rst  geom  stb   vs   245   67K     672  1064    20    5.43    5.37    80   382   27K     2   17.76   17.76
c rst  geom  stb   vs   246   68K     672  1064    20    5.43    5.37    80   383   27K     2   17.79   17.79
c rst  geom  stb   vs   247   69K     672  1064    20    5.43    5.37    80   394   28K     2   17.82   17.82
c rst  geom  stb   vs   248   69K     672  1064    20    5.43    5.37    80   394   28K     2   17.83   17.83
c rst  geom  stb   vs   249   70K     672  1064    20    5.43    5.37   114   364   29K     2   17.86   17.86
c rst  geom  stb   vs   250   71K     672  1064    20    5.43    5.37   114   366   30K     2   17.86   17.86
c rst  geom  stb   vs   251   72K     672  1064    20    5.43    5.37   114   373   31K     2   17.88   17.88
c rst  geom  stb   vs   252   73K     672  1064    20    5.43    5.37   114   378   32K     2   17.90   17.90
c [distill-bin] useful: 11/20/20 lits-rem: 0 cl-rem: 11 0-depth-assigns: 0 T: 0.00 T-out: N
c rst  geom ibes   vs   253   74K     672  1064     9    5.43    5.40   114   391   33K     2   17.90   17.90
c [branch] adjusting to: vmtf (from: vsids) var_decay:0.95 descr: VMTF
c rst  luby ibes  vmt   254   74K     672  1064     9    5.43    5.40   114   393   33K     2   17.90   17.90
c rst  luby ibes  vmt   255   74K     672  1064     9    5.43    5.40   114   393   34K     2   17.91   17.91
c rst  luby ibes  vmt   256   75K     672  1064     9    5.43    5.40   123   640   29K     2   17.97   17.97
c rst  luby ibes  vmt   257   75K     672  1064     9    5.43    5.40   123   641   29K     2   17.97   17.97
c rst  luby ibes  vmt   258   75K     672  1064     9    5.43    5.40   123   641   29K     2   17.97   17.97
c rst  luby ibes  vmt   259   75K     672  1064     9    5.43    5.40   123   641   29K     2   17.98   17.98
c rst  luby ibes  vmt   260   75K     672  1064     9    5.43    5.40   123   641   30K     2   18.00   18.00
c rst  luby ibes  vmt   261   76K     672  1064     9    5.43    5.40   123   641   30K     2   18.01   18.00
c rst  luby ibes  vmt   262   76K     672  1064     9    5.43    5.40   123   643   30K     2   18.01   18.01
c rst  luby ibes  vmt   263   76K     672  1064     9    5.43    5.40   123   644   30K     2   18.01   18.01
c rst  luby ibes  vmt   264   76K     672  1064     9    5.43    5.40   123   644   30K     2   18.01   18.01
c rst  luby ibes  vmt   265   76K     672  1064     9    5.43    5.40   123   644   30K     2   18.01   18.01
c rst  luby ibes  vmt   266   76K     672  1064     9    5.43    5.40   123   645   31K     2   18.03   18.03
c rst  luby ibes  vmt   267   77K     672  1064     9    5.43    5.40   123   650   31K     2   18.03   18.03
c [distill] watch-based irred--  cl tried     2128 cl-sh     0 cl-rem    0 lit-rem      0 T: 0.01 T-out: N
c [distill] watch-based   red--  cl tried      246 cl-sh     0 cl-rem    0 lit-rem      0 T: 0.00 T-out: N
c rst  luby ibes  vmt   268   77K     672  1064     9    5.43    5.40   124   655   32K     2   18.01   18.01
c rst  luby ibes  vmt   269   78K     672  1064     9    5.43    5.40   124   657   32K     2   18.02   18.02
c rst  luby ibes  vmt   270   78K     672  1064     9    5.43    5.40   124   658   32K     2   18.02   18.02
c rst  luby ibes  vmt   271   78K     672  1064     9    5.43    5.40   124   660   32K     2   18.03   18.02
c rst  luby ibes  vmt   272   78K     672  1064     9    5.43    5.40   124   661   32K     2   18.03   18.03
c rst  luby ibes  vmt   273   78K     672  1064     9    5.43    5.40   124   663   32K     2   18.03   18.03
c rst  luby ibes  vmt   274   78K     672  1064     9    5.43    5.40   124   669   33K     2   18.04   18.03
c rst  luby ibes  vmt   275   79K     672  1064     9    5.43    5.40   124   679   33K     2   18.04   18.04
c rst  luby ibes  vmt   276   79K     672  1064     9    5.43    5.40   124   679   33K     2   18.05   18.05
c rst  luby ibes  vmt   277   79K     672  1064     9    5.43    5.40   124   680   33K     2   18.05   18.05
c rst  luby  svd  vmt   278   79K     672  1064     9    5.43    5.40   124   682   33K     2   18.07   18.07
c rst  luby  svd  vmt   279   79K     672  1064     9    5.43    5.40   124   686   34K     2   18.07   18.07
c rst  luby  svd  vmt   280   79K     672  1064     9    5.43    5.40   124   687   34K     2   18.07   18.07
c rst  luby  svd  vmt   281   79K     672  1064     9    5.43    5.40   124   690   34K     2   18.07   18.07
c rst  luby  svd  vmt   282   80K     672  1064     9    5.43    5.40   176   637   34K     2   18.10   18.10
c rst  luby  svd  vmt   283   81K     672  1064     9    5.43    5.40   176   638   35K     2   18.13   18.13
c rst  luby  svd  vmt   284   82K     672  1064     9    5.43    5.40   176   656   37K     2   18.12   18.12
c [distill-long-red0] cls tried: 54/54 T: 0.01 T-out: N T-r: 99.98%
c [distill-long-red1] cls tried: 332/332 T: 0.06 T-out: N T-r: 52.94%
c [full-probe]  bin_only: 0 set: 0 repl: 0 T: 0.00 T-out: N T-r: 99.29%
c rst  luby  svd  vmt   285   82K     672  1064    19    5.43    5.37   176   656   37K     2   18.12   18.12
c rst  luby  svd  vmt   286   82K     672  1064    19    5.43    5.37   176   656   37K     2   18.12   18.12
c rst  luby  svd  vmt   287   83K     672  1064    19    5.43    5.37   176   660   37K     2   18.12   18.12
c rst  luby  svd  vmt   288   83K     672  1064    19    5.43    5.37   176   661   37K     2   18.12   18.12
c rst  luby  svd  vmt   289   83K     672  1064    19    5.43    5.37   176   662   37K     2   18.13   18.13
c rst  luby  svd  vmt   290   83K     672  1064    19    5.43    5.37   176   664   37K     2   18.14   18.14
c rst  luby  svd  vmt   291   83K     672  1064    19    5.43    5.37   176   665   38K     2   18.16   18.16
c rst  luby  svd  vmt   292   84K     672  1064    19    5.43    5.37   176   665   38K     2   18.16   18.16
c rst  luby  svd  vmt   293   84K     672  1064    19    5.43    5.37   176   666   38K     2   18.16   18.16
c rst  luby  svd  vmt   294   84K     672  1064    19    5.43    5.37   176   667   38K     2   18.17   18.17
c rst  luby  svd  vmt   295   84K     672  1064    19    5.43    5.37   176   670   38K     2   18.17   18.17
c rst  luby  svd  vmt   296   84K     672  1064    19    5.43    5.37   176   672   38K     2   18.18   18.18
c rst  luby  svd  vmt   297   84K     672  1064    19    5.43    5.37   176   672   39K     2   18.19   18.19
c rst  luby  svd  vmt   298   85K     672  1064    19    5.43    5.37   176   673   39K     2   18.20   18.20
c rst  luby  svd  vmt   299   85K     672  1064    19    5.43    5.37   176   696   40K     2   18.22   18.22
c rst  geom best  vmt   300   86K     672  1064    19    5.43    5.37   176   696   40K     2   18.23   18.23
c rst  geom best  vmt   301   86K     672  1064    19    5.43    5.37   176   701   40K     2   18.23   18.23
c rst  geom best  vmt   302   86K     672  1064    19    5.43    5.37   178   708   40K     2   18.23   18.23
c rst  geom best  vmt   303   86K     672  1064    19    5.43    5.37   178   708   40K     2   18.23   18.23
c rst  geom best  vmt   304   86K     672  1064    19    5.43    5.37   178   708   40K     2   18.24   18.23
c rst  geom best  vmt   305   86K     672  1064    19    5.43    5.37   178   709   41K     2   18.24   18.24
c rst  geom best  vmt   306   87K     672  1064    19    5.43    5.37   178   709   41K     2   18.24   18.24
c rst  geom best  vmt   307   87K     672  1064    19    5.43    5.37   178   709   41K     2   18.24   18.23
c rst  geom best  vmt   308   87K     672  1064    19    5.43    5.37   178   712   41K     2   18.23   18.23
c rst  geom best  vmt   309   87K     672  1064    19    5.43    5.37   178   714   42K     2   18.22   18.22
c [branch] adjusting to: vsids (from: vmtf) var_decay:0.95 descr: VSIDS
c rst  geom best   vs   310   87K     672  1064    19    5.43    5.37   178   715   42K     2   18.23   18.23
c rst  geom best   vs   311   87K     672  1064    19    5.43    5.37   178   717   42K     2   18.22   18.22
c rst  geom best   vs   312   88K     672  1064    19    5.43    5.37   178   717   42K     2   18.22   18.22
c rst  geom best   vs   313   88K     672  1064    19    5.43    5.37   178   717   42K     2   18.22   18.22
c rst  geom best   vs   314   88K     672  1064    19    5.43    5.37   178   717   42K     2   18.23   18.23
c rst  geom best   vs   315   88K     672  1064    19    5.43    5.37   178   718   42K     2   18.23   18.23
c rst  geom best   vs   316   88K     672  1064    19    5.43    5.37   178   718   43K     2   18.23   18.23
c rst  geom best   vs   317   88K     672  1064    19    5.43    5.37   178   719   43K     2   18.23   18.23
c rst  geom best   vs   318   89K     672  1064    19    5.43    5.37   178   719   43K     2   18.23   18.23
c rst  geom best   vs   319   89K     672  1064    19    5.43    5.37   178   720   43K     2   18.23   18.23
c rst  geom best   vs   320   89K     672  1064    19    5.43    5.37   178   722   44K     2   18.23   18.23
c rst  geom best   vs   321   90K     672  1064    19    5.43    5.37   285  1006   33K     2   18.48   18.48
c rst  geom best   vs   322   90K     672  1064    19    5.43    5.37   285  1007   34K     2   18.48   18.48
c rst  geom best   vs   323   90K     672  1064    19    5.43    5.37   285  1011   34K     2   18.48   18.48
c rst  geom best   vs   324   91K     672  1064    19    5.43    5.37   285  1013   35K     2   18.46   18.46
c rst  geom best   vs   325   91K     672  1064    19    5.43    5.37   285  1015   35K     2   18.46   18.46
c rst  geom best   vs   326   92K     672  1064    19    5.43    5.37   285  1016   36K     2   18.44   18.44
c rst  geom  stb   vs   327   92K     672  1064    19    5.43    5.37   285  1018   36K     2   18.45   18.45
c rst  geom  stb   vs   328   93K     672  1064    19    5.43    5.37   286  1024   37K     2   18.45   18.45
c rst  geom  stb   vs   329   93K     672  1064    19    5.43    5.37   286  1034   37K     2   18.44   18.44
c [distill-bin] useful: 10/19/19 lits-rem: 0 cl-rem: 10 0-depth-assigns: 0 T: 0.00 T-out: N
c rst  geom  stb   vs   330   94K     672  1064     9    5.43    5.40   287  1043   38K     2   18.42   18.42
c rst  geom  stb   vs   331   95K     672  1064     9    5.43    5.40   287  1047   39K     2   18.43   18.43
c rst  geom  stb   vs   332   96K     672  1064     9    5.43    5.40   287  1060   40K     2   18.44   18.44
c rst  geom  stb   vs   333   97K     672  1064     9    5.43    5.40   287  1062   41K     2   18.45   18.44
c rst  geom  stb   vs   334   98K     672  1064     9    5.43    5.40   287  1065   42K     2   18.45   18.45
c [distill-long-red0] cls tried: 40/40 T: 0.01 T-out: N T-r: 99.98%
c [distill-long-red1] cls tried: 487/487 T: 0.09 T-out: N T-r: 16.86%
c rst  geom ibes   vs   335   99K     672  1064     9    5.43    5.40   287  1067   43K     2   18.45   18.45
c rst  geom ibes   vs   336  100K     672  1064     9    5.43    5.40   349  1006   44K     2   18.43   18.43
c [impl-str] lit bin: 0 set-var: 0 T: 0.00 T-out: N T-r: 99.97% w-visit: 1344
c [impl-sub] bin: 0 T: 0.00 T-out: N w-visit: 1344
c rst  geom ibes   vs   337  102K     672  1064     9    5.43    5.40   349  1006   45K     2   18.43   18.43
c [branch] adjusting to: vmtf (from: vsids) var_decay:0.95 descr: VMTF
c [distill] watch-based irred--  cl tried     2128 cl-sh     0 cl-rem    0 lit-rem      0 T: 0.01 T-out: N
c [distill] watch-based   red--  cl tried      698 cl-sh     3 cl-rem    0 lit-rem      3 T: 0.00 T-out: N
c rst  luby ibes  vmt   338  102K     672  1064     9    5.43    5.40   349  1006   46K     2   18.43   18.43
c rst  luby ibes  vmt   339  102K     672  1064     9    5.43    5.40   349  1009   46K     2   18.43   18.43
c rst  luby ibes  vmt   340  102K     672  1064     9    5.43    5.40   349  1013   46K     2   18.43   18.43
c rst  luby ibes  vmt   341  102K     672  1064     9    5.43    5.40   349  1013   46K     2   18.43   18.43
c rst  luby ibes  vmt   342  102K     672  1064     9    5.43    5.40   349  1014   46K     2   18.43   18.43
c [full-probe]  bin_only: 1 set: 0 repl: 0 T: 0.00 T-out: N T-r: 99.96%
c rst  luby ibes  vmt   343  102K     672  1064    19    5.43    5.37   349  1014   46K     2   18.43   18.43
c rst  luby ibes  vmt   344  103K     672  1064    19    5.43    5.37   349  1018   47K     2   18.43   18.43
c rst  luby ibes  vmt   345  103K     672  1064    19    5.43    5.37   349  1018   47K     2   18.43   18.43
c rst  luby ibes  vmt   346  103K     672  1064    19    5.43    5.37   349  1018   47K     2   18.43   18.43
c rst  luby ibes  vmt   347  103K     672  1064    19    5.43    5.37   349  1018   47K     2   18.44   18.44
c rst  luby ibes  vmt   348  103K     672  1064    19    5.43    5.37   349  1018   47K     2   18.44   18.44
c rst  luby ibes  vmt   349  104K     672  1064    19    5.43    5.37   349  1019   47K     2   18.44   18.44
c rst  luby ibes  vmt   350  104K     672  1064    19    5.43    5.37   349  1019   47K     2   18.45   18.45
c rst  luby ibes  vmt   351  104K     672  1064    19    5.43    5.37   349  1029   48K     2   18.43   18.43
c rst  luby  svd  vmt   352  105K     672  1064    19    5.43    5.37   362  1375   36K     2   18.28   18.28
c rst  luby  svd  vmt   353  105K     672  1064    19    5.43    5.37   362  1375   36K     2   18.28   18.28
c rst  luby  svd  vmt   354  105K     672  1064    19    5.43    5.37   362  1377   36K     2   18.28   18.28
c rst  luby  svd  vmt   355  105K     672  1064    19    5.43    5.37   362  1378   36K     2   18.28   18.28
c rst  luby  svd  vmt   356  105K     672  1064    19    5.43    5.37   362  1378   36K     2   18.29   18.29
c rst  luby  svd  vmt   357  106K     672  1064    19    5.43    5.37   362  1378   36K     2   18.29   18.29
c rst  luby  svd  vmt   358  106K     672  1064    19    5.43    5.37   362  1378   37K     2   18.30   18.30
c rst  luby  svd  vmt   359  106K     672  1064    19    5.43    5.37   362  1381   37K     2   18.30   18.30
c rst  luby  svd  vmt   360  106K     672  1064    19    5.43    5.37   362  1382   37K     2   18.30   18.30
c rst  luby  svd  vmt   361  106K     672  1064    19    5.43    5.37   362  1382   37K     2   18.31   18.30
c rst  luby  svd  vmt   362  107K     672  1064    19    5.43    5.37   362  1385   37K     2   18.32   18.32
c rst  luby  svd  vmt   363  107K     672  1064    19    5.43    5.37   362  1386   38K     2   18.32   18.32
c rst  luby  svd  vmt   364  107K     672  1064    19    5.43    5.37   362  1387   38K     2   18.32   18.32
c rst  luby  svd  vmt   365  107K     672  1064    19    5.43    5.37   362  1391   38K     2   18.32   18.32
c rst  luby  svd  vmt   366  107K     672  1064    19    5.43    5.37   362  1393   38K     2   18.33   18.33
c rst  luby  svd  vmt   367  108K     672  1064    19    5.43    5.37   363  1408   39K     2   18.35   18.35
c rst  luby  svd  vmt   368  110K     672  1064    19    5.43    5.37   438  1320   41K     2   18.33   18.33
c rst  luby  svd  vmt   369  110K     672  1064    19    5.43    5.37   438  1320   41K     2   18.34   18.34
c rst  luby  svd  vmt   370  110K     672  1064    19    5.43    5.37   438  1322   41K     2   18.34   18.34
c rst  luby  svd  vmt   371  110K     672  1064    19    5.43    5.37   438  1324   41K     2   18.35   18.35
c rst  luby  svd  vmt   372  110K     672  1064    19    5.43    5.37   438  1324   41K     2   18.35   18.35
c rst  geom best  vmt   373  110K     672  1064    19    5.43    5.37   439  1330   41K     2   18.35   18.35
c rst  geom best  vmt   374  110K     672  1064    19    5.43    5.37   440  1332   41K     2   18.34   18.34
c rst  geom best  vmt   375  111K     672  1064    19    5.43    5.37   440  1339   42K     2   18.34   18.33
c rst  geom best  vmt   376  111K     672  1064    19    5.43    5.37   440  1339   42K     2   18.34   18.34
c rst  geom best  vmt   377  111K     672  1064    19    5.43    5.37   440  1340   42K     2   18.34   18.34
c rst  geom best  vmt   378  111K     672  1064    19    5.43    5.37   440  1343   42K     2   18.34   18.33
c rst  geom best  vmt   379  111K     672  1064    19    5.43    5.37   440  1345   42K     2   18.34   18.34
c rst  geom best  vmt   380  112K     672  1064    19    5.43    5.37   440  1346   42K     2   18.34   18.34
c rst  geom best  vmt   381  112K     672  1064    19    5.43    5.37   440  1346   43K     2   18.34   18.34
c rst  geom best  vmt   382  112K     672  1064    19    5.43    5.37   440  1349   43K     2   18.34   18.34
c rst  geom best  vmt   383  112K     672  1064    19    5.43    5.37   440  1354   43K     2   18.34   18.34
c rst  geom best  vmt   384  113K     672  1064    19    5.43    5.37   440  1355   44K     2   18.35   18.35
c rst  geom best  vmt   385  113K     672  1064    19    5.43    5.37   440  1361   44K     2   18.35   18.35
c [distill-long-red0] cls tried: 54/54 T: 0.01 T-out: N T-r: 99.97%
c [distill-long-red1] cls tried: 432/432 T: 0.10 T-out: N T-r: 15.12%
c rst  geom best  vmt   386  113K     672  1064    19    5.43    5.37   440  1361   44K     2   18.35   18.35
c rst  geom best  vmt   387  114K     672  1064    19    5.43    5.37   440  1367   45K     2   18.35   18.35
c [distill-bin] useful: 10/19/19 lits-rem: 0 cl-rem: 10 0-depth-assigns: 0 T: 0.00 T-out: N
c rst  geom best  vmt   388  114K     672  1064     9    5.43    5.40   440  1371   45K     2   18.35   18.35
c rst  geom best  vmt   389  115K     672  1064     9    5.43    5.40   440  1388   46K     2   18.34   18.34
c rst  geom best  vmt   390  115K     672  1064     9    5.43    5.40   440  1397   46K     2   18.33   18.33
c rst  geom best  vmt   391  116K     672  1064     9    5.43    5.40   440  1399   47K     2   18.33   18.33
c rst  geom best  vmt   392  116K     672  1064     9    5.43    5.40   440  1403   47K     2   18.32   18.32
c rst  geom  stb  vmt   393  117K     672  1064     9    5.43    5.40   440  1410   48K     2   18.32   18.32
c [branch] adjusting to: vsids (from: vmtf) var_decay:0.95 descr: VSIDS
c rst  geom  stb   vs   394  117K     672  1064     9    5.43    5.40   440  1410   48K     2   18.32   18.32
c rst  geom  stb   vs   395  117K     672  1064     9    5.43    5.40   440  1410   48K     2   18.33   18.33
c rst  geom  stb   vs   396  118K     672  1064     9    5.43    5.40   440  1411   48K     2   18.33   18.33
c rst  geom  stb   vs   397  118K     672  1064     9    5.43    5.40   440  1411   49K     2   18.33   18.33
c rst  geom  stb   vs   398  118K     672  1064     9    5.43    5.40   440  1411   49K     2   18.33   18.33
c rst  geom  stb   vs   399  118K     672  1064     9    5.43    5.40   440  1411   49K     2   18.33   18.33
c rst  geom  stb   vs   400  118K     672  1064     9    5.43    5.40   440  1414   49K     2   18.33   18.33
c rst  geom  stb   vs   401  118K     672  1064     9    5.43    5.40   440  1415   49K     2   18.33   18.33
c rst  geom  stb   vs   402  119K     672  1064     9    5.43    5.40   440  1416   50K     2   18.34   18.34
c rst  geom  stb   vs   403  119K     672  1064     9    5.43    5.40   440  1420   50K     2   18.35   18.34
c rst  geom  stb   vs   404  119K     672  1064     9    5.43    5.40   440  1420   50K     2   18.35   18.35
c rst  geom  stb   vs   405  120K     672  1064     9    5.43    5.40   550  1708   36K     2   18.17   18.17
c rst  geom  stb   vs   406  120K     672  1064     9    5.43    5.40   550  1710   37K     2   18.16   18.16
c rst  geom  stb   vs   407  120K     672  1064     9    5.43    5.40   550  1710   37K     2   18.17   18.17
c rst  geom  stb   vs   408  121K     672  1064     9    5.43    5.40   550  1713   37K     2   18.18   18.18
c rst  geom  stb   vs   409  121K     672  1064     9    5.43    5.40   550  1713   38K     2   18.18   18.18
c rst  geom  stb   vs   410  122K     672  1064     9    5.43    5.40   550  1714   38K     2   18.18   18.18
c rst  geom  stb   vs   411  122K     672  1064     9    5.43    5.40   550  1717   39K     2   18.18   18.18
c rst  geom  stb   vs   412  123K     672  1064     9    5.43    5.40   550  1717   40K     2   18.19   18.19
c [full-probe]  bin_only: 0 set: 0 repl: 0 T: 0.00 T-out: N T-r: 99.28%
c rst  geom ibes   vs   413  123K     672  1064    19    5.43    5.37   550  1720   40K     2   18.17   18.17
c rst  geom ibes   vs   414  124K     672  1064    19    5.43    5.37   551  1723   41K     2   18.16   18.16
c rst  geom ibes   vs   415  125K     672  1064    19    5.43    5.37   551  1727   42K     2   18.15   18.15
c rst  geom ibes   vs   416  126K     672  1064    19    5.43    5.37   551  1731   43K     2   18.15   18.15
c rst  geom ibes   vs   417  127K     672  1064    19    5.43    5.37   551  1742   44K     2   18.12   18.12
c [distill] watch-based irred--  cl tried     2128 cl-sh     0 cl-rem    0 lit-rem      0 T: 0.01 T-out: N
c [distill] watch-based   red--  cl tried     1102 cl-sh     0 cl-rem    0 lit-rem      0 T: 0.01 T-out: N
c rst  geom ibes   vs   418  128K     672  1064    19    5.43    5.37   551  1752   45K     2   18.10   18.10
c rst  geom ibes   vs   419  129K     672  1064    19    5.43    5.37   552  1765   46K     2   18.09   18.09
c [distill-long-red0] cls tried: 36/36 T: 0.01 T-out: N T-r: 99.98%
c [distill-long-red1] cls tried: 415/499 T: 0.12 T-out: Y T-r: -0.15%
c rst  geom ibes   vs   420  130K     672  1064    19    5.43    5.37   624  1656   47K     2   18.07   18.07
c rst  geom  svd   vs   421  132K     672  1064    19    5.43    5.37   624  1664   48K     2   18.05   18.05
c rst  geom  svd   vs   422  133K     672  1064    19    5.43    5.37   624  1676   50K     2   18.04   18.04
c rst  geom  svd   vs   423  134K     672  1064    19    5.43    5.37   624  1682   51K     2   18.05   18.05
c ecursive minimization cost OK: 278Kcost/(% lits removed)
c [g 0] truth-find prop checks  : 5223K
c [g 0] -> of which prop        : 77.62 %
c [g 0] -> of which confl       :  0.55 %
c [g 0] elim called             : 37K
c [g 0] ---> which lead to prop : 1206.38 %
c [g 0] ---> which lead to confl:  5.09 %
c [g 0] size: 632   x 671  
c --> Executing strategy token: scc-vrepl
c [scc] new: 5 BP 0M T: 0.00
c [vrep] vars 5 lits 88 rem-bin-cls 29 rem-long-cls 0 BP 0M T: 0.01
c --> Executing strategy token: sub-impl
c [impl-sub] bin: 0 T: 0.00 T-out: N w-visit: 1344
c --> Executing strategy token: breakid
c Executing OCC strategy token(s): 'occ-backw-sub-str,occ-clean-implicit,occ-bve,occ-bva,occ-ternary-res,occ-xor,
c [occ] mem usage for occur 0      MB
c [occ] Linked in IRRED BIN by default: 0
c [occ] Linked in RED   BIN by default: 2
c [occ] mem usage for occur 0      MB
c Mem for watch alloc      : 5           MB (0.00      %)
c Mem for watch array      : 0           MB (0.00      %)
c Executing OCC strategy token: occ-backw-sub-str
c [occ-backw-sub-str-long-w-bins] subs: 0 str: 0 tried: 128 0-depth ass: 0 T: 0.00 T-out: N T-r: 100.00%
c [occ-backw-sub-long-w-long] rem cl: 125 tried: 54534/54534 (100.0%) T: 0.01 T-out: N T-r: 98.00%
c [occ-backw-sub-str-long-w-long] sub: 12 str: 48 tried: 163602/54534 (300.0)  T: 0.03 T-out: N T-r: 93.49%
c Executing OCC strategy token: occ-clean-implicit
c Executing OCC strategy token: occ-bve
c [occ-empty-res] Empty resolvent elimed: 0 T: 0.00 T-out: N
c [occ-bve] iter v-elim 0
c cl_inc_rate=1.0, var_dec_rate=1.0 (grow=0)
c Reduced to 667 vars, 1064 cls (grow=0)
c [occ-bve] iter v-elim 0
c cl_inc_rate=1.0, var_dec_rate=1.0 (grow=3)
c Reduced to 667 vars, 1064 cls (grow=3)
c [occ-bve] iter v-elim 0
c cl_inc_rate=1.0, var_dec_rate=1.0 (grow=4)
c Reduced to 667 vars, 1064 cls (grow=4)
c [occ-bve] iter v-elim 0
c cl_inc_rate=1.0, var_dec_rate=1.0 (grow=6)
c Reduced to 667 vars, 1064 cls (grow=6)
c [occ-bve] iter v-elim 0
c cl_inc_rate=1.0, var_dec_rate=1.0 (grow=9)
c Reduced to 667 vars, 1064 cls (grow=9)
c [occ-bve] iter v-elim 0
c cl_inc_rate=1.0, var_dec_rate=1.0 (grow=13)
c Reduced to 667 vars, 1064 cls (grow=13)
c [occ-bve] iter v-elim 0
c cl_inc_rate=1.0, var_dec_rate=1.0 (grow=16)
c Reduced to 667 vars, 1064 cls (grow=16)
c x n vars       : 667
c #try to eliminate:     7
c #var-elim        :     0
c #T-o: N
c #T-r: 100.00%
c #T  : 0.00
c [occur] 0.02 is overhead
c [occur] link-in T: 0.02 cleanup T: 0.00
c [occ-xor-bve] elimed: 0 T: 0.00 T-out: N
c Executing OCC strategy token: occ-bva
c Executing OCC strategy token: occ-ternary-res
c [occ-ternary-res] Ternary res-tri: 0 res-bin: 0 sub: 0 str: 0 T: 0.00 T-out: N T-r: 99.83%
c Executing OCC strategy token: occ-xor
c [occ-xor] sort occur list T: 0.00
c [occ-xor] found      0 T: 0.00 T-out: N T-r: 100.00%
c --> Executing strategy token: card-find
c --> Executing strategy token: cl-consolidate
c Not consolidating memory.
c --> Executing strategy token: scc-vrepl
c [scc] new: 0 BP 0M T: 0.00
c [vrep] vars 0 lits 0 rem-bin-cls 0 rem-long-cls 0 BP 0M T: 0.00
c --> Executing strategy token: renumber
c --> Executing strategy token: louvain-comms
c [consolidate] mini T: 0.00
c global_timeout_multiplier: 3.6300
c [branch] rebuilding order heap for all branchings. Current branching: vsids
c [gauss] clauses deleted that are represented by XORs: 0 xorclauses: 632 GJ matrices: 0 T: 0.00
c [find&init matx] performing matrix init
c [matrix] Good   matrix  0    632 x  666  density:0.0063  xorlen avg:  4.20
c [matrix] Using 1 matrices recovered from 0 xors T: 0.00 T-out: N
c [distill-bin] useful: 0/0/0 lits-rem: 0 cl-rem: 0 0-depth-assigns: 0 T: 0.00 T-out: N
c rst  geom  svd   vs   424  135K     667  1064     0    5.43    5.43   526  1961   37K     2   17.79   17.78
c [branch] adjusting to: vmtf (from: vsids) var_decay:0.95 descr: VMTF
c rst  luby  svd  vmt   425  135K     667  1064     0    5.43    5.43   526  1961   37K     2   17.79   17.79
c rst  luby  svd  vmt   426  135K     667  1064     0    5.43    5.43   526  1961   37K     2   17.80   17.80
c rst  luby  svd  vmt   427  135K     667  1064     0    5.43    5.43   527  1963   38K     2   17.80   17.80
c rst  luby  svd  vmt   428  135K     667  1064     0    5.43    5.43   527  1964   38K     2   17.81   17.81
c rst  luby  svd  vmt   429  135K     667  1064     0    5.43    5.43   527  1964   38K     2   17.82   17.82
c rst  luby  svd  vmt   430  136K     667  1064     0    5.43    5.43   527  1965   38K     2   17.82   17.82
c rst  luby  svd  vmt   431  136K     667  1064     0    5.43    5.43   527  1974   38K     2   17.82   17.82
c rst  luby  svd  vmt   432  136K     667  1064     0    5.43    5.43   527  1974   38K     2   17.83   17.83
c rst  luby  svd  vmt   433  136K     667  1064     0    5.43    5.43   527  1976   39K     2   17.83   17.83
c rst  luby  svd  vmt   434  136K     667  1064     0    5.43    5.43   527  1977   39K     2   17.84   17.84
c rst  luby  svd  vmt   435  137K     667  1064     0    5.43    5.43   527  1978   39K     2   17.84   17.84
c rst  luby  svd  vmt   436  137K     667  1064     0    5.43    5.43   527  1978   39K     2   17.84   17.84
c rst  geom best  vmt   437  137K     667  1064     0    5.43    5.43   527  1978   39K     2   17.84   17.84
c rst  geom best  vmt   438  137K     667  1064     0    5.43    5.43   527  1980   39K     2   17.85   17.85
c rst  geom best  vmt   439  137K     667  1064     0    5.43    5.43   527  1980   39K     2   17.85   17.85
c rst  geom best  vmt   440  137K     667  1064     0    5.43    5.43   527  1980   39K     2   17.86   17.86
c rst  geom best  vmt   441  137K     667  1064     0    5.43    5.43   527  1983   40K     2   17.86   17.85
c rst  geom best  vmt   442  138K     667  1064     0    5.43    5.43   527  1984   40K     2   17.86   17.86
c rst  geom best  vmt   443  138K     667  1064     0    5.43    5.43   528  1993   40K     2   17.86   17.86
c rst  geom best  vmt   444  138K     667  1064     0    5.43    5.43   528  1993   40K     2   17.87   17.87
c rst  geom best  vmt   445  138K     667  1064     0    5.43    5.43   528  2005   40K     2   17.86   17.86
c rst  geom best  vmt   446  138K     667  1064     0    5.43    5.43   528  2007   41K     2   17.87   17.87
c rst  geom best  vmt   447  139K     667  1064     0    5.43    5.43   528  2007   41K     2   17.87   17.87
c rst  geom best  vmt   448  139K     667  1064     0    5.43    5.43   528  2009   41K     2   17.87   17.87
c rst  geom best  vmt   449  139K     667  1064     0    5.43    5.43   528  2012   42K     2   17.86   17.86
c rst  geom best  vmt   450  140K     667  1064     0    5.43    5.43   593  1901   42K     2   17.87   17.86
c rst  geom best  vmt   451  140K     667  1064     0    5.43    5.43   593  1908   42K     2   17.87   17.87
c rst  geom best  vmt   452  141K     667  1064     0    5.43    5.43   593  1920   43K     2   17.86   17.86
c rst  geom best  vmt   453  141K     667  1064     0    5.43    5.43   593  1925   43K     2   17.87   17.87
c rst  geom best  vmt   454  142K     667  1064     0    5.43    5.43   593  1928   44K     2   17.88   17.88
c rst  geom best  vmt   455  142K     667  1064     0    5.43    5.43   593  1939   44K     2   17.90   17.89
c rst  geom best  vmt   456  143K     667  1064     0    5.43    5.43   593  1940   45K     2   17.90   17.90
c [full-probe]  bin_only: 1 set: 0 repl: 0 T: 0.00 T-out: N T-r: 99.96%
c rst  geom best  vmt   457  144K     667  1064     0    5.43    5.43   593  1945   46K     2   17.88   17.88
c rst  geom  stb  vmt   458  144K     667  1064     0    5.43    5.43   593  1949   47K     2   17.90   17.90
c [distill-long-red0] cls tried: 66/66 T: 0.02 T-out: N T-r: 99.96%
c [distill-long-red1] cls tried: 350/470 T: 0.13 T-out: Y T-r: -0.29%
c rst  geom  stb  vmt   459  145K     667  1064     0    5.43    5.43   593  1954   48K     2   17.91   17.91
c rst  geom  stb  vmt   460  146K     667  1064     0    5.43    5.43   594  1964   48K     2   17.93   17.92
c rst  geom  stb  vmt   461  147K     667  1064     0    5.43    5.43   595  1983   50K     2   17.93   17.93
c rst  geom  stb  vmt   462  148K     667  1064     0    5.43    5.43   595  1993   51K     2   17.95   17.95
c rst  geom  stb  vmt   463  150K     667  1064     0    5.43    5.43   732  2275   37K     2   17.63   17.63
c rst  geom  stb  vmt   464  151K     667  1064     0    5.43    5.43   732  2282   38K     2   17.66   17.66
c rst  geom ibes  vmt   465  153K     667  1064     0    5.43    5.43   732  2285   40K     2   17.67   17.67
c [distill] watch-based irred--  cl tried     2128 cl-sh     0 cl-rem    0 lit-rem      0 T: 0.01 T-out: N
c [distill] watch-based   red--  cl tried     1464 cl-sh     0 cl-rem    0 lit-rem      0 T: 0.01 T-out: N
c rst  geom ibes  vmt   466  154K     667  1064     0    5.43    5.43   732  2292   42K     2   17.69   17.69
c [branch] adjusting to: vsids (from: vmtf) var_decay:0.95 descr: VSIDS
c [distill-bin] useful: 0/0/0 lits-rem: 0 cl-rem: 0 0-depth-assigns: 0 T: 0.00 T-out: N
c rst  geom ibes   vs   467  155K     667  1064     0    5.43    5.43   732  2292   42K     2   17.69   17.69
c rst  geom ibes   vs   468  155K     667  1064     0    5.43    5.43   732  2292   42K     2   17.69   17.69
c rst  geom ibes   vs   469  155K     667  1064     0    5.43    5.43   732  2294   42K     2   17.69   17.69
c rst  geom ibes   vs   470  155K     667  1064     0    5.43    5.43   732  2295   42K     2   17.70   17.70
c rst  geom ibes   vs   471  155K     667  1064     0    5.43    5.43   732  2295   42K     2   17.70   17.69
c rst  geom ibes   vs   472  155K     667  1064     0    5.43    5.43   732  2295   43K     2   17.70   17.70
c rst  geom ibes   vs   473  155K     667  1064     0    5.43    5.43   732  2295   43K     2   17.70   17.70
c rst  geom ibes   vs   474  156K     667  1064     0    5.43    5.43   732  2296   43K     2   17.71   17.71
c rst  geom ibes   vs   475  156K     667  1064     0    5.43    5.43   732  2298   43K     2   17.71   17.71
c rst  geom ibes   vs   476  156K     667  1064     0    5.43    5.43   732  2298   43K     2   17.71   17.71
c rst  geom ibes   vs   477  156K     667  1064     0    5.43    5.43   732  2304   44K     2   17.71   17.71
c rst  geom ibes   vs   478  157K     667  1064     0    5.43    5.43   732  2304   44K     2   17.72   17.72
c rst  geom ibes   vs   479  157K     667  1064     0    5.43    5.43   732  2304   44K     2   17.73   17.73
c rst  geom ibes   vs   480  157K     667  1064     0    5.43    5.43   732  2307   45K     2   17.72   17.72
c rst  geom ibes   vs   481  158K     667  1064     0    5.43    5.43   732  2307   45K     2   17.73   17.73
c rst  geom  svd   vs   482  158K     667  1064     0    5.43    5.43   732  2307   46K     2   17.73   17.73
c rst  geom  svd   vs   483  159K     667  1064     0    5.43    5.43   732  2307   46K     2   17.75   17.75
c rst  geom  svd   vs   484  159K     667  1064     0    5.43    5.43   732  2308   47K     2   17.75   17.75
c rst  geom  svd   vs   485  160K     667  1064     0    5.43    5.43   778  2174   47K     2   17.76   17.76
c [distill-long-red0] cls tried: 90/90 T: 0.02 T-out: N T-r: 99.95%
c [distill-long-red1] cls tried: 411/574 T: 0.11 T-out: Y T-r: -0.31%
c rst  geom  svd   vs   486  161K     667  1064     0    5.43    5.43   778  2175   48K     2   17.77   17.77
c [impl-str] lit bin: 0 set-var: 0 T: 0.00 T-out: N T-r: 99.97% w-visit: 1344
c [impl-sub] bin: 0 T: 0.00 T-out: N w-visit: 1344
c rst  geom  svd   vs   487  161K     667  1064     0    5.43    5.43   778  2176   49K     2   17.78   17.78
c rst  geom  svd   vs   488  162K     667  1064     0    5.43    5.43   778  2180   49K     2   17.79   17.79
c rst  geom  svd   vs   489  163K     667  1064     0    5.43    5.43   778  2181   50K     2   17.78   17.78
c [full-probe]  bin_only: 0 set: 0 repl: 0 T: 0.00 T-out: N T-r: 99.12%
c rst  geom  svd   vs   490  164K     667  1064     0    5.43    5.43   778  2185   51K     2   17.79   17.79
c rst  geom  svd   vs   491  165K     667  1064     0    5.43    5.43   788  2465   38K     2   17.62   17.62
c rst  geom best   vs   492  166K     667  1064     0    5.43    5.43   789  2472   39K     2   17.63   17.63
c rst  geom best   vs   493  167K     667  1064     0    5.43    5.43   789  2483   40K     2   17.64   17.64
c rst  geom best   vs   494  169K     667  1064     0    5.43    5.43   789  2496   42K     2   17.61   17.61
c rst  geom best   vs   495  170K     667  1064     0    5.43    5.43   856  2382   43K     2   17.62   17.62
c rst  geom best   vs   496  172K     667  1064     0    5.43    5.43   856  2388   45K     2   17.62   17.62
c rst  geom  stb   vs   497  174K     667  1064     0    5.43    5.43   856  2399   47K     2   17.63   17.63
c rst  geom  stb   vs   498  176K     667  1064     0    5.43    5.43   856  2423   49K     2   17.65   17.65
c [branch] adjusting to: vmtf (from: vsids) var_decay:0.95 descr: VMTF
c [distill-long-red0] cls tried: 33/33 T: 0.01 T-out: N T-r: 99.98%
c [distill-long-red1] cls tried: 439/515 T: 0.14 T-out: Y T-r: -0.08%
c [distill-bin] useful: 0/0/0 lits-rem: 0 cl-rem: 0 0-depth-assigns: 0 T: 0.00 T-out: N
c rst  luby  stb  vmt   499  176K     667  1064     0    5.43    5.43   856  2424   49K     2   17.66   17.66
c rst  luby  stb  vmt   500  176K     667  1064     0    5.43    5.43   856  2425   49K     2   17.66   17.66
c rst  luby  stb  vmt   501  176K     667  1064     0    5.43    5.43   856  2426   49K     2   17.67   17.67
c rst  luby  stb  vmt   502  177K     667  1064     0    5.43    5.43   856  2427   49K     2   17.67   17.67
c rst  luby  stb  vmt   503  177K     667  1064     0    5.43    5.43   856  2427   49K     2   17.67   17.67
c rst  luby  stb  vmt   504  177K     667  1064     0    5.43    5.43   856  2427   50K     2   17.68   17.68
c rst  luby  stb  vmt   505  177K     667  1064     0    5.43    5.43   856  2428   50K     2   17.69   17.69
c rst  luby  stb  vmt   506  177K     667  1064     0    5.43    5.43   856  2430   50K     2   17.69   17.69
c rst  luby  stb  vmt   507  177K     667  1064     0    5.43    5.43   856  2430   50K     2   17.69   17.69
c rst  luby  stb  vmt   508  178K     667  1064     0    5.43    5.43   856  2430   50K     2   17.70   17.70
c rst  luby  stb  vmt   509  178K     667  1064     0    5.43    5.43   856  2430   51K     2   17.70   17.70
c [distill] watch-based irred--  cl tried     2128 cl-sh     0 cl-rem    0 lit-rem      0 T: 0.01 T-out: N
c [distill] watch-based   red--  cl tried     1712 cl-sh     1 cl-rem    0 lit-rem      1 T: 0.02 T-out: N
c rst  luby  stb  vmt   510  178K     667  1064     0    5.43    5.43   856  2430   51K     2   17.71   17.71
c rst  luby  stb  vmt   511  178K     667  1064     0    5.43    5.43   856  2432   51K     2   17.71   17.71
c rst  luby  stb  vmt   512  178K     667  1064     0    5.43    5.43   856  2433   51K     2   17.73   17.73
c rst  luby  stb  vmt   513  179K     667  1064     0    5.43    5.43   856  2437   52K     2   17.74   17.74
c rst  luby ibes  vmt   514  179K     667  1064     0    5.43    5.43   856  2439   52K     2   17.74   17.74
c rst  luby ibes  vmt   515  179K     667  1064     0    5.43    5.43   856  2439   52K     2   17.74   17.74
c rst  luby ibes  vmt   516  180K     667  1064     0    5.43    5.43   938  2650   38K     2   17.52   17.52
c rst  luby ibes  vmt   517  180K     667  1064     0    5.43    5.43   938  2650   38K     2   17.53   17.53
c rst  luby ibes  vmt   518  180K     667  1064     0    5.43    5.43   938  2650   38K     2   17.53   17.53
c rst  luby ibes  vmt   519  180K     667  1064     0    5.43    5.43   938  2651   38K     2   17.55   17.55
c rst  luby ibes  vmt   520  180K     667  1064     0    5.43    5.43   938  2663   38K     2   17.55   17.54
c rst  luby ibes  vmt   521  181K     667  1064     0    5.43    5.43   938  2664   38K     2   17.54   17.54
c rst  luby ibes  vmt   522  181K     667  1064     0    5.43    5.43   938  2665   39K     2   17.54   17.54
c rst  luby ibes  vmt   523  181K     667  1064     0    5.43    5.43   938  2670   39K     2   17.54   17.54
c rst  luby ibes  vmt   524  181K     667  1064     0    5.43    5.43   938  2670   39K     2   17.54   17.54
c rst  luby ibes  vmt   525  181K     667  1064     0    5.43    5.43   938  2670   39K     2   17.55   17.55
c rst  luby ibes  vmt   526  181K     667  1064     0    5.43    5.43   939  2674   39K     2   17.54   17.54
c rst  luby ibes  vmt   527  182K     667  1064     0    5.43    5.43   939  2675   40K     2   17.54   17.54
c rst  luby ibes  vmt   528  182K     667  1064     0    5.43    5.43   939  2677   40K     2   17.54   17.54
c rst  luby ibes  vmt   529  184K     667  1064     0    5.43    5.43   939  2684   42K     2   17.54   17.54
c [full-probe]  bin_only: 1 set: 0 repl: 0 T: 0.00 T-out: N T-r: 99.96%
c rst  luby ibes  vmt   530  184K     667  1064     0    5.43    5.43   939  2685   42K     2   17.54   17.54
c rst  luby ibes  vmt   531  184K     667  1064     0    5.43    5.43   939  2686   42K     2   17.54   17.54
c rst  luby ibes  vmt   532  184K     667  1064     0    5.43    5.43   939  2688   42K     2   17.53   17.53
c rst  luby ibes  vmt   533  185K     667  1064     0    5.43    5.43   939  2688   42K     2   17.53   17.53
c rst  luby ibes  vmt   534  185K     667  1064     0    5.43    5.43   939  2688   43K     2   17.53   17.53
c rst  luby ibes  vmt   535  185K     667  1064     0    5.43    5.43   939  2689   43K     2   17.53   17.53
c rst  luby ibes  vmt   536  185K     667  1064     0    5.43    5.43   939  2693   43K     2   17.54   17.53
c rst  luby ibes  vmt   537  185K     667  1064     0    5.43    5.43   939  2693   43K     2   17.54   17.54
c rst  luby ibes  vmt   538  185K     667  1064     0    5.43    5.43   939  2694   43K     2   17.54   17.54
c rst  luby ibes  vmt   539  186K     667  1064     0    5.43    5.43   940  2697   43K     2   17.54   17.54
c rst  luby ibes  vmt   540  186K     667  1064     0    5.43    5.43   940  2698   44K     2   17.54   17.54
c rst  luby ibes  vmt   541  186K     667  1064     0    5.43    5.43   940  2699   44K     2   17.54   17.54
c rst  luby ibes  vmt   542  186K     667  1064     0    5.43    5.43   940  2701   44K     2   17.54   17.54
c rst  luby  svd  vmt   543  186K     667  1064     0    5.43    5.43   940  2709   44K     2   17.55   17.55
c rst  luby  svd  vmt   544  187K     667  1064     0    5.43    5.43   940  2710   45K     2   17.56   17.56
c rst  luby  svd  vmt   545  187K     667  1064     0    5.43    5.43   940  2711   45K     2   17.56   17.56
c rst  luby  svd  vmt   546  187K     667  1064     0    5.43    5.43   940  2711   45K     2   17.57   17.56
c rst  luby  svd  vmt   547  188K     667  1064     0    5.43    5.43   940  2713   45K     2   17.58   17.58
c rst  luby  svd  vmt   548  188K     667  1064     0    5.43    5.43   940  2715   46K     2   17.58   17.58
c rst  luby  svd  vmt   549  188K     667  1064     0    5.43    5.43   940  2716   46K     2   17.58   17.58
c rst  luby  svd  vmt   550  188K     667  1064     0    5.43    5.43   940  2717   46K     2   17.58   17.58
c rst  luby  svd  vmt   551  188K     667  1064     0    5.43    5.43   940  2720   46K     2   17.59   17.59
c rst  luby  svd  vmt   552  189K     667  1064     0    5.43    5.43   940  2722   46K     2   17.60   17.60
c rst  luby  svd  vmt   553  189K     667  1064     0    5.43    5.43   940  2722   46K     2   17.60   17.60
c rst  luby  svd  vmt   554  189K     667  1064     0    5.43    5.43   940  2724   47K     2   17.61   17.61
c rst  luby  svd  vmt   555  189K     667  1064     0    5.43    5.43   940  2724   47K     2   17.62   17.62
c rst  luby  svd  vmt   556  189K     667  1064     0    5.43    5.43   940  2726   47K     2   17.62   17.62
c rst  luby  svd  vmt   557  189K     667  1064     0    5.43    5.43   940  2726   47K     2   17.63   17.63
c rst  luby  svd  vmt   558  190K     667  1064     0    5.43    5.43  1036  2513   48K     2   17.65   17.65
c rst  luby  svd  vmt   559  191K     667  1064     0    5.43    5.43  1036  2526   48K     2   17.64   17.64
c rst  luby  svd  vmt   560  192K     667  1064     0    5.43    5.43  1036  2538   50K     2   17.65   17.64
c [distill-long-red0] cls tried: 86/86 T: 0.02 T-out: N T-r: 99.96%
c [distill-long-red1] cls tried: 445/483 T: 0.12 T-out: Y T-r: -0.33%
c rst  luby  svd  vmt   561  195K     667  1064     0    5.43    5.43  1059  3001   38K     2   17.34   17.34
c rst  geom best  vmt   562  195K     667  1064     0    5.43    5.43  1059  3006   38K     2   17.34   17.34
c rst  geom best  vmt   563  196K     667  1064     0    5.43    5.43  1059  3006   39K     2   17.35   17.35
c rst  geom best  vmt   564  196K     667  1064     0    5.43    5.43  1059  3006   39K     2   17.36   17.36
c rst  geom best  vmt   565  196K     667  1064     0    5.43    5.43  1059  3006   39K     2   17.37   17.37
c rst  geom best  vmt   566  196K     667  1064     0    5.43    5.43  1059  3006   39K     2   17.37   17.37
c rst  geom best  vmt   567  196K     667  1064     0    5.43    5.43  1059  3008   39K     2   17.38   17.37
c [distill-bin] useful: 0/0/0 lits-rem: 0 cl-rem: 0 0-depth-assigns: 0 T: 0.00 T-out: N
c rst  geom best  vmt   568  196K     667  1064     0    5.43    5.43  1059  3010   39K     2   17.38   17.38
c rst  geom best  vmt   569  197K     667  1064     0    5.43    5.43  1059  3014   40K     2   17.38   17.38
c rst  geom best  vmt   570  197K     667  1064     0    5.43    5.43  1059  3015   40K     2   17.39   17.39
c rst  geom best  vmt   571  197K     667  1064     0    5.43    5.43  1059  3017   40K     2   17.38   17.38
c rst  geom best  vmt   572  197K     667  1064     0    5.43    5.43  1059  3018   40K     2   17.39   17.39
c [branch] adjusting to: vsids (from: vmtf) var_decay:0.95 descr: VSIDS
c rst  geom best   vs   573  197K     667  1064     0    5.43    5.43  1059  3019   40K     2   17.39   17.39
c rst  geom best   vs   574  198K     667  1064     0    5.43    5.43  1059  3021   41K     2   17.39   17.39
c rst  geom best   vs   575  198K     667  1064     0    5.43    5.43  1059  3021   41K     2   17.40   17.40
c rst  geom best   vs   576  198K     667  1064     0    5.43    5.43  1059  3022   41K     2   17.39   17.39
c rst  geom best   vs   577  198K     667  1064     0    5.43    5.43  1059  3022   41K     2   17.39   17.39
c rst  geom best   vs   578  198K     667  1064     0    5.43    5.43  1059  3022   41K     2   17.40   17.40
c rst  geom best   vs   579  198K     667  1064     0    5.43    5.43  1059  3022   41K     2   17.41   17.41
c rst  geom best   vs   580  199K     667  1064     0    5.43    5.43  1059  3023   42K     2   17.41   17.41
c rst  geom best   vs   581  199K     667  1064     0    5.43    5.43  1059  3025   42K     2   17.41   17.41
c rst  geom best   vs   582  199K     667  1064     0    5.43    5.43  1059  3025   42K     2   17.42   17.42
c rst  geom best   vs   583  199K     667  1064     0    5.43    5.43  1059  3025   42K     2   17.42   17.42
c rst  geom best   vs   584  200K     667  1064     0    5.43    5.43  1136  2841   43K     2   17.42   17.42
c rst  geom best   vs   585  200K     667  1064     0    5.43    5.43  1136  2843   43K     2   17.42   17.42
c rst  geom best   vs   586  200K     667  1064     0    5.43    5.43  1136  2845   43K     2   17.43   17.43
c rst  geom best   vs   587  201K     667  1064     0    5.43    5.43  1137  2847   44K     2   17.43   17.43
c rst  geom best   vs   588  201K     667  1064     0    5.43    5.43  1137  2847   44K     2   17.43   17.43
c rst  geom best   vs   589  202K     667  1064     0    5.43    5.43  1137  2848   45K     2   17.42   17.42
c rst  geom best   vs   590  202K     667  1064     0    5.43    5.43  1137  2851   45K     2   17.43   17.43
c rst  geom best   vs   591  203K     667  1064     0    5.43    5.43  1137  2853   46K     2   17.43   17.43
c [distill] watch-based irred--  cl tried     2128 cl-sh     0 cl-rem    0 lit-rem      0 T: 0.01 T-out: N
c [distill] watch-based   red--  cl tried     2274 cl-sh     0 cl-rem    0 lit-rem      0 T: 0.02 T-out: N
c rst  geom  stb   vs   592  204K     667  1064     0    5.43    5.43  1137  2857   47K     2   17.45   17.45
c rst  geom  stb   vs   593  204K     667  1064     0    5.43    5.43  1137  2862   47K     2   17.47   17.47
c [full-probe]  bin_only: 0 set: 0 repl: 0 T: 0.00 T-out: N T-r: 99.16%
c rst  geom  stb   vs   594  205K     667  1064     0    5.43    5.43  1137  2867   48K     2   17.48   17.48
c rst  geom  stb   vs   595  206K     667  1064     0    5.43    5.43  1138  2872   49K     2   17.49   17.49
c rst  geom  stb   vs   596  207K     667  1064     0    5.43    5.43  1139  2885   50K     2   17.50   17.50
c rst  geom  stb   vs   597  208K     667  1064     0    5.43    5.43  1139  2890   51K     2   17.51   17.51
c [distill-long-red0] cls tried: 52/52 T: 0.02 T-out: N T-r: 99.97%
c [distill-long-red1] cls tried: 399/529 T: 0.13 T-out: Y T-r: -0.35%
c rst  geom  stb   vs   598  209K     667  1064     0    5.43    5.43  1139  2900   52K     2   17.53   17.53
c rst  geom  stb   vs   599  210K     667  1064     0    5.43    5.43  1273  2967   38K     2   17.32   17.32
c rst  geom ibes   vs   600  212K     667  1064     0    5.43    5.43  1273  2981   40K     2   17.32   17.32
c rst  geom ibes   vs   601  213K     667  1064     0    5.43    5.43  1273  2984   41K     2   17.33   17.33
c rst  geom ibes   vs   602  215K     667  1064     0    5.43    5.43  1273  3003   43K     2   17.31   17.31
c rst  geom ibes   vs   603  217K     667  1064     0    5.43    5.43  1273  3008   45K     2   17.27   17.27
c [distill-bin] useful: 0/0/0 lits-rem: 0 cl-rem: 0 0-depth-assigns: 0 T: 0.00 T-out: N
c rst  geom ibes   vs   604  219K     667  1064     0    5.43    5.43  1273  3018   47K     2   17.24   17.24
c rst  geom  svd   vs   605  221K     667  1064     0    5.43    5.43  1332  2836   49K     2   17.23   17.23
c [impl-str] lit bin: 0 set-var: 0 T: 0.00 T-out: N T-r: 99.97% w-visit: 1344
c [impl-sub] bin: 0 T: 0.00 T-out: N w-visit: 1344
c rst  geom  svd   vs   606  224K     667  1064     0    5.43    5.43  1332  2843   52K     2   17.26   17.26
c [branch] adjusting to: vmtf (from: vsids) var_decay:0.95 descr: VMTF
c [distill-long-red0] cls tried: 67/67 T: 0.01 T-out: N T-r: 99.96%
c [distill-long-red1] cls tried: 394/451 T: 0.13 T-out: Y T-r: -0.31%
c rst  luby  svd  vmt   607  224K     667  1064     0    5.43    5.43  1332  2844   52K     2   17.26   17.26
c rst  luby  svd  vmt   608  224K     667  1064     0    5.43    5.43  1332  2846   52K     2   17.26   17.26
c rst  luby  svd  vmt   609  224K     667  1064     0    5.43    5.43  1332  2847   52K     2   17.27   17.27
c rst  luby  svd  vmt   610  224K     667  1064     0    5.43    5.43  1332  2847   52K     2   17.27   17.27
c rst  luby  svd  vmt   611  224K     667  1064     0    5.43    5.43  1332  2848   52K     2   17.28   17.28
c [full-probe]  bin_only: 1 set: 0 repl: 0 T: 0.00 T-out: N T-r: 99.95%
c rst  luby  svd  vmt   612  225K     667  1064     0    5.43    5.43  1332  2848   53K     2   17.28   17.28
c rst  luby  svd  vmt   613  225K     667  1064     0    5.43    5.43  1342  3127   38K     2   16.93   16.93
c rst  luby  svd  vmt   614  225K     667  1064     0    5.43    5.43  1342  3127   38K     2   16.94   16.94
c rst  luby  svd  vmt   615  225K     667  1064     0    5.43    5.43  1342  3133   38K     2   16.94   16.94
c rst  luby  svd  vmt   616  225K     667  1064     0    5.43    5.43  1342  3133   39K     2   16.95   16.95
c rst  luby  svd  vmt   617  225K     667  1064     0    5.43    5.43  1342  3133   39K     2   16.96   16.96
c rst  luby  svd  vmt   618  226K     667  1064     0    5.43    5.43  1342  3133   39K     2   16.97   16.97
c rst  luby  svd  vmt   619  226K     667  1064     0    5.43    5.43  1342  3133   39K     2   16.97   16.97
c rst  luby  svd  vmt   620  226K     667  1064     0    5.43    5.43  1342  3135   39K     2   17.00   17.00
c rst  luby  svd  vmt   621  227K     667  1064     0    5.43    5.43  1342  3146   40K     2   17.03   17.03
c rst  geom best  vmt   622  227K     667  1064     0    5.43    5.43  1342  3146   40K     2   17.03   17.03
c rst  geom best  vmt   623  227K     667  1064     0    5.43    5.43  1342  3147   40K     2   17.03   17.03
c rst  geom best  vmt   624  227K     667  1064     0    5.43    5.43  1342  3151   41K     2   17.03   17.03
c rst  geom best  vmt   625  227K     667  1064     0    5.43    5.43  1342  3152   41K     2   17.04   17.04
c rst  geom best  vmt   626  228K     667  1064     0    5.43    5.43  1342  3153   41K     2   17.04   17.04
c rst  geom best  vmt   627  228K     667  1064     0    5.43    5.43  1343  3155   41K     2   17.04   17.04
c rst  geom best  vmt   628  228K     667  1064     0    5.43    5.43  1343  3157   41K     2   17.05   17.05
c [distill] watch-based irred--  cl tried     2128 cl-sh     0 cl-rem    0 lit-rem      0 T: 0.01 T-out: N
c [distill] watch-based   red--  cl tried     2686 cl-sh     0 cl-rem    0 lit-rem      0 T: 0.03 T-out: N
c rst  geom best  vmt   629  228K     667  1064     0    5.43    5.43  1343  3159   41K     2   17.05   17.05
c rst  geom best  vmt   630  228K     667  1064     0    5.43    5.43  1343  3162   42K     2   17.05   17.05
c rst  geom best  vmt   631  229K     667  1064     0    5.43    5.43  1343  3164   42K     2   17.05   17.05
c rst  geom best  vmt   632  229K     667  1064     0    5.43    5.43  1343  3165   42K     2   17.06   17.06
c rst  geom best  vmt   633  229K     667  1064     0    5.43    5.43  1343  3166   43K     2   17.09   17.09
c rst  geom best  vmt   634  230K     667  1064     0    5.43    5.43  1432  2993   43K     2   17.09   17.09
c rst  geom best  vmt   635  230K     667  1064     0    5.43    5.43  1432  2993   43K     2   17.10   17.10
c rst  geom best  vmt   636  230K     667  1064     0    5.43    5.43  1432  2996   44K     2   17.11   17.10
c rst  geom best  vmt   637  231K     667  1064     0    5.43    5.43  1432  3003   44K     2   17.10   17.10
c rst  geom best  vmt   638  231K     667  1064     0    5.43    5.43  1432  3005   45K     2   17.11   17.11
c rst  geom best  vmt   639  232K     667  1064     0    5.43    5.43  1432  3012   45K     2   17.11   17.11
c rst  geom best  vmt   640  232K     667  1064     0    5.43    5.43  1432  3014   46K     2   17.12   17.12
c rst  geom best  vmt   641  233K     667  1064     0    5.43    5.43  1432  3016   47K     2   17.13   17.13
c rst  geom best  vmt   642  234K     667  1064     0    5.43    5.43  1432  3024   47K     2   17.13   17.13
c rst  geom best  vmt   643  235K     667  1064     0    5.43    5.43  1432  3037   48K     2   17.12   17.12
c rst  geom  stb  vmt   644  236K     667  1064     0    5.43    5.43  1432  3044   49K     2   17.15   17.15
c rst  geom  stb  vmt   645  236K     667  1064     0    5.43    5.43  1432  3050   50K     2   17.15   17.15
c rst  geom  stb  vmt   646  238K     667  1064     0    5.43    5.43  1433  3086   51K     2   17.16   17.16
c [distill-bin] useful: 0/0/0 lits-rem: 0 cl-rem: 0 0-depth-assigns: 0 T: 0.00 T-out: N
c rst  geom  stb  vmt   647  239K     667  1064     0    5.43    5.43  1434  3110   52K     2   17.16   17.16
c [distill-long-red0] cls tried: 38/38 T: 0.02 T-out: N T-r: 99.97%
c [distill-long-red1] cls tried: 419/451 T: 0.12 T-out: Y T-r: -0.13%
c rst  geom  stb  vmt   648  240K     667  1064     0    5.43    5.43  1654  3317   38K     2   16.80   16.80
c rst  geom  stb  vmt   649  241K     667  1064     0    5.43    5.43  1654  3346   39K     2   16.83   16.83
c rst  geom  stb  vmt   650  243K     667  1064     0    5.43    5.43  1655  3355   41K     2   16.90   16.90
c rst  geom ibes  vmt   651  244K     667  1064     0    5.43    5.43  1656  3360   42K     2   16.91   16.91
c ecursive minimization cost OK: 371Kcost/(% lits removed)
c [g 0] truth-find prop checks  : 7759K
c [g 0] -> of which prop        : 76.21 %
c [g 0] -> of which confl       :  0.55 %
c [g 0] elim called             : 61K
c [g 0] ---> which lead to prop : 1171.10 %
c [g 0] ---> which lead to confl:  4.90 %
c [g 0] size: 627   x 666  
c --> Executing strategy token: scc-vrepl
c [scc] new: 0 BP 0M T: 0.00
c [vrep] vars 0 lits 0 rem-bin-cls 0 rem-long-cls 0 BP 0M T: 0.00
c --> Executing strategy token: sub-impl
c [impl-sub] bin: 0 T: 0.00 T-out: N w-visit: 1344
c --> Executing strategy token: breakid
c Executing OCC strategy token(s): 'occ-backw-sub-str,occ-clean-implicit,occ-bve,occ-bva,occ-ternary-res,occ-xor,
c [occ] mem usage for occur 0      MB
c [occ] Linked in IRRED BIN by default: 0
c [occ] Linked in RED   BIN by default: 2
c [occ] mem usage for occur 0      MB
c Mem for watch alloc      : 6           MB (0.00      %)
c Mem for watch array      : 0           MB (0.00      %)
c Executing OCC strategy token: occ-backw-sub-str
c [occ-backw-sub-str-long-w-bins] subs: 0 str: 1 tried: 130 0-depth ass: 0 T: 0.00 T-out: N T-r: 100.00%
c [occ-backw-sub-long-w-long] rem cl: 262 tried: 48193/48193 (100.0%) T: 0.01 T-out: N T-r: 96.27%
c [occ-backw-sub-str-long-w-long] sub: 25 str: 140 tried: 144579/48193 (300.0)  T: 0.04 T-out: N T-r: 92.19%
c Executing OCC strategy token: occ-clean-implicit
c Executing OCC strategy token: occ-bve
c [occ-empty-res] Empty resolvent elimed: 0 T: 0.00 T-out: N
c [occ-bve] iter v-elim 0
c cl_inc_rate=1.0, var_dec_rate=1.0 (grow=0)
c Reduced to 667 vars, 1064 cls (grow=0)
c [occ-bve] iter v-elim 0
c cl_inc_rate=1.0, var_dec_rate=1.0 (grow=3)
c Reduced to 667 vars, 1064 cls (grow=3)
c [occ-bve] iter v-elim 0
c cl_inc_rate=1.0, var_dec_rate=1.0 (grow=4)
c Reduced to 667 vars, 1064 cls (grow=4)
c [occ-bve] iter v-elim 0
c cl_inc_rate=1.0, var_dec_rate=1.0 (grow=6)
c Reduced to 667 vars, 1064 cls (grow=6)
c [occ-bve] iter v-elim 0
c cl_inc_rate=1.0, var_dec_rate=1.0 (grow=9)
c Reduced to 667 vars, 1064 cls (grow=9)
c [occ-bve] iter v-elim 0
c cl_inc_rate=1.0, var_dec_rate=1.0 (grow=13)
c Reduced to 667 vars, 1064 cls (grow=13)
c [occ-bve] iter v-elim 0
c cl_inc_rate=1.0, var_dec_rate=1.0 (grow=16)
c Reduced to 667 vars, 1064 cls (grow=16)
c x n vars       : 667
c #try to eliminate:     7
c #var-elim        :     0
c #T-o: N
c #T-r: 100.00%
c #T  : 0.00
c [occur] 0.02 is overhead
c [occur] link-in T: 0.02 cleanup T: 0.00
c [occ-xor-bve] elimed: 0 T: 0.00 T-out: N
c Executing OCC strategy token: occ-bva
c Executing OCC strategy token: occ-ternary-res
c [occ-ternary-res] Ternary res-tri: 0 res-bin: 0 sub: 0 str: 0 T: 0.00 T-out: N T-r: 99.87%
c Executing OCC strategy token: occ-xor
c [occ-xor] sort occur list T: 0.00
c [occ-xor] found      0 T: 0.00 T-out: N T-r: 100.00%
c --> Executing strategy token: card-find
c --> Executing strategy token: cl-consolidate
c Not consolidating memory.
c --> Executing strategy token: scc-vrepl
c [scc] new: 0 BP 0M T: 0.00
c [vrep] vars 0 lits 0 rem-bin-cls 0 rem-long-cls 0 BP 0M T: 0.01
c --> Executing strategy token: renumber
c --> Executing strategy token: louvain-comms
c [consolidate] mini T: 0.00
c global_timeout_multiplier: 3.9930
c [branch] rebuilding order heap for all branchings. Current branching: vmtf
c [gauss] clauses deleted that are represented by XORs: 0 xorclauses: 632 GJ matrices: 0 T: 0.00
c [find&init matx] performing matrix init
c [matrix] Good   matrix  0    632 x  666  density:0.0063  xorlen avg:  4.20
c [matrix] Using 1 matrices recovered from 0 xors T: 0.00 T-out: N
c rst  geom ibes  vmt   652  245K     667  1064     0    5.43    5.43  1442  3411   42K     2   16.98   16.98
c [full-probe]  bin_only: 0 set: 0 repl: 0 T: 0.00 T-out: N T-r: 99.27%
c rst  geom ibes  vmt   653  246K     667  1064     0    5.43    5.43  1442  3422   44K     2   16.99   16.99
c rst  geom ibes  vmt   654  249K     667  1064     0    5.43    5.43  1442  3438   46K     2   16.99   16.99
c rst  geom ibes  vmt   655  251K     667  1064     0    5.43    5.43  1501  3274   49K     2   17.00   17.00
c [branch] adjusting to: vsids (from: vmtf) var_decay:0.95 descr: VSIDS
c rst  geom  svd   vs   656  251K     667  1064     0    5.43    5.43  1501  3274   49K     2   17.00   17.00
c rst  geom  svd   vs   657  251K     667  1064     0    5.43    5.43  1501  3275   49K     2   17.00   17.00
c rst  geom  svd   vs   658  251K     667  1064     0    5.43    5.43  1501  3275   49K     2   17.01   17.01
c rst  geom  svd   vs   659  251K     667  1064     0    5.43    5.43  1501  3277   49K     2   17.02   17.02
c rst  geom  svd   vs   660  251K     667  1064     0    5.43    5.43  1501  3277   49K     2   17.03   17.03
c rst  geom  svd   vs   661  252K     667  1064     0    5.43    5.43  1501  3282   50K     2   17.03   17.03
c rst  geom  svd   vs   662  252K     667  1064     0    5.43    5.43  1501  3282   50K     2   17.04   17.04
c rst  geom  svd   vs   663  252K     667  1064     0    5.43    5.43  1501  3283   50K     2   17.05   17.05
c rst  geom  svd   vs   664  252K     667  1064     0    5.43    5.43  1501  3284   50K     2   17.06   17.05
c rst  geom  svd   vs   665  253K     667  1064     0    5.43    5.43  1501  3284   50K     2   17.06   17.06
c rst  geom  svd   vs   666  253K     667  1064     0    5.43    5.43  1502  3284   51K     2   17.07   17.07
c rst  geom  svd   vs   667  253K     667  1064     0    5.43    5.43  1502  3284   51K     2   17.08   17.08
c [distill] watch-based irred--  cl tried     2128 cl-sh     0 cl-rem    0 lit-rem      0 T: 0.02 T-out: N
c [distill] watch-based   red--  cl tried     2912 cl-sh     0 cl-rem    0 lit-rem      0 T: 0.04 T-out: Y
c rst  geom  svd   vs   668  253K     667  1064     0    5.43    5.43  1502  3286   51K     2   17.08   17.08
c rst  geom  svd   vs   669  254K     667  1064     0    5.43    5.43  1503  3289   52K     2   17.08   17.08
c [distill-long-red0] cls tried: 95/95 T: 0.03 T-out: N T-r: 99.94%
c [distill-long-red1] cls tried: 286/665 T: 0.11 T-out: Y T-r: -0.29%
c rst  geom  svd   vs   670  254K     667  1064     0    5.43    5.43  1503  3289   52K     2   17.09   17.09
c rst  geom  svd   vs   671  255K     667  1064     0    5.43    5.43  1517  3513   38K     2   16.88   16.88
c rst  geom  svd   vs   672  255K     667  1064     0    5.43    5.43  1517  3517   38K     2   16.88   16.88
c rst  geom  svd   vs   673  256K     667  1064     0    5.43    5.43  1517  3517   39K     2   16.89   16.89
c rst  geom  svd   vs   674  256K     667  1064     0    5.43    5.43  1517  3517   39K     2   16.91   16.91
c rst  geom  svd   vs   675  257K     667  1064     0    5.43    5.43  1517  3518   40K     2   16.92   16.92
c rst  geom  svd   vs   676  258K     667  1064     0    5.43    5.43  1517  3525   41K     2   16.92   16.92
c [distill-bin] useful: 0/0/0 lits-rem: 0 cl-rem: 0 0-depth-assigns: 0 T: 0.00 T-out: N
c rst  geom  svd   vs   677  259K     667  1064     0    5.43    5.43  1517  3529   42K     2   16.93   16.93
c rst  geom best   vs   678  259K     667  1064     0    5.43    5.43  1517  3543   42K     2   16.93   16.93
c rst  geom best   vs   679  260K     667  1064     0    5.43    5.43  1583  3341   44K     2   16.93   16.93
c rst  geom best   vs   680  261K     667  1064     0    5.43    5.43  1583  3349   45K     2   16.91   16.91
c rst  geom best   vs   681  263K     667  1064     0    5.43    5.43  1583  3359   46K     2   16.87   16.87
c rst  geom best   vs   682  264K     667  1064     0    5.43    5.43  1583  3372   47K     2   16.88   16.87
c rst  geom best   vs   683  265K     667  1064     0    5.43    5.43  1583  3387   48K     2   16.89   16.89
c [full-probe]  bin_only: 1 set: 0 repl: 0 T: 0.00 T-out: N T-r: 99.96%
c rst  geom best   vs   684  267K     667  1064     0    5.43    5.43  1583  3406   50K     2   16.90   16.90
c rst  geom  stb   vs   685  268K     667  1064     0    5.43    5.43  1583  3417   52K     2   16.89   16.89
c rst  geom  stb   vs   686  270K     667  1064     0    5.43    5.43  1706  3558   38K     2   16.57   16.57
c [distill-long-red0] cls tried: 107/107 T: 0.01 T-out: N T-r: 99.96%
c [distill-long-red1] cls tried: 475/985 T: 0.14 T-out: Y T-r: -0.34%
c rst  geom  stb   vs   687  272K     667  1064     0    5.43    5.43  1706  3571   40K     2   16.60   16.60
c rst  geom  stb   vs   688  275K     667  1064     0    5.43    5.43  1706  3582   43K     2   16.58   16.58
c rst  geom ibes   vs   689  277K     667  1064     0    5.43    5.43  1706  3585   45K     2   16.54   16.54
c rst  geom ibes   vs   690  280K     667  1064     0    5.43    5.43  1764  3384   48K     2   16.54   16.53
c [distill-bin] useful: 0/0/0 lits-rem: 0 cl-rem: 0 0-depth-assigns: 0 T: 0.00 T-out: N
c [distill] watch-based irred--  cl tried     2128 cl-sh     0 cl-rem    0 lit-rem      0 T: 0.01 T-out: N
c [distill] watch-based   red--  cl tried     3528 cl-sh     0 cl-rem    0 lit-rem      0 T: 0.04 T-out: N
c rst  geom ibes   vs   691  283K     667  1064     0    5.43    5.43  1764  3397   51K     2   16.50   16.50
c [branch] adjusting to: vmtf (from: vsids) var_decay:0.95 descr: VMTF
c [impl-str] lit bin: 0 set-var: 0 T: 0.00 T-out: N T-r: 99.97% w-visit: 1344
c [impl-sub] bin: 0 T: 0.00 T-out: N w-visit: 1344
c rst  luby  svd  vmt   692  283K     667  1064     0    5.43    5.43  1764  3400   51K     2   16.51   16.51
c rst  luby  svd  vmt   693  283K     667  1064     0    5.43    5.43  1764  3400   51K     2   16.51   16.51
c rst  luby  svd  vmt   694  283K     667  1064     0    5.43    5.43  1764  3403   51K     2   16.52   16.52
c rst  luby  svd  vmt   695  283K     667  1064     0    5.43    5.43  1764  3405   52K     2   16.52   16.52
c rst  luby  svd  vmt   696  283K     667  1064     0    5.43    5.43  1764  3405   52K     2   16.52   16.52
c rst  luby  svd  vmt   697  284K     667  1064     0    5.43    5.43  1764  3407   52K     2   16.52   16.52
c rst  luby  svd  vmt   698  284K     667  1064     0    5.43    5.43  1764  3413   52K     2   16.53   16.53
c rst  luby  svd  vmt   699  284K     667  1064     0    5.43    5.43  1764  3413   52K     2   16.54   16.53
c rst  luby  svd  vmt   700  284K     667  1064     0    5.43    5.43  1764  3413   52K     2   16.54   16.54
c rst  luby  svd  vmt   701  284K     667  1064     0    5.43    5.43  1764  3413   53K     2   16.55   16.55
c rst  luby  svd  vmt   702  285K     667  1064     0    5.43    5.43  1768  3701   38K     2   16.09   16.09
c rst  luby  svd  vmt   703  285K     667  1064     0    5.43    5.43  1768  3702   38K     2   16.09   16.09
c rst  luby  svd  vmt   704  285K     667  1064     0    5.43    5.43  1768  3705   38K     2   16.10   16.10
c rst  luby  svd  vmt   705  285K     667  1064     0    5.43    5.43  1768  3707   39K     2   16.12   16.12
c [full-probe]  bin_only: 0 set: 0 repl: 0 T: 0.00 T-out: N T-r: 99.34%
c rst  luby  svd  vmt   706  286K     667  1064     0    5.43    5.43  1768  3712   39K     2   16.14   16.14
c [distill-long-red0] cls tried: 40/40 T: 0.01 T-out: N T-r: 99.98%
c [distill-long-red1] cls tried: 489/825 T: 0.14 T-out: Y T-r: -0.20%
c rst  luby  svd  vmt   707  286K     667  1064     0    5.43    5.43  1768  3712   40K     2   16.15   16.15
c rst  luby  svd  vmt   708  286K     667  1064     0    5.43    5.43  1768  3718   40K     2   16.15   16.15
c rst  luby  svd  vmt   709  286K     667  1064     0    5.43    5.43  1768  3720   40K     2   16.16   16.15
c rst  luby  svd  vmt   710  287K     667  1064     0    5.43    5.43  1768  3722   40K     2   16.16   16.16
c rst  luby  svd  vmt   711  287K     667  1064     0    5.43    5.43  1768  3722   40K     2   16.17   16.17
c rst  luby  svd  vmt   712  287K     667  1064     0    5.43    5.43  1768  3722   40K     2   16.18   16.18
c rst  luby  svd  vmt   713  287K     667  1064     0    5.43    5.43  1768  3729   41K     2   16.19   16.19
c rst  luby  svd  vmt   714  287K     667  1064     0    5.43    5.43  1768  3729   41K     2   16.20   16.20
c rst  luby  svd  vmt   715  287K     667  1064     0    5.43    5.43  1768  3729   41K     2   16.21   16.21
c rst  luby  svd  vmt   716  288K     667  1064     0    5.43    5.43  1768  3731   41K     2   16.22   16.22
c rst  luby  svd  vmt   717  288K     667  1064     0    5.43    5.43  1768  3732   41K     2   16.22   16.22
c rst  luby  svd  vmt   718  288K     667  1064     0    5.43    5.43  1768  3732   41K     2   16.23   16.23
c rst  luby  svd  vmt   719  288K     667  1064     0    5.43    5.43  1768  3733   41K     2   16.24   16.24
c rst  luby  svd  vmt   720  288K     667  1064     0    5.43    5.43  1768  3733   42K     2   16.24   16.24
c rst  luby  svd  vmt   721  289K     667  1064     0    5.43    5.43  1768  3749   43K     2   16.28   16.28
c rst  luby  svd  vmt   722  291K     667  1064     0    5.43    5.43  1880  3525   44K     2   16.35   16.35
c rst  geom best  vmt   723  291K     667  1064     0    5.43    5.43  1880  3526   44K     2   16.36   16.36
c rst  geom best  vmt   724  291K     667  1064     0    5.43    5.43  1880  3529   45K     2   16.36   16.36
c rst  geom best  vmt   725  291K     667  1064     0    5.43    5.43  1880  3531   45K     2   16.36   16.36
c rst  geom best  vmt   726  291K     667  1064     0    5.43    5.43  1880  3534   45K     2   16.37   16.37
c rst  geom best  vmt   727  292K     667  1064     0    5.43    5.43  1880  3538   45K     2   16.37   16.37
c rst  geom best  vmt   728  292K     667  1064     0    5.43    5.43  1880  3539   45K     2   16.37   16.37
c rst  geom best  vmt   729  292K     667  1064     0    5.43    5.43  1880  3539   45K     2   16.38   16.37
c rst  geom best  vmt   730  292K     667  1064     0    5.43    5.43  1880  3539   46K     2   16.37   16.37
c rst  geom best  vmt   731  292K     667  1064     0    5.43    5.43  1880  3542   46K     2   16.38   16.38
c rst  geom best  vmt   732  293K     667  1064     0    5.43    5.43  1880  3546   46K     2   16.38   16.38
c rst  geom best  vmt   733  293K     667  1064     0    5.43    5.43  1880  3546   46K     2   16.39   16.39
c rst  geom best  vmt   734  293K     667  1064     0    5.43    5.43  1880  3547   47K     2   16.39   16.39
c rst  geom best  vmt   735  294K     667  1064     0    5.43    5.43  1880  3553   47K     2   16.39   16.39
c rst  geom best  vmt   736  294K     667  1064     0    5.43    5.43  1880  3565   47K     2   16.39   16.39
c rst  geom best  vmt   737  294K     667  1064     0    5.43    5.43  1880  3567   48K     2   16.40   16.40
c rst  geom best  vmt   738  295K     667  1064     0    5.43    5.43  1880  3573   48K     2   16.41   16.41
c rst  geom best  vmt   739  295K     667  1064     0    5.43    5.43  1880  3576   49K     2   16.42   16.42
c rst  geom best  vmt   740  296K     667  1064     0    5.43    5.43  1880  3581   49K     2   16.44   16.44
c rst  geom best  vmt   741  296K     667  1064     0    5.43    5.43  1880  3591   50K     2   16.44   16.44
c rst  geom best  vmt   742  297K     667  1064     0    5.43    5.43  1880  3598   50K     2   16.45   16.45
c rst  geom best  vmt   743  298K     667  1064     0    5.43    5.43  1880  3613   51K     2   16.45   16.45
c rst  geom best  vmt   744  299K     667  1064     0    5.43    5.43  1880  3615   52K     2   16.45   16.45
c rst  geom best  vmt   745  300K     667  1064     0    5.43    5.43  1880  3619   53K     2   16.46   16.46
c rst  geom  stb  vmt   746  300K     667  1064     0    5.43    5.43  2014  3834   39K     2   16.10   16.10
c [distill-bin] useful: 0/0/0 lits-rem: 0 cl-rem: 0 0-depth-assigns: 0 T: 0.00 T-out: N
c rst  geom  stb  vmt   747  302K     667  1064     0    5.43    5.43  2014  3842   40K     2   16.13   16.13
c [distill-long-red0] cls tried: 135/135 T: 0.03 T-out: N T-r: 99.93%
c [distill-long-red1] cls tried: 491/807 T: 0.14 T-out: Y T-r: -0.14%
c rst  geom  stb  vmt   748  303K     667  1064     0    5.43    5.43  2014  3848   41K     2   16.19   16.19
c rst  geom  stb  vmt   749  304K     667  1064     0    5.43    5.43  2014  3861   42K     2   16.21   16.21
c rst  geom  stb  vmt   750  305K     667  1064     0    5.43    5.43  2014  3870   43K     2   16.27   16.27
c [full-probe]  bin_only: 1 set: 0 repl: 0 T: 0.00 T-out: N T-r: 99.96%
c [distill] watch-based irred--  cl tried     2128 cl-sh     0 cl-rem    0 lit-rem      0 T: 0.01 T-out: N
c [distill] watch-based   red--  cl tried     4028 cl-sh     0 cl-rem    0 lit-rem      0 T: 0.04 T-out: N
c rst  geom  stb  vmt   751  307K     667  1064     0    5.43    5.43  2014  3889   45K     2   16.30   16.30
c rst  geom  stb  vmt   752  309K     667  1064     0    5.43    5.43  2014  3901   47K     2   16.32   16.32
c rst  geom ibes  vmt   753  310K     667  1064     0    5.43    5.43  2125  3550   49K     2   16.34   16.34
c rst  geom ibes  vmt   754  313K     667  1064     0    5.43    5.43  2125  3556   51K     2   16.33   16.33
c rst  geom ibes  vmt   755  315K     667  1064     0    5.43    5.43  2149  3998   38K     2   16.08   16.07
c [branch] adjusting to: vsids (from: vmtf) var_decay:0.95 descr: VSIDS
c rst  geom ibes   vs   756  315K     667  1064     0    5.43    5.43  2149  3998   38K     2   16.08   16.08
c rst  geom ibes   vs   757  315K     667  1064     0    5.43    5.43  2149  3998   38K     2   16.08   16.08
c rst  geom ibes   vs   758  315K     667  1064     0    5.43    5.43  2149  3998   39K     2   16.08   16.08
c rst  geom ibes   vs   759  315K     667  1064     0    5.43    5.43  2149  3999   39K     2   16.08   16.08
c rst  geom ibes   vs   760  315K     667  1064     0    5.43    5.43  2149  3999   39K     2   16.08   16.08
c rst  geom ibes   vs   761  316K     667  1064     0    5.43    5.43  2149  3999   39K     2   16.08   16.08
c rst  geom ibes   vs   762  316K     667  1064     0    5.43    5.43  2149  4001   39K     2   16.08   16.08
c rst  geom ibes   vs   763  316K     667  1064     0    5.43    5.43  2149  4005   39K     2   16.08   16.08
c rst  geom ibes   vs   764  316K     667  1064     0    5.43    5.43  2149  4006   40K     2   16.08   16.08
c rst  geom ibes   vs   765  317K     667  1064     0    5.43    5.43  2149  4009   40K     2   16.08   16.08
c [distill-long-red0] cls tried: 75/75 T: 0.02 T-out: N T-r: 99.96%
c [distill-long-red1] cls tried: 461/773 T: 0.13 T-out: Y T-r: -0.31%
c rst  geom ibes   vs   766  317K     667  1064     0    5.43    5.43  2149  4009   40K     2   16.08   16.08
c rst  geom  svd   vs   767  317K     667  1064     0    5.43    5.43  2149  4009   41K     2   16.10   16.09
c rst  geom  svd   vs   768  317K     667  1064     0    5.43    5.43  2149  4010   41K     2   16.10   16.10
c rst  geom  svd   vs   769  318K     667  1064     0    5.43    5.43  2149  4011   41K     2   16.12   16.12
c rst  geom  svd   vs   770  318K     667  1064     0    5.43    5.43  2149  4014   42K     2   16.13   16.13
c rst  geom  svd   vs   771  319K     667  1064     0    5.43    5.43  2149  4021   42K     2   16.13   16.13
c rst  geom  svd   vs   772  319K     667  1064     0    5.43    5.43  2149  4024   43K     2   16.14   16.14
c rst  geom  svd   vs   773  320K     667  1064     0    5.43    5.43  2205  3769   43K     2   16.16   16.16
c rst  geom  svd   vs   774  320K     667  1064     0    5.43    5.43  2205  3770   44K     2   16.17   16.17
c rst  geom  svd   vs   775  321K     667  1064     0    5.43    5.43  2205  3771   45K     2   16.20   16.20
c [distill-bin] useful: 0/0/0 lits-rem: 0 cl-rem: 0 0-depth-assigns: 0 T: 0.00 T-out: N
c rst  geom  svd   vs   776  322K     667  1064     0    5.43    5.43  2205  3773   45K     2   16.23   16.23
c rst  geom  svd   vs   777  322K     667  1064     0    5.43    5.43  2205  3778   46K     2   16.24   16.24
c rst  geom  svd   vs   778  323K     667  1064     0    5.43    5.43  2205  3781   47K     2   16.25   16.25
c rst  geom  svd   vs   779  324K     667  1064     0    5.43    5.43  2205  3788   48K     2   16.25   16.25
c rst  geom  svd   vs   780  325K     667  1064     0    5.43    5.43  2205  3791   49K     2   16.26   16.26
c [full-probe]  bin_only: 0 set: 0 repl: 0 T: 0.01 T-out: N T-r: 99.19%
c rst  geom best   vs   781  327K     667  1064     0    5.43    5.43  2205  3792   50K     2   16.27   16.27
c rst  geom best   vs   782  328K     667  1064     0    5.43    5.43  2205  3795   51K     2   16.28   16.28
c rst  geom best   vs   783  329K     667  1064     0    5.43    5.43  2205  3801   53K     2   16.28   16.28
c rst  geom best   vs   784  331K     667  1064     0    5.43    5.43  2267  3944   39K     2   15.91   15.91
c [distill] watch-based irred--  cl tried     2128 cl-sh     0 cl-rem    0 lit-rem      0 T: 0.01 T-out: N
c [distill] watch-based   red--  cl tried     4482 cl-sh     0 cl-rem    0 lit-rem      0 T: 0.04 T-out: Y
c rst  geom best   vs   785  332K     667  1064     0    5.43    5.43  2267  3953   41K     2   15.90   15.90
c [distill-long-red0] cls tried: 46/46 T: 0.01 T-out: N T-r: 99.97%
c [distill-long-red1] cls tried: 502/656 T: 0.11 T-out: Y T-r: -0.21%
c rst  geom best   vs   786  334K     667  1064     0    5.43    5.43  2267  3960   43K     2   15.90   15.90
c rst  geom  stb   vs   787  336K     667  1064     0    5.43    5.43  2267  3977   45K     2   15.94   15.94
c rst  geom  stb   vs   788  339K     667  1064     0    5.43    5.43  2267  3991   47K     2   15.96   15.96
c rst  geom  stb   vs   789  341K     667  1064     0    5.43    5.43  2334  3766   50K     2   15.97   15.97
c [distill-bin] useful: 0/0/0 lits-rem: 0 cl-rem: 0 0-depth-assigns: 0 T: 0.00 T-out: N
c rst  geom  stb   vs   790  344K     667  1064     0    5.43    5.43  2334  3788   53K     2   16.01   16.01
c [impl-str] lit bin: 0 set-var: 0 T: 0.00 T-out: N T-r: 99.97% w-visit: 1344
c [impl-sub] bin: 0 T: 0.00 T-out: N w-visit: 1344
c rst  geom ibes   vs   791  347K     667  1064     0    5.43    5.43  2346  4117   41K     2   15.54   15.54
c [full-probe]  bin_only: 1 set: 0 repl: 0 T: 0.00 T-out: N T-r: 99.96%
c rst  geom ibes   vs   792  350K     667  1064     0    5.43    5.43  2414  3963   44K     2   15.55   15.55
c [distill-long-red0] cls tried: 50/50 T: 0.01 T-out: N T-r: 99.97%
c [distill-long-red1] cls tried: 439/497 T: 0.11 T-out: Y T-r: -0.18%
c rst  geom ibes   vs   793  354K     667  1064     0    5.43    5.43  2414  3984   47K     2   15.56   15.56
c [branch] adjusting to: vmtf (from: vsids) var_decay:0.95 descr: VMTF
c rst  luby  svd  vmt   794  354K     667  1064     0    5.43    5.43  2414  3985   48K     2   15.57   15.57
c rst  luby  svd  vmt   795  354K     667  1064     0    5.43    5.43  2414  3985   48K     2   15.57   15.57
c rst  luby  svd  vmt   796  354K     667  1064     0    5.43    5.43  2414  3990   48K     2   15.58   15.58
c rst  luby  svd  vmt   797  354K     667  1064     0    5.43    5.43  2414  3991   48K     2   15.58   15.58
c rst  luby  svd  vmt   798  354K     667  1064     0    5.43    5.43  2414  3992   48K     2   15.59   15.59
c rst  luby  svd  vmt   799  355K     667  1064     0    5.43    5.43  2414  3995   48K     2   15.59   15.59
c rst  luby  svd  vmt   800  355K     667  1064     0    5.43    5.43  2414  3999   49K     2   15.61   15.61
c rst  luby  svd  vmt   801  355K     667  1064     0    5.43    5.43  2414  4000   49K     2   15.61   15.61
c rst  luby  svd  vmt   802  355K     667  1064     0    5.43    5.43  2414  4000   49K     2   15.62   15.62
c rst  luby  svd  vmt   803  355K     667  1064     0    5.43    5.43  2414  4002   49K     2   15.63   15.63
c rst  luby  svd  vmt   804  355K     667  1064     0    5.43    5.43  2414  4002   49K     2   15.64   15.64
c rst  luby  svd  vmt   805  356K     667  1064     0    5.43    5.43  2414  4002   49K     2   15.64   15.64
c rst  luby  svd  vmt   806  356K     667  1064     0    5.43    5.43  2414  4004   49K     2   15.65   15.65
c [distill] watch-based irred--  cl tried     2128 cl-sh     0 cl-rem    0 lit-rem      0 T: 0.02 T-out: N
c [distill] watch-based   red--  cl tried     4121 cl-sh     0 cl-rem    0 lit-rem      0 T: 0.05 T-out: Y
c rst  luby  svd  vmt   807  356K     667  1064     0    5.43    5.43  2414  4018   50K     2   15.66   15.66
c rst  luby  svd  vmt   808  357K     667  1064     0    5.43    5.43  2414  4020   51K     2   15.70   15.70
c rst  luby  svd  vmt   809  357K     667  1064     0    5.43    5.43  2414  4022   51K     2   15.71   15.71
c rst  luby  svd  vmt   810  357K     667  1064     0    5.43    5.43  2414  4022   51K     2   15.72   15.72
c rst  luby  svd  vmt   811  357K     667  1064     0    5.43    5.43  2414  4025   51K     2   15.73   15.73
c rst  luby  svd  vmt   812  357K     667  1064     0    5.43    5.43  2414  4025   51K     2   15.74   15.74
c rst  luby  svd  vmt   813  358K     667  1064     0    5.43    5.43  2414  4026   51K     2   15.74   15.74
c rst  luby  svd  vmt   814  358K     667  1064     0    5.43    5.43  2414  4026   51K     2   15.75   15.75
c rst  luby  svd  vmt   815  358K     667  1064     0    5.43    5.43  2414  4029   52K     2   15.77   15.77
c rst  luby  svd  vmt   816  358K     667  1064     0    5.43    5.43  2414  4029   52K     2   15.78   15.78
c rst  luby  svd  vmt   817  358K     667  1064     0    5.43    5.43  2414  4029   52K     2   15.78   15.78
c rst  luby  svd  vmt   818  359K     667  1064     0    5.43    5.43  2414  4030   52K     2   15.79   15.79
c rst  luby  svd  vmt   819  359K     667  1064     0    5.43    5.43  2414  4033   52K     2   15.80   15.80
c rst  luby  svd  vmt   820  359K     667  1064     0    5.43    5.43  2414  4035   52K     2   15.80   15.80
c rst  luby  svd  vmt   821  359K     667  1064     0    5.43    5.43  2414  4036   53K     2   15.81   15.81
c rst  luby  svd  vmt   822  359K     667  1064     0    5.43    5.43  2414  4038   53K     2   15.83   15.83
c rst  luby  svd  vmt   823  360K     667  1064     0    5.43    5.43  2512  4135   39K     2   15.54   15.54
c rst  luby  svd  vmt   824  362K     667  1064     0    5.43    5.43  2512  4139   40K     2   15.62   15.61
c [distill-bin] useful: 0/0/0 lits-rem: 0 cl-rem: 0 0-depth-assigns: 0 T: 0.00 T-out: N
c rst  luby  svd  vmt   825  362K     667  1064     0    5.43    5.43  2512  4140   40K     2   15.62   15.62
c rst  luby  svd  vmt   826  362K     667  1064     0    5.43    5.43  2512  4144   41K     2   15.62   15.62
c rst  luby  svd  vmt   827  362K     667  1064     0    5.43    5.43  2512  4145   41K     2   15.64   15.64
c rst  luby  svd  vmt   828  362K     667  1064     0    5.43    5.43  2512  4145   41K     2   15.65   15.65
c rst  luby  svd  vmt   829  362K     667  1064     0    5.43    5.43  2512  4145   41K     2   15.65   15.65
c rst  geom best  vmt   830  363K     667  1064     0    5.43    5.43  2513  4145   41K     2   15.66   15.66
c rst  geom best  vmt   831  363K     667  1064     0    5.43    5.43  2513  4145   41K     2   15.66   15.66
c rst  geom best  vmt   832  363K     667  1064     0    5.43    5.43  2513  4146   41K     2   15.66   15.66
c rst  geom best  vmt   833  363K     667  1064     0    5.43    5.43  2513  4146   41K     2   15.67   15.67
c rst  geom best  vmt   834  363K     667  1064     0    5.43    5.43  2513  4147   42K     2   15.67   15.67
c rst  geom best  vmt   835  363K     667  1064     0    5.43    5.43  2513  4150   42K     2   15.68   15.68
c rst  geom best  vmt   836  363K     667  1064     0    5.43    5.43  2513  4151   42K     2   15.68   15.68
c rst  geom best  vmt   837  364K     667  1064     0    5.43    5.43  2513  4152   42K     2   15.68   15.68
c rst  geom best  vmt   838  364K     667  1064     0    5.43    5.43  2513  4152   42K     2   15.69   15.69
c rst  geom best  vmt   839  364K     667  1064     0    5.43    5.43  2513  4155   43K     2   15.69   15.69
c rst  geom best  vmt   840  364K     667  1064     0    5.43    5.43  2513  4158   43K     2   15.70   15.70
c rst  geom best  vmt   841  365K     667  1064     0    5.43    5.43  2513  4160   43K     2   15.70   15.70
c rst  geom best  vmt   842  365K     667  1064     0    5.43    5.43  2513  4162   44K     2   15.70   15.70
c rst  geom best  vmt   843  365K     667  1064     0    5.43    5.43  2513  4164   44K     2   15.71   15.71
c [distill-long-red0] cls tried: 28/28 T: 0.01 T-out: N T-r: 99.98%
c [distill-long-red1] cls tried: 428/494 T: 0.14 T-out: Y T-r: -0.39%
c rst  geom best  vmt   844  366K     667  1064     0    5.43    5.43  2513  4164   44K     2   15.71   15.71
c rst  geom best  vmt   845  366K     667  1064     0    5.43    5.43  2514  4168   45K     2   15.72   15.72
c rst  geom best  vmt   846  367K     667  1064     0    5.43    5.43  2514  4170   45K     2   15.72   15.72
c [full-probe]  bin_only: 0 set: 0 repl: 0 T: 0.00 T-out: N T-r: 99.21%
c rst  geom best  vmt   847  367K     667  1064     0    5.43    5.43  2514  4174   46K     2   15.72   15.72
c rst  geom best  vmt   848  368K     667  1064     0    5.43    5.43  2514  4179   46K     2   15.73   15.73
c rst  geom best  vmt   849  369K     667  1064     0    5.43    5.43  2514  4182   47K     2   15.74   15.74
c rst  geom best  vmt   850  369K     667  1064     0    5.43    5.43  2514  4188   48K     2   15.74   15.74
c rst  geom best  vmt   851  370K     667  1064     0    5.43    5.43  2637  3848   49K     2   15.76   15.76
c rst  geom best  vmt   852  371K     667  1064     0    5.43    5.43  2637  3853   50K     2   15.75   15.75
c rst  geom best  vmt   853  372K     667  1064     0    5.43    5.43  2637  3857   51K     2   15.75   15.75
c rst  geom  stb  vmt   854  373K     667  1064     0    5.43    5.43  2637  3863   52K     2   15.77   15.77
c rst  geom  stb  vmt   855  374K     667  1064     0    5.43    5.43  2637  3866   53K     2   15.80   15.80
c rst  geom  stb  vmt   856  375K     667  1064     0    5.43    5.43  2659  4237   39K     2   15.57   15.57
c rst  geom  stb  vmt   857  377K     667  1064     0    5.43    5.43  2660  4248   41K     2   15.57   15.57
c rst  geom  stb  vmt   858  378K     667  1064     0    5.43    5.43  2660  4258   42K     2   15.62   15.62
c rst  geom  stb  vmt   859  380K     667  1064     0    5.43    5.43  2740  3942   44K     2   15.67   15.67
c rst  geom  stb  vmt   860  382K     667  1064     0    5.43    5.43  2740  3958   46K     2   15.75   15.75
c [distill-long-red0] cls tried: 55/55 T: 0.01 T-out: N T-r: 99.97%
c [distill-long-red1] cls tried: 373/471 T: 0.12 T-out: Y T-r: -0.35%
c [distill-bin] useful: 0/0/0 lits-rem: 0 cl-rem: 0 0-depth-assigns: 0 T: 0.00 T-out: N
c [distill] watch-based irred--  cl tried     2128 cl-sh     0 cl-rem    0 lit-rem      0 T: 0.01 T-out: N
c [distill] watch-based   red--  cl tried     4923 cl-sh     0 cl-rem    0 lit-rem      0 T: 0.04 T-out: Y
c rst  geom ibes  vmt   861  384K     667  1064     0    5.43    5.43  2740  3974   48K     2   15.76   15.76
c rst  geom ibes  vmt   862  386K     667  1064     0    5.43    5.43  2740  3986   50K     2   15.82   15.82
c rst  geom ibes  vmt   863  389K     667  1064     0    5.43    5.43  2740  4006   53K     2   15.84   15.84
c [full-probe]  bin_only: 1 set: 0 repl: 0 T: 0.00 T-out: N T-r: 99.96%
c rst  geom ibes  vmt   864  391K     667  1064     0    5.43    5.43  2853  4148   40K     2   15.83   15.83
c rst  geom  svd  vmt   865  394K     667  1064     0    5.43    5.43  2853  4180   43K     2   15.89   15.89
c [branch] adjusting to: vsids (from: vmtf) var_decay:0.95 descr: VSIDS
c rst  geom  svd   vs   866  395K     667  1064     0    5.43    5.43  2853  4180   43K     2   15.90   15.90
c rst  geom  svd   vs   867  395K     667  1064     0    5.43    5.43  2853  4181   43K     2   15.90   15.90
c rst  geom  svd   vs   868  395K     667  1064     0    5.43    5.43  2853  4182   44K     2   15.91   15.91
c rst  geom  svd   vs   869  395K     667  1064     0    5.43    5.43  2853  4183   44K     2   15.91   15.91
c rst  geom  svd   vs   870  395K     667  1064     0    5.43    5.43  2853  4184   44K     2   15.92   15.92
c rst  geom  svd   vs   871  395K     667  1064     0    5.43    5.43  2853  4184   44K     2   15.92   15.92
c rst  geom  svd   vs   872  396K     667  1064     0    5.43    5.43  2853  4184   44K     2   15.92   15.92
c rst  geom  svd   vs   873  396K     667  1064     0    5.43    5.43  2853  4184   44K     2   15.93   15.93
c rst  geom  svd   vs   874  396K     667  1064     0    5.43    5.43  2853  4184   45K     2   15.94   15.94
c rst  geom  svd   vs   875  396K     667  1064     0    5.43    5.43  2853  4186   45K     2   15.95   15.95
c rst  geom  svd   vs   876  397K     667  1064     0    5.43    5.43  2853  4186   45K     2   15.96   15.96
c rst  geom  svd   vs   877  397K     667  1064     0    5.43    5.43  2853  4189   46K     2   15.97   15.97
c rst  geom  svd   vs   878  397K     667  1064     0    5.43    5.43  2853  4191   46K     2   15.99   15.99
c [distill-long-red0] cls tried: 32/32 T: 0.01 T-out: N T-r: 99.98%
c [distill-long-red1] cls tried: 401/566 T: 0.14 T-out: Y T-r: -0.14%
c rst  geom  svd   vs   879  397K     667  1064     0    5.43    5.43  2853  4194   46K     2   15.99   15.99
c ecursive minimization cost OK: 478Kcost/(% lits removed)
c [g 0] truth-find prop checks  : 11493K
c [g 0] -> of which prop        : 75.40 %
c [g 0] -> of which confl       :  0.55 %
c [g 0] elim called             : 105K
c [g 0] ---> which lead to prop : 1111.20 %
c [g 0] ---> which lead to confl:  4.31 %
c [g 0] size: 627   x 666  
c --> Executing strategy token: scc-vrepl
c [scc] new: 0 BP 0M T: 0.00
c [vrep] vars 0 lits 0 rem-bin-cls 0 rem-long-cls 0 BP 0M T: 0.00
c --> Executing strategy token: sub-impl
c [impl-sub] bin: 0 T: 0.00 T-out: N w-visit: 1344
c --> Executing strategy token: breakid
c Executing OCC strategy token(s): 'occ-backw-sub-str,occ-clean-implicit,occ-bve,occ-bva,occ-ternary-res,occ-xor,
c [occ] mem usage for occur 0      MB
c [occ] Linked in IRRED BIN by default: 0
c [occ] Linked in RED   BIN by default: 2
c [occ] mem usage for occur 0      MB
c Mem for watch alloc      : 7           MB (0.00      %)
c Mem for watch array      : 0           MB (0.00      %)
c Executing OCC strategy token: occ-backw-sub-str
c [occ-backw-sub-str-long-w-bins] subs: 0 str: 0 tried: 132 0-depth ass: 0 T: 0.00 T-out: N T-r: 100.00%
c [occ-backw-sub-long-w-long] rem cl: 426 tried: 54646/54646 (100.0%) T: 0.02 T-out: N T-r: 92.08%
c [occ-backw-sub-str-long-w-long] sub: 69 str: 235 tried: 163938/54646 (300.0)  T: 0.07 T-out: N T-r: 87.08%
c Executing OCC strategy token: occ-clean-implicit
c Executing OCC strategy token: occ-bve
c [occ-empty-res] Empty resolvent elimed: 0 T: 0.00 T-out: N
c [occ-bve] iter v-elim 0
c cl_inc_rate=1.0, var_dec_rate=1.0 (grow=0)
c Reduced to 667 vars, 1064 cls (grow=0)
c [occ-bve] iter v-elim 0
c cl_inc_rate=1.0, var_dec_rate=1.0 (grow=3)
c Reduced to 667 vars, 1064 cls (grow=3)
c [occ-bve] iter v-elim 0
c cl_inc_rate=1.0, var_dec_rate=1.0 (grow=4)
c Reduced to 667 vars, 1064 cls (grow=4)
c [occ-bve] iter v-elim 0
c cl_inc_rate=1.0, var_dec_rate=1.0 (grow=6)
c Reduced to 667 vars, 1064 cls (grow=6)
c [occ-bve] iter v-elim 0
c cl_inc_rate=1.0, var_dec_rate=1.0 (grow=9)
c Reduced to 667 vars, 1064 cls (grow=9)
c [occ-bve] iter v-elim 0
c cl_inc_rate=1.0, var_dec_rate=1.0 (grow=13)
c Reduced to 667 vars, 1064 cls (grow=13)
c [occ-bve] iter v-elim 0
c cl_inc_rate=1.0, var_dec_rate=1.0 (grow=16)
c Reduced to 667 vars, 1064 cls (grow=16)
c x n vars       : 667
c #try to eliminate:     7
c #var-elim        :     0
c #T-o: N
c #T-r: 100.00%
c #T  : 0.00
c [occur] 0.02 is overhead
c [occur] link-in T: 0.02 cleanup T: 0.00
c [occ-xor-bve] elimed: 0 T: 0.00 T-out: N
c Executing OCC strategy token: occ-bva
c Executing OCC strategy token: occ-ternary-res
c [occ-ternary-res] Ternary res-tri: 0 res-bin: 0 sub: 0 str: 0 T: 0.00 T-out: N T-r: 99.86%
c Executing OCC strategy token: occ-xor
c [occ-xor] sort occur list T: 0.00
c [occ-xor] found      0 T: 0.00 T-out: N T-r: 100.00%
c --> Executing strategy token: card-find
c --> Executing strategy token: cl-consolidate
c Not consolidating memory.
c --> Executing strategy token: scc-vrepl
c [scc] new: 0 BP 0M T: 0.00
c [vrep] vars 0 lits 0 rem-bin-cls 0 rem-long-cls 0 BP 0M T: 0.01
c --> Executing strategy token: renumber
c --> Executing strategy token: louvain-comms
c [consolidate] mini T: 0.00
c global_timeout_multiplier: 4.3923
c [branch] rebuilding order heap for all branchings. Current branching: vsids
c [gauss] clauses deleted that are represented by XORs: 0 xorclauses: 632 GJ matrices: 0 T: 0.00
c [find&init matx] performing matrix init
c [matrix] Good   matrix  0    632 x  666  density:0.0063  xorlen avg:  4.20
c [matrix] Using 1 matrices recovered from 0 xors T: 0.00 T-out: N
c rst  geom  svd   vs   880  398K     667  1064     0    5.43    5.43  2448  4319   46K     2   16.07   16.07
c rst  geom  svd   vs   881  398K     667  1064     0    5.43    5.43  2448  4320   46K     2   16.09   16.09
c rst  geom  svd   vs   882  398K     667  1064     0    5.43    5.43  2448  4323   47K     2   16.11   16.10
c rst  geom  svd   vs   883  399K     667  1064     0    5.43    5.43  2448  4325   47K     2   16.12   16.12
c rst  geom  svd   vs   884  399K     667  1064     0    5.43    5.43  2448  4327   48K     2   16.12   16.12
c rst  geom  svd   vs   885  400K     667  1064     0    5.43    5.43  2460  4154   49K     2   16.13   16.13
c rst  geom  svd   vs   886  401K     667  1064     0    5.43    5.43  2460  4157   49K     2   16.13   16.13
c rst  geom best   vs   887  401K     667  1064     0    5.43    5.43  2460  4159   50K     2   16.14   16.14
c rst  geom best   vs   888  402K     667  1064     0    5.43    5.43  2460  4160   51K     2   16.15   16.15
c [distill-bin] useful: 0/0/0 lits-rem: 0 cl-rem: 0 0-depth-assigns: 0 T: 0.00 T-out: N
c rst  geom best   vs   889  403K     667  1064     0    5.43    5.43  2460  4164   52K     2   16.14   16.14
c rst  geom best   vs   890  404K     667  1064     0    5.43    5.43  2460  4167   53K     2   16.14   16.14
c [impl-str] lit bin: 0 set-var: 0 T: 0.00 T-out: N T-r: 99.97% w-visit: 1344
c [impl-sub] bin: 0 T: 0.00 T-out: N w-visit: 1344
c rst  geom best   vs   891  405K     667  1064     0    5.43    5.43  2463  4348   38K     2   15.69   15.68
c rst  geom best   vs   892  406K     667  1064     0    5.43    5.43  2463  4362   40K     2   15.68   15.67
c rst  geom best   vs   893  408K     667  1064     0    5.43    5.43  2463  4368   41K     2   15.71   15.71
c [distill] watch-based irred--  cl tried     2128 cl-sh     0 cl-rem    0 lit-rem      0 T: 0.01 T-out: N
c [distill] watch-based   red--  cl tried     4599 cl-sh     0 cl-rem    0 lit-rem      0 T: 0.05 T-out: Y
c rst  geom best   vs   894  409K     667  1064     0    5.43    5.43  2463  4371   42K     2   15.74   15.74
c [full-probe]  bin_only: 0 set: 0 repl: 0 T: 0.00 T-out: N T-r: 99.33%
c rst  geom best   vs   895  410K     667  1064     0    5.43    5.43  2532  4180   44K     2   15.77   15.77
c rst  geom  stb   vs   896  412K     667  1064     0    5.43    5.43  2532  4184   46K     2   15.82   15.82
c [distill-long-red0] cls tried: 62/62 T: 0.01 T-out: N T-r: 99.96%
c [distill-long-red1] cls tried: 364/535 T: 0.12 T-out: Y T-r: -0.30%
c rst  geom  stb   vs   897  414K     667  1064     0    5.43    5.43  2532  4190   48K     2   15.83   15.83
c rst  geom  stb   vs   898  416K     667  1064     0    5.43    5.43  2532  4195   50K     2   15.85   15.85
c rst  geom  stb   vs   899  418K     667  1064     0    5.43    5.43  2532  4208   52K     2   15.85   15.85
c rst  geom  stb   vs   900  421K     667  1064     0    5.43    5.43  2576  4299   39K     2   15.62   15.62
c rst  geom ibes   vs   901  424K     667  1064     0    5.43    5.43  2577  4308   42K     2   15.60   15.60
c [distill-bin] useful: 0/0/0 lits-rem: 0 cl-rem: 0 0-depth-assigns: 0 T: 0.00 T-out: N
c rst  geom ibes   vs   902  427K     667  1064     0    5.43    5.43  2577  4323   45K     2   15.58   15.58
c rst  geom ibes   vs   903  430K     667  1064     0    5.43    5.43  2637  4112   49K     2   15.53   15.53
c [distill-long-red0] cls tried: 29/29 T: 0.01 T-out: N T-r: 99.99%
c [distill-long-red1] cls tried: 385/482 T: 0.12 T-out: Y T-r: -0.16%
c [full-probe]  bin_only: 1 set: 0 repl: 0 T: 0.00 T-out: N T-r: 99.96%
c rst  geom ibes   vs   904  433K     667  1064     0    5.43    5.43  2638  4140   52K     2   15.52   15.52
c [distill] watch-based irred--  cl tried     2128 cl-sh     0 cl-rem    0 lit-rem      0 T: 0.02 T-out: N
c [distill] watch-based   red--  cl tried     4416 cl-sh     0 cl-rem    0 lit-rem      0 T: 0.06 T-out: Y
c rst  geom  svd   vs   905  437K     667  1064     0    5.43    5.43  2656  4457   41K     2   15.05   15.05
c [branch] adjusting to: vmtf (from: vsids) var_decay:0.95 descr: VMTF
c rst  luby  svd  vmt   906  438K     667  1064     0    5.43    5.43  2656  4458   41K     2   15.06   15.06
c rst  luby  svd  vmt   907  438K     667  1064     0    5.43    5.43  2656  4459   41K     2   15.07   15.07
c rst  luby  svd  vmt   908  438K     667  1064     0    5.43    5.43  2656  4461   42K     2   15.08   15.08
c rst  luby  svd  vmt   909  438K     667  1064     0    5.43    5.43  2656  4461   42K     2   15.09   15.09
c rst  luby  svd  vmt   910  438K     667  1064     0    5.43    5.43  2656  4461   42K     2   15.10   15.10
c rst  luby  svd  vmt   911  438K     667  1064     0    5.43    5.43  2656  4465   42K     2   15.11   15.11
c rst  luby  svd  vmt   912  439K     667  1064     0    5.43    5.43  2656  4468   42K     2   15.13   15.13
c rst  luby  svd  vmt   913  439K     667  1064     0    5.43    5.43  2656  4469   42K     2   15.14   15.14
c rst  luby  svd  vmt   914  439K     667  1064     0    5.43    5.43  2656  4470   43K     2   15.15   15.15
c rst  luby  svd  vmt   915  439K     667  1064     0    5.43    5.43  2656  4472   43K     2   15.16   15.16
c rst  luby  svd  vmt   916  439K     667  1064     0    5.43    5.43  2656  4474   43K     2   15.17   15.17
c rst  luby  svd  vmt   917  439K     667  1064     0    5.43    5.43  2656  4475   43K     2   15.18   15.18
c rst  luby  svd  vmt   918  440K     667  1064     0    5.43    5.43  2657  4479   43K     2   15.19   15.19
c rst  luby  svd  vmt   919  440K     667  1064     0    5.43    5.43  2835  4099   44K     2   15.20   15.20
c rst  luby  svd  vmt   920  441K     667  1064     0    5.43    5.43  2835  4102   45K     2   15.24   15.24
c rst  luby  svd  vmt   921  441K     667  1064     0    5.43    5.43  2835  4102   45K     2   15.25   15.25
c rst  luby  svd  vmt   922  441K     667  1064     0    5.43    5.43  2835  4105   45K     2   15.25   15.25
c rst  luby  svd  vmt   923  441K     667  1064     0    5.43    5.43  2835  4107   45K     2   15.26   15.26
c rst  luby  svd  vmt   924  441K     667  1064     0    5.43    5.43  2835  4107   45K     2   15.26   15.26
c rst  luby  svd  vmt   925  441K     667  1064     0    5.43    5.43  2835  4107   45K     2   15.27   15.27
c rst  luby  svd  vmt   926  442K     667  1064     0    5.43    5.43  2835  4110   45K     2   15.28   15.28
c rst  luby  svd  vmt   927  442K     667  1064     0    5.43    5.43  2835  4110   46K     2   15.30   15.30
c rst  luby  svd  vmt   928  442K     667  1064     0    5.43    5.43  2835  4110   46K     2   15.30   15.30
c rst  luby  svd  vmt   929  442K     667  1064     0    5.43    5.43  2835  4110   46K     2   15.31   15.31
c rst  luby  svd  vmt   930  442K     667  1064     0    5.43    5.43  2835  4111   46K     2   15.32   15.32
c rst  luby  svd  vmt   931  442K     667  1064     0    5.43    5.43  2835  4111   46K     2   15.32   15.32
c rst  luby  svd  vmt   932  443K     667  1064     0    5.43    5.43  2835  4113   46K     2   15.33   15.32
c rst  luby  svd  vmt   933  443K     667  1064     0    5.43    5.43  2835  4116   47K     2   15.33   15.33
c rst  luby  svd  vmt   934  443K     667  1064     0    5.43    5.43  2835  4122   47K     2   15.34   15.34
c rst  geom best  vmt   935  443K     667  1064     0    5.43    5.43  2835  4123   47K     2   15.34   15.34
c rst  geom best  vmt   936  443K     667  1064     0    5.43    5.43  2835  4124   47K     2   15.35   15.35
c rst  geom best  vmt   937  443K     667  1064     0    5.43    5.43  2835  4124   47K     2   15.35   15.35
c rst  geom best  vmt   938  444K     667  1064     0    5.43    5.43  2835  4124   47K     2   15.35   15.35
c [distill-bin] useful: 0/0/0 lits-rem: 0 cl-rem: 0 0-depth-assigns: 0 T: 0.00 T-out: N
c rst  geom best  vmt   939  444K     667  1064     0    5.43    5.43  2835  4125   48K     2   15.35   15.35
c rst  geom best  vmt   940  444K     667  1064     0    5.43    5.43  2835  4128   48K     2   15.36   15.36
c rst  geom best  vmt   941  444K     667  1064     0    5.43    5.43  2835  4130   48K     2   15.36   15.36
c rst  geom best  vmt   942  444K     667  1064     0    5.43    5.43  2835  4130   48K     2   15.38   15.37
c rst  geom best  vmt   943  445K     667  1064     0    5.43    5.43  2835  4133   48K     2   15.38   15.38
c rst  geom best  vmt   944  445K     667  1064     0    5.43    5.43  2835  4133   49K     2   15.38   15.38
c [distill-long-red0] cls tried: 45/45 T: 0.01 T-out: N T-r: 99.98%
c [distill-long-red1] cls tried: 356/456 T: 0.15 T-out: Y T-r: -0.52%
c rst  geom best  vmt   945  445K     667  1064     0    5.43    5.43  2835  4135   49K     2   15.38   15.38
c rst  geom best  vmt   946  445K     667  1064     0    5.43    5.43  2835  4137   49K     2   15.37   15.37
c rst  geom best  vmt   947  446K     667  1064     0    5.43    5.43  2835  4139   50K     2   15.38   15.37
c rst  geom best  vmt   948  446K     667  1064     0    5.43    5.43  2835  4139   50K     2   15.39   15.39
c rst  geom best  vmt   949  447K     667  1064     0    5.43    5.43  2835  4139   50K     2   15.39   15.39
c rst  geom best  vmt   950  447K     667  1064     0    5.43    5.43  2835  4139   51K     2   15.39   15.39
c rst  geom best  vmt   951  448K     667  1064     0    5.43    5.43  2835  4142   51K     2   15.40   15.40
c rst  geom best  vmt   952  448K     667  1064     0    5.43    5.43  2835  4143   52K     2   15.40   15.40
c rst  geom best  vmt   953  449K     667  1064     0    5.43    5.43  2835  4144   52K     2   15.41   15.41
c rst  geom best  vmt   954  449K     667  1064     0    5.43    5.43  2835  4147   53K     2   15.41   15.41
c rst  geom best  vmt   955  450K     667  1064     0    5.43    5.43  2942  4244   39K     2   14.92   14.92
c [full-probe]  bin_only: 0 set: 0 repl: 0 T: 0.00 T-out: N T-r: 99.36%
c rst  geom best  vmt   956  451K     667  1064     0    5.43    5.43  2942  4252   40K     2   14.92   14.92
c rst  geom best  vmt   957  452K     667  1064     0    5.43    5.43  2943  4258   40K     2   14.93   14.93
c rst  geom best  vmt   958  453K     667  1064     0    5.43    5.43  2943  4264   41K     2   14.94   14.94
c rst  geom  stb  vmt   959  454K     667  1064     0    5.43    5.43  2943  4268   42K     2   14.98   14.98
c rst  geom  stb  vmt   960  455K     667  1064     0    5.43    5.43  2943  4270   44K     2   15.04   15.04
c rst  geom  stb  vmt   961  456K     667  1064     0    5.43    5.43  2943  4279   45K     2   15.06   15.06
c rst  geom  stb  vmt   962  458K     667  1064     0    5.43    5.43  2943  4285   46K     2   15.11   15.11
c rst  geom  stb  vmt   963  459K     667  1064     0    5.43    5.43  2943  4298   48K     2   15.15   15.15
c [distill] watch-based irred--  cl tried     2128 cl-sh     0 cl-rem    0 lit-rem      0 T: 0.01 T-out: N
c [distill] watch-based   red--  cl tried     4926 cl-sh     0 cl-rem    0 lit-rem      0 T: 0.05 T-out: Y
c rst  geom  stb  vmt   964  461K     667  1064     0    5.43    5.43  3038  3974   50K     2   15.19   15.19
c [distill-long-red0] cls tried: 65/65 T: 0.02 T-out: N T-r: 99.97%
c [distill-long-red1] cls tried: 367/488 T: 0.13 T-out: Y T-r: -0.30%
c rst  geom  stb  vmt   965  463K     667  1064     0    5.43    5.43  3038  3990   52K     2   15.28   15.28
c rst  geom ibes  vmt   966  465K     667  1064     0    5.43    5.43  3071  4570   38K     2   15.09   15.09
c [distill-bin] useful: 0/0/0 lits-rem: 0 cl-rem: 0 0-depth-assigns: 0 T: 0.00 T-out: N
c [impl-str] lit bin: 0 set-var: 0 T: 0.00 T-out: N T-r: 99.98% w-visit: 1344
c [impl-sub] bin: 0 T: 0.00 T-out: N w-visit: 1344
c rst  geom ibes  vmt   967  467K     667  1064     0    5.43    5.43  3071  4587   41K     2   15.08   15.08
c rst  geom ibes  vmt   968  469K     667  1064     0    5.43    5.43  3071  4609   43K     2   15.08   15.08
c rst  geom ibes  vmt   969  472K     667  1064     0    5.43    5.43  3225  4248   46K     2   15.13   15.13
c [full-probe]  bin_only: 1 set: 0 repl: 0 T: 0.00 T-out: N T-r: 99.96%
c rst  geom ibes  vmt   970  475K     667  1064     0    5.43    5.43  3225  4276   49K     2   15.16   15.16
c rst  geom  svd  vmt   971  479K     667  1064     0    5.43    5.43  3225  4328   52K     2   15.25   15.25
c [distill-long-red0] cls tried: 63/63 T: 0.02 T-out: N T-r: 99.96%
c [distill-long-red1] cls tried: 357/805 T: 0.17 T-out: Y T-r: -0.39%
c rst  geom  svd  vmt   972  482K     667  1064     0    5.43    5.43  3405  4698   41K     2   15.06   15.06
c rst  geom  svd  vmt   973  486K     667  1064     0    5.43    5.43  3406  4718   45K     2   15.15   15.15
c [distill-bin] useful: 0/0/0 lits-rem: 0 cl-rem: 0 0-depth-assigns: 0 T: 0.00 T-out: N
c [distill] watch-based irred--  cl tried     2128 cl-sh     0 cl-rem    0 lit-rem      0 T: 0.01 T-out: N
c [distill] watch-based   red--  cl tried     5269 cl-sh     0 cl-rem    0 lit-rem      0 T: 0.06 T-out: Y
c rst  geom best  vmt   974  491K     667  1064     0    5.43    5.43  3482  4519   49K     2   15.20   15.20
c [branch] adjusting to: vsids (from: vmtf) var_decay:0.95 descr: VSIDS
c rst  geom best   vs   975  491K     667  1064     0    5.43    5.43  3482  4519   49K     2   15.20   15.20
c rst  geom best   vs   976  491K     667  1064     0    5.43    5.43  3482  4519   49K     2   15.21   15.21
c rst  geom best   vs   977  491K     667  1064     0    5.43    5.43  3482  4519   49K     2   15.21   15.21
c rst  geom best   vs   978  491K     667  1064     0    5.43    5.43  3482  4519   50K     2   15.22   15.22
c rst  geom best   vs   979  491K     667  1064     0    5.43    5.43  3482  4519   50K     2   15.22   15.22
c rst  geom best   vs   980  491K     667  1064     0    5.43    5.43  3482  4519   50K     2   15.23   15.23
c rst  geom best   vs   981  492K     667  1064     0    5.43    5.43  3482  4519   50K     2   15.23   15.23
c rst  geom best   vs   982  492K     667  1064     0    5.43    5.43  3482  4520   50K     2   15.24   15.24
c rst  geom best   vs   983  492K     667  1064     0    5.43    5.43  3482  4521   51K     2   15.24   15.24
c rst  geom best   vs   984  492K     667  1064     0    5.43    5.43  3482  4521   51K     2   15.24   15.24
c [full-probe]  bin_only: 0 set: 0 repl: 0 T: 0.00 T-out: N T-r: 99.24%
c rst  geom best   vs   985  493K     667  1064     0    5.43    5.43  3482  4522   51K     2   15.25   15.25
c rst  geom best   vs   986  493K     667  1064     0    5.43    5.43  3482  4522   51K     2   15.26   15.26
c rst  geom best   vs   987  493K     667  1064     0    5.43    5.43  3482  4523   52K     2   15.26   15.26
c rst  geom best   vs   988  494K     667  1064     0    5.43    5.43  3482  4526   52K     2   15.26   15.26
c [distill-long-red0] cls tried: 114/114 T: 0.03 T-out: N T-r: 99.93%
c [distill-long-red1] cls tried: 387/999 T: 0.17 T-out: Y T-r: -0.18%
c rst  geom best   vs   989  494K     667  1064     0    5.43    5.43  3482  4528   53K     2   15.26   15.26
c rst  geom best   vs   990  494K     667  1064     0    5.43    5.43  3482  4531   53K     2   15.27   15.27
c rst  geom best   vs   991  495K     667  1064     0    5.43    5.43  3495  4922   38K     2   15.00   15.00
c rst  geom best   vs   992  495K     667  1064     0    5.43    5.43  3495  4924   39K     2   15.02   15.02
c rst  geom best   vs   993  496K     667  1064     0    5.43    5.43  3495  4932   39K     2   15.04   15.04
c rst  geom  stb   vs   994  497K     667  1064     0    5.43    5.43  3495  4938   40K     2   15.05   15.05
c rst  geom  stb   vs   995  497K     667  1064     0    5.43    5.43  3495  4938   41K     2   15.08   15.08
c rst  geom  stb   vs   996  498K     667  1064     0    5.43    5.43  3495  4938   41K     2   15.12   15.12
c rst  geom  stb   vs   997  499K     667  1064     0    5.43    5.43  3495  4941   42K     2   15.16   15.16
c rst  geom  stb   vs   998  500K     667  1064     0    5.43    5.43  3557  4669   44K     2   15.20   15.20
c rst  geom  stb   vs   999  501K     667  1064     0    5.43    5.43  3557  4675   45K     2   15.23   15.23
c rst  geom  stb   vs  1000  502K     667  1064     0    5.43    5.43  3557  4676   46K     2   15.26   15.26
c rst  geom  stb   vs  1001  504K     667  1064     0    5.43    5.43  3557  4684   47K     2   15.28   15.28
c rst  geom  stb   vs  1002  505K     667  1064     0    5.43    5.43  3557  4691   48K     2   15.30   15.30
c rst  geom  stb   vs  1003  506K     667  1064     0    5.43    5.43  3557  4696   50K     2   15.32   15.32
c [distill-bin] useful: 0/0/0 lits-rem: 0 cl-rem: 0 0-depth-assigns: 0 T: 0.00 T-out: N
c rst  geom ibes   vs  1004  508K     667  1064     0    5.43    5.43  3557  4706   52K     2   15.29   15.29
c rst  geom ibes   vs  1005  510K     667  1064     0    5.43    5.43  3637  4696   39K     2   14.99   14.99
c [distill-long-red0] cls tried: 98/98 T: 0.02 T-out: N T-r: 99.96%
c [distill-long-red1] cls tried: 471/1244 T: 0.16 T-out: Y T-r: -0.22%
c rst  geom ibes   vs  1006  512K     667  1064     0    5.43    5.43  3637  4704   41K     2   14.99   14.98
c [distill] watch-based irred--  cl tried     2128 cl-sh     0 cl-rem    0 lit-rem      0 T: 0.01 T-out: N
c [distill] watch-based   red--  cl tried     5734 cl-sh     0 cl-rem    0 lit-rem      0 T: 0.07 T-out: Y
c rst  geom ibes   vs  1007  514K     667  1064     0    5.43    5.43  3637  4707   43K     2   15.00   15.00
c [full-probe]  bin_only: 1 set: 0 repl: 0 T: 0.00 T-out: N T-r: 99.97%
c rst  geom ibes   vs  1008  517K     667  1064     0    5.43    5.43  3637  4723   45K     2   14.97   14.97
c rst  geom  svd   vs  1009  520K     667  1064     0    5.43    5.43  3691  4414   48K     2   15.02   15.02
c rst  geom  svd   vs  1010  523K     667  1064     0    5.43    5.43  3691  4422   51K     2   15.07   15.07
c rst  geom  svd   vs  1011  526K     667  1064     0    5.43    5.43  3699  4728   40K     2   14.73   14.73
c [distill-long-red0] cls tried: 24/24 T: 0.01 T-out: N T-r: 99.99%
c [distill-long-red1] cls tried: 410/1079 T: 0.15 T-out: Y T-r: -0.30%
c [impl-str] lit bin: 0 set-var: 0 T: 0.00 T-out: N T-r: 99.98% w-visit: 1344
c [impl-sub] bin: 0 T: 0.00 T-out: N w-visit: 1344
c rst  geom  svd   vs  1012  529K     667  1064     0    5.43    5.43  3699  4742   43K     2   14.79   14.79
c [distill-bin] useful: 0/0/0 lits-rem: 0 cl-rem: 0 0-depth-assigns: 0 T: 0.00 T-out: N
c rst  geom best   vs  1013  533K     667  1064     0    5.43    5.43  3741  4380   48K     2   14.88   14.87
c rst  geom best   vs  1014  538K     667  1064     0    5.43    5.43  3742  4445   52K     2   14.89   14.89
c [full-probe]  bin_only: 0 set: 0 repl: 0 T: 0.01 T-out: N T-r: 99.20%
c [distill] watch-based irred--  cl tried     2128 cl-sh     0 cl-rem    0 lit-rem      0 T: 0.02 T-out: N
c [distill] watch-based   red--  cl tried     4616 cl-sh     0 cl-rem    0 lit-rem      0 T: 0.07 T-out: Y
c rst  geom best   vs  1015  543K     667  1064     0    5.43    5.43  3840  4186   42K     2   14.34   14.34
c [branch] adjusting to: vmtf (from: vsids) var_decay:0.95 descr: VMTF
c [distill-long-red0] cls tried: 67/67 T: 0.01 T-out: N T-r: 99.97%
c [distill-long-red1] cls tried: 447/1053 T: 0.13 T-out: Y T-r: -0.17%
c rst  luby  stb  vmt  1016  543K     667  1064     0    5.43    5.43  3840  4188   42K     2   14.34   14.34
c rst  luby  stb  vmt  1017  543K     667  1064     0    5.43    5.43  3840  4188   42K     2   14.35   14.35
c rst  luby  stb  vmt  1018  543K     667  1064     0    5.43    5.43  3840  4190   42K     2   14.37   14.37
c rst  luby  stb  vmt  1019  543K     667  1064     0    5.43    5.43  3840  4190   42K     2   14.38   14.38
c rst  luby  stb  vmt  1020  543K     667  1064     0    5.43    5.43  3840  4191   43K     2   14.39   14.39
c rst  luby  stb  vmt  1021  544K     667  1064     0    5.43    5.43  3840  4193   43K     2   14.41   14.41
c rst  luby  stb  vmt  1022  544K     667  1064     0    5.43    5.43  3840  4196   43K     2   14.43   14.43
c rst  luby  stb  vmt  1023  544K     667  1064     0    5.43    5.43  3840  4196   43K     2   14.45   14.45
c rst  luby  stb  vmt  1024  544K     667  1064     0    5.43    5.43  3840  4200   43K     2   14.45   14.45
c rst  luby  stb  vmt  1025  544K     667  1064     0    5.43    5.43  3840  4200   44K     2   14.47   14.47
c rst  luby  stb  vmt  1026  544K     667  1064     0    5.43    5.43  3840  4200   44K     2   14.48   14.48
c rst  luby  stb  vmt  1027  545K     667  1064     0    5.43    5.43  3840  4200   44K     2   14.48   14.48
c rst  luby  stb  vmt  1028  545K     667  1064     0    5.43    5.43  3840  4200   44K     2   14.50   14.50
c rst  luby  stb  vmt  1029  545K     667  1064     0    5.43    5.43  3840  4200   44K     2   14.53   14.53
c rst  luby  stb  vmt  1030  546K     667  1064     0    5.43    5.43  3840  4202   45K     2   14.57   14.57
c rst  luby  stb  vmt  1031  546K     667  1064     0    5.43    5.43  3840  4203   45K     2   14.58   14.58
c rst  luby  stb  vmt  1032  546K     667  1064     0    5.43    5.43  3840  4205   45K     2   14.59   14.59
c rst  luby  stb  vmt  1033  546K     667  1064     0    5.43    5.43  3840  4207   46K     2   14.61   14.61
c rst  luby  stb  vmt  1034  546K     667  1064     0    5.43    5.43  3840  4209   46K     2   14.61   14.61
c rst  luby  stb  vmt  1035  547K     667  1064     0    5.43    5.43  3841  4212   46K     2   14.62   14.62
c rst  luby  stb  vmt  1036  547K     667  1064     0    5.43    5.43  3841  4213   46K     2   14.63   14.63
c rst  luby  stb  vmt  1037  547K     667  1064     0    5.43    5.43  3841  4215   46K     2   14.65   14.65
c rst  luby  stb  vmt  1038  547K     667  1064     0    5.43    5.43  3841  4215   46K     2   14.66   14.66
c rst  luby  stb  vmt  1039  547K     667  1064     0    5.43    5.43  3841  4215   47K     2   14.66   14.66
c rst  luby  stb  vmt  1040  548K     667  1064     0    5.43    5.43  3841  4215   47K     2   14.68   14.68
c rst  luby  stb  vmt  1041  548K     667  1064     0    5.43    5.43  3841  4217   47K     2   14.68   14.68
c rst  luby  stb  vmt  1042  548K     667  1064     0    5.43    5.43  3841  4217   47K     2   14.69   14.69
c rst  luby  stb  vmt  1043  548K     667  1064     0    5.43    5.43  3841  4217   47K     2   14.70   14.70
c rst  luby  stb  vmt  1044  548K     667  1064     0    5.43    5.43  3841  4217   48K     2   14.71   14.71
c rst  luby  stb  vmt  1045  549K     667  1064     0    5.43    5.43  3842  4234   48K     2   14.73   14.73
c rst  luby  stb  vmt  1046  551K     667  1064     0    5.43    5.43  3939  3663   50K     2   14.76   14.76
c [distill-bin] useful: 0/0/0 lits-rem: 0 cl-rem: 0 0-depth-assigns: 0 T: 0.00 T-out: N
c rst  luby  stb  vmt  1047  551K     667  1064     0    5.43    5.43  3939  3663   51K     2   14.76   14.76
c rst  luby  stb  vmt  1048  551K     667  1064     0    5.43    5.43  3939  3665   51K     2   14.76   14.76
c rst  luby  stb  vmt  1049  551K     667  1064     0    5.43    5.43  3939  3665   51K     2   14.78   14.78
c rst  luby  stb  vmt  1050  551K     667  1064     0    5.43    5.43  3939  3665   51K     2   14.78   14.78
c rst  luby  stb  vmt  1051  551K     667  1064     0    5.43    5.43  3939  3665   51K     2   14.79   14.79
c rst  luby  stb  vmt  1052  552K     667  1064     0    5.43    5.43  3939  3667   51K     2   14.80   14.80
c rst  luby  stb  vmt  1053  552K     667  1064     0    5.43    5.43  3939  3668   52K     2   14.82   14.82
c rst  luby  stb  vmt  1054  552K     667  1064     0    5.43    5.43  3939  3669   52K     2   14.82   14.82
c rst  luby  stb  vmt  1055  552K     667  1064     0    5.43    5.43  3939  3669   52K     2   14.82   14.82
c rst  luby  stb  vmt  1056  552K     667  1064     0    5.43    5.43  3939  3669   52K     2   14.83   14.83
c rst  luby  stb  vmt  1057  552K     667  1064     0    5.43    5.43  3939  3670   52K     2   14.84   14.84
c rst  luby  stb  vmt  1058  553K     667  1064     0    5.43    5.43  3939  3670   52K     2   14.84   14.84
c rst  luby  stb  vmt  1059  553K     667  1064     0    5.43    5.43  3939  3671   52K     2   14.84   14.84
c rst  luby  stb  vmt  1060  553K     667  1064     0    5.43    5.43  3939  3675   53K     2   14.86   14.86
c rst  luby  stb  vmt  1061  554K     667  1064     0    5.43    5.43  3939  3683   54K     2   14.87   14.87
c rst  luby ibes  vmt  1062  554K     667  1064     0    5.43    5.43  3939  3683   54K     2   14.88   14.88
c rst  luby ibes  vmt  1063  554K     667  1064     0    5.43    5.43  3939  3685   54K     2   14.88   14.88
c rst  luby ibes  vmt  1064  554K     667  1064     0    5.43    5.43  3939  3685   54K     2   14.88   14.87
c rst  luby ibes  vmt  1065  554K     667  1064     0    5.43    5.43  3939  3685   54K     2   14.88   14.88
c rst  luby ibes  vmt  1066  555K     667  1064     0    5.43    5.43  3962  4065   39K     2   14.79   14.79
c rst  luby ibes  vmt  1067  555K     667  1064     0    5.43    5.43  3962  4065   39K     2   14.79   14.79
c rst  luby ibes  vmt  1068  555K     667  1064     0    5.43    5.43  3962  4071   40K     2   14.80   14.80
c rst  luby ibes  vmt  1069  555K     667  1064     0    5.43    5.43  3962  4071   40K     2   14.80   14.80
c rst  luby ibes  vmt  1070  555K     667  1064     0    5.43    5.43  3962  4071   40K     2   14.80   14.80
c rst  luby ibes  vmt  1071  556K     667  1064     0    5.43    5.43  3962  4072   40K     2   14.80   14.80
c rst  luby ibes  vmt  1072  556K     667  1064     0    5.43    5.43  3962  4072   40K     2   14.80   14.80
c rst  luby ibes  vmt  1073  556K     667  1064     0    5.43    5.43  3962  4073   40K     2   14.80   14.80
c rst  luby ibes  vmt  1074  556K     667  1064     0    5.43    5.43  3962  4073   40K     2   14.81   14.81
c rst  luby ibes  vmt  1075  556K     667  1064     0    5.43    5.43  3962  4077   41K     2   14.82   14.81
c rst  luby ibes  vmt  1076  557K     667  1064     0    5.43    5.43  3962  4082   42K     2   14.84   14.84
c rst  luby ibes  vmt  1077  559K     667  1064     0    5.43    5.43  3962  4091   43K     2   14.86   14.86
c [distill-long-red0] cls tried: 70/70 T: 0.02 T-out: N T-r: 99.96%
c [distill-long-red1] cls tried: 437/971 T: 0.15 T-out: Y T-r: -0.38%
c [full-probe]  bin_only: 1 set: 0 repl: 0 T: 0.00 T-out: N T-r: 99.97%
c rst  luby ibes  vmt  1078  562K     667  1064     0    5.43    5.43  4071  3886   46K     2   14.91   14.91
c rst  luby ibes  vmt  1079  562K     667  1064     0    5.43    5.43  4071  3887   47K     2   14.91   14.91
c rst  luby ibes  vmt  1080  562K     667  1064     0    5.43    5.43  4071  3887   47K     2   14.92   14.92
c rst  luby ibes  vmt  1081  562K     667  1064     0    5.43    5.43  4071  3888   47K     2   14.92   14.92
c rst  luby ibes  vmt  1082  563K     667  1064     0    5.43    5.43  4071  3889   47K     2   14.92   14.92
c rst  luby ibes  vmt  1083  563K     667  1064     0    5.43    5.43  4071  3889   47K     2   14.92   14.92
c rst  luby ibes  vmt  1084  563K     667  1064     0    5.43    5.43  4071  3890   47K     2   14.93   14.93
c rst  luby ibes  vmt  1085  563K     667  1064     0    5.43    5.43  4071  3891   48K     2   14.95   14.95
c [distill] watch-based irred--  cl tried     2128 cl-sh     0 cl-rem    0 lit-rem      0 T: 0.01 T-out: N
c [distill] watch-based   red--  cl tried     5731 cl-sh     0 cl-rem    0 lit-rem      0 T: 0.06 T-out: Y
c rst  luby ibes  vmt  1086  563K     667  1064     0    5.43    5.43  4071  3891   48K     2   14.95   14.95
c rst  luby ibes  vmt  1087  563K     667  1064     0    5.43    5.43  4071  3891   48K     2   14.95   14.95
c rst  luby ibes  vmt  1088  564K     667  1064     0    5.43    5.43  4071  3892   48K     2   14.95   14.95
c rst  luby ibes  vmt  1089  564K     667  1064     0    5.43    5.43  4071  3892   48K     2   14.96   14.96
c rst  luby ibes  vmt  1090  564K     667  1064     0    5.43    5.43  4071  3892   48K     2   14.96   14.96
c rst  luby ibes  vmt  1091  564K     667  1064     0    5.43    5.43  4071  3892   48K     2   14.96   14.96
c rst  luby ibes  vmt  1092  564K     667  1064     0    5.43    5.43  4071  3895   49K     2   14.96   14.96
c rst  luby ibes  vmt  1093  565K     667  1064     0    5.43    5.43  4071  3897   50K     2   14.97   14.97
c rst  luby  svd  vmt  1094  565K     667  1064     0    5.43    5.43  4071  3897   50K     2   14.98   14.98
c rst  luby  svd  vmt  1095  565K     667  1064     0    5.43    5.43  4071  3897   50K     2   14.98   14.98
c rst  luby  svd  vmt  1096  566K     667  1064     0    5.43    5.43  4071  3897   50K     2   14.99   14.99
c rst  luby  svd  vmt  1097  566K     667  1064     0    5.43    5.43  4071  3899   50K     2   14.99   14.99
c rst  luby  svd  vmt  1098  566K     667  1064     0    5.43    5.43  4071  3901   50K     2   15.00   15.00
c rst  luby  svd  vmt  1099  566K     667  1064     0    5.43    5.43  4071  3901   50K     2   15.01   15.01
c rst  luby  svd  vmt  1100  566K     667  1064     0    5.43    5.43  4071  3903   51K     2   15.03   15.03
c rst  luby  svd  vmt  1101  567K     667  1064     0    5.43    5.43  4071  3903   51K     2   15.03   15.03
c rst  luby  svd  vmt  1102  567K     667  1064     0    5.43    5.43  4071  3908   51K     2   15.04   15.04
c rst  luby  svd  vmt  1103  567K     667  1064     0    5.43    5.43  4071  3908   51K     2   15.05   15.05
c rst  luby  svd  vmt  1104  567K     667  1064     0    5.43    5.43  4071  3908   51K     2   15.05   15.05
c rst  luby  svd  vmt  1105  567K     667  1064     0    5.43    5.43  4071  3909   51K     2   15.05   15.05
c rst  luby  svd  vmt  1106  567K     667  1064     0    5.43    5.43  4071  3909   52K     2   15.06   15.06
c rst  luby  svd  vmt  1107  568K     667  1064     0    5.43    5.43  4071  3910   52K     2   15.08   15.08
c rst  luby  svd  vmt  1108  568K     667  1064     0    5.43    5.43  4071  3915   53K     2   15.10   15.10
c rst  luby  svd  vmt  1109  570K     667  1064     0    5.43    5.43  4199  4088   39K     2   14.89   14.89
c rst  luby  svd  vmt  1110  570K     667  1064     0    5.43    5.43  4199  4088   39K     2   14.90   14.90
c rst  luby  svd  vmt  1111  570K     667  1064     0    5.43    5.43  4199  4089   39K     2   14.91   14.90
c rst  luby  svd  vmt  1112  570K     667  1064     0    5.43    5.43  4199  4091   39K     2   14.92   14.92
c rst  luby  svd  vmt  1113  571K     667  1064     0    5.43    5.43  4199  4091   39K     2   14.92   14.92
c rst  luby  svd  vmt  1114  571K     667  1064     0    5.43    5.43  4199  4092   39K     2   14.93   14.93
c rst  luby  svd  vmt  1115  571K     667  1064     0    5.43    5.43  4199  4095   39K     2   14.94   14.94
c [distill-bin] useful: 0/0/0 lits-rem: 0 cl-rem: 0 0-depth-assigns: 0 T: 0.00 T-out: N
c rst  luby  svd  vmt  1116  571K     667  1064     0    5.43    5.43  4199  4098   40K     2   14.97   14.97
c rst  luby  svd  vmt  1117  571K     667  1064     0    5.43    5.43  4199  4100   40K     2   14.97   14.97
c rst  luby  svd  vmt  1118  571K     667  1064     0    5.43    5.43  4199  4100   40K     2   14.98   14.98
c rst  luby  svd  vmt  1119  572K     667  1064     0    5.43    5.43  4199  4100   40K     2   14.99   14.99
c rst  luby  svd  vmt  1120  572K     667  1064     0    5.43    5.43  4199  4100   40K     2   15.00   15.00
c rst  luby  svd  vmt  1121  572K     667  1064     0    5.43    5.43  4199  4100   40K     2   15.01   15.01
c rst  luby  svd  vmt  1122  572K     667  1064     0    5.43    5.43  4199  4100   41K     2   15.02   15.02
c rst  luby  svd  vmt  1123  572K     667  1064     0    5.43    5.43  4199  4104   41K     2   15.04   15.04
c rst  luby  svd  vmt  1124  573K     667  1064     0    5.43    5.43  4199  4104   42K     2   15.08   15.08
c rst  luby  svd  vmt  1125  573K     667  1064     0    5.43    5.43  4199  4104   42K     2   15.09   15.09
c rst  luby  svd  vmt  1126  573K     667  1064     0    5.43    5.43  4199  4105   42K     2   15.09   15.09
c rst  luby  svd  vmt  1127  574K     667  1064     0    5.43    5.43  4199  4106   42K     2   15.11   15.11
c rst  luby  svd  vmt  1128  574K     667  1064     0    5.43    5.43  4199  4106   42K     2   15.11   15.11
c rst  luby  svd  vmt  1129  574K     667  1064     0    5.43    5.43  4199  4107   42K     2   15.12   15.12
c [distill-long-red0] cls tried: 133/133 T: 0.03 T-out: N T-r: 99.93%
c [distill-long-red1] cls tried: 412/851 T: 0.14 T-out: Y T-r: -0.11%
c rst  luby  svd  vmt  1130  574K     667  1064     0    5.43    5.43  4199  4109   43K     2   15.12   15.12
c rst  luby  svd  vmt  1131  574K     667  1064     0    5.43    5.43  4199  4121   43K     2   15.13   15.13
c rst  luby  svd  vmt  1132  575K     667  1064     0    5.43    5.43  4199  4121   43K     2   15.14   15.13
c rst  luby  svd  vmt  1133  575K     667  1064     0    5.43    5.43  4199  4121   43K     2   15.14   15.14
c rst  luby  svd  vmt  1134  575K     667  1064     0    5.43    5.43  4199  4123   43K     2   15.15   15.15
c rst  luby  svd  vmt  1135  575K     667  1064     0    5.43    5.43  4199  4123   44K     2   15.16   15.16
c rst  luby  svd  vmt  1136  575K     667  1064     0    5.43    5.43  4199  4124   44K     2   15.16   15.16
c rst  luby  svd  vmt  1137  575K     667  1064     0    5.43    5.43  4199  4124   44K     2   15.18   15.18
c rst  luby  svd  vmt  1138  576K     667  1064     0    5.43    5.43  4199  4127   44K     2   15.20   15.20
c rst  luby  svd  vmt  1139  577K     667  1064     0    5.43    5.43  4199  4143   45K     2   15.21   15.21
c rst  geom best  vmt  1140  577K     667  1064     0    5.43    5.43  4200  4143   45K     2   15.22   15.21
c rst  geom best  vmt  1141  577K     667  1064     0    5.43    5.43  4200  4144   45K     2   15.22   15.22
c rst  geom best  vmt  1142  577K     667  1064     0    5.43    5.43  4200  4145   45K     2   15.22   15.22
c rst  geom best  vmt  1143  577K     667  1064     0    5.43    5.43  4200  4145   46K     2   15.23   15.23
c rst  geom best  vmt  1144  577K     667  1064     0    5.43    5.43  4200  4146   46K     2   15.24   15.24
c rst  geom best  vmt  1145  577K     667  1064     0    5.43    5.43  4200  4148   46K     2   15.24   15.24
c rst  geom best  vmt  1146  578K     667  1064     0    5.43    5.43  4200  4148   46K     2   15.25   15.25
c rst  geom best  vmt  1147  578K     667  1064     0    5.43    5.43  4200  4150   46K     2   15.25   15.25
c rst  geom best  vmt  1148  578K     667  1064     0    5.43    5.43  4200  4153   47K     2   15.26   15.26
c rst  geom best  vmt  1149  578K     667  1064     0    5.43    5.43  4200  4156   47K     2   15.26   15.26
c rst  geom best  vmt  1150  579K     667  1064     0    5.43    5.43  4200  4156   47K     2   15.27   15.26
c rst  geom best  vmt  1151  579K     667  1064     0    5.43    5.43  4200  4157   47K     2   15.28   15.27
c [full-probe]  bin_only: 0 set: 0 repl: 0 T: 0.00 T-out: N T-r: 99.24%
c rst  geom best  vmt  1152  579K     667  1064     0    5.43    5.43  4200  4161   48K     2   15.28   15.28
c rst  geom best  vmt  1153  580K     667  1064     0    5.43    5.43  4302  3899   48K     2   15.29   15.29
c rst  geom best  vmt  1154  580K     667  1064     0    5.43    5.43  4302  3904   49K     2   15.30   15.30
c rst  geom best  vmt  1155  580K     667  1064     0    5.43    5.43  4302  3907   49K     2   15.31   15.31
c rst  geom best  vmt  1156  581K     667  1064     0    5.43    5.43  4302  3907   50K     2   15.31   15.31
c rst  geom best  vmt  1157  581K     667  1064     0    5.43    5.43  4302  3911   50K     2   15.33   15.33
c rst  geom best  vmt  1158  582K     667  1064     0    5.43    5.43  4302  3914   51K     2   15.33   15.32
c rst  geom best  vmt  1159  583K     667  1064     0    5.43    5.43  4302  3918   51K     2   15.32   15.32
c rst  geom best  vmt  1160  583K     667  1064     0    5.43    5.43  4302  3922   52K     2   15.33   15.33
c rst  geom best  vmt  1161  584K     667  1064     0    5.43    5.43  4302  3926   53K     2   15.34   15.34
c rst  geom best  vmt  1162  585K     667  1064     0    5.43    5.43  4327  4406   38K     2   15.12   15.12
c rst  geom best  vmt  1163  586K     667  1064     0    5.43    5.43  4327  4418   39K     2   15.09   15.09
c [impl-str] lit bin: 0 set-var: 0 T: 0.00 T-out: N T-r: 99.98% w-visit: 1344
c [impl-sub] bin: 0 T: 0.00 T-out: N w-visit: 1344
c rst  geom best  vmt  1164  587K     667  1064     0    5.43    5.43  4327  4425   40K     2   15.09   15.09
c rst  geom best  vmt  1165  588K     667  1064     0    5.43    5.43  4327  4431   42K     2   15.10   15.10
c [distill] watch-based irred--  cl tried     2128 cl-sh     0 cl-rem    0 lit-rem      0 T: 0.01 T-out: N
c [distill] watch-based   red--  cl tried     5603 cl-sh     0 cl-rem    0 lit-rem      0 T: 0.07 T-out: Y
c rst  geom  stb  vmt  1166  590K     667  1064     0    5.43    5.43  4419  4137   43K     2   15.13   15.12
c [distill-long-red0] cls tried: 98/98 T: 0.03 T-out: N T-r: 99.94%
c [distill-long-red1] cls tried: 420/921 T: 0.16 T-out: Y T-r: -0.35%
c rst  geom  stb  vmt  1167  591K     667  1064     0    5.43    5.43  4419  4155   44K     2   15.14   15.14
c [distill-bin] useful: 0/0/0 lits-rem: 0 cl-rem: 0 0-depth-assigns: 0 T: 0.00 T-out: N
c rst  geom  stb  vmt  1168  593K     667  1064     0    5.43    5.43  4421  4166   46K     2   15.19   15.19
c rst  geom  stb  vmt  1169  594K     667  1064     0    5.43    5.43  4422  4199   48K     2   15.24   15.24
c rst  geom  stb  vmt  1170  596K     667  1064     0    5.43    5.43  4423  4216   49K     2   15.24   15.24
c rst  geom  stb  vmt  1171  598K     667  1064     0    5.43    5.43  4424  4226   52K     2   15.33   15.33
c rst  geom  stb  vmt  1172  600K     667  1064     0    5.43    5.43  4626  4436   39K     2   15.07   15.07
c [branch] adjusting to: vsids (from: vmtf) var_decay:0.95 descr: VSIDS
c [full-probe]  bin_only: 1 set: 0 repl: 0 T: 0.00 T-out: N T-r: 99.97%
c rst  geom ibes   vs  1173  600K     667  1064     0    5.43    5.43  4626  4439   39K     2   15.07   15.07
c rst  geom ibes   vs  1174  601K     667  1064     0    5.43    5.43  4626  4441   39K     2   15.07   15.07
c rst  geom ibes   vs  1175  601K     667  1064     0    5.43    5.43  4626  4443   39K     2   15.07   15.07
c rst  geom ibes   vs  1176  601K     667  1064     0    5.43    5.43  4626  4443   39K     2   15.07   15.07
c rst  geom ibes   vs  1177  601K     667  1064     0    5.43    5.43  4626  4443   39K     2   15.07   15.06
c rst  geom ibes   vs  1178  601K     667  1064     0    5.43    5.43  4626  4444   40K     2   15.07   15.07
c rst  geom ibes   vs  1179  601K     667  1064     0    5.43    5.43  4626  4445   40K     2   15.07   15.07
c rst  geom ibes   vs  1180  602K     667  1064     0    5.43    5.43  4626  4447   40K     2   15.06   15.06
c rst  geom ibes   vs  1181  602K     667  1064     0    5.43    5.43  4626  4447   40K     2   15.06   15.06
c rst  geom ibes   vs  1182  602K     667  1064     0    5.43    5.43  4626  4448   41K     2   15.06   15.06
c rst  geom ibes   vs  1183  602K     667  1064     0    5.43    5.43  4626  4448   41K     2   15.06   15.06
c rst  geom ibes   vs  1184  603K     667  1064     0    5.43    5.43  4626  4449   41K     2   15.05   15.05
c rst  geom ibes   vs  1185  603K     667  1064     0    5.43    5.43  4626  4450   41K     2   15.05   15.05
c rst  geom ibes   vs  1186  603K     667  1064     0    5.43    5.43  4626  4452   42K     2   15.05   15.05
c rst  geom ibes   vs  1187  604K     667  1064     0    5.43    5.43  4626  4454   42K     2   15.04   15.04
c rst  geom ibes   vs  1188  604K     667  1064     0    5.43    5.43  4626  4454   43K     2   15.03   15.03
c rst  geom ibes   vs  1189  605K     667  1064     0    5.43    5.43  4626  4456   43K     2   15.03   15.03
c [distill-long-red0] cls tried: 96/96 T: 0.03 T-out: N T-r: 99.95%
c [distill-long-red1] cls tried: 378/1008 T: 0.15 T-out: Y T-r: -0.65%
c rst  geom ibes   vs  1190  605K     667  1064     0    5.43    5.43  4626  4457   44K     2   15.03   15.03
c rst  geom ibes   vs  1191  606K     667  1064     0    5.43    5.43  4626  4459   44K     2   15.02   15.02
c rst  geom ibes   vs  1192  607K     667  1064     0    5.43    5.43  4626  4462   45K     2   15.01   15.01
c rst  geom ibes   vs  1193  607K     667  1064     0    5.43    5.43  4626  4466   46K     2   15.01   15.01
c rst  geom ibes   vs  1194  608K     667  1064     0    5.43    5.43  4626  4473   46K     2   15.01   15.01
c rst  geom ibes   vs  1195  609K     667  1064     0    5.43    5.43  4626  4480   47K     2   14.99   14.99
c rst  geom ibes   vs  1196  610K     667  1064     0    5.43    5.43  4705  4206   48K     2   14.97   14.97
c rst  geom ibes   vs  1197  611K     667  1064     0    5.43    5.43  4705  4211   50K     2   14.94   14.94
c [distill-bin] useful: 0/0/0 lits-rem: 0 cl-rem: 0 0-depth-assigns: 0 T: 0.00 T-out: N
c rst  geom ibes   vs  1198  612K     667  1064     0    5.43    5.43  4705  4213   51K     2   14.91   14.91
c rst  geom  svd   vs  1199  612K     667  1064     0    5.43    5.43  4705  4214   51K     2   14.91   14.91
c ecursive minimization cost OK: 595Kcost/(% lits removed)
c [g 0] truth-find prop checks  : 17957K
c [g 0] -> of which prop        : 72.53 %
c [g 0] -> of which confl       :  0.52 %
c [g 0] elim called             : 202K
c [g 0] ---> which lead to prop : 1073.34 %
c [g 0] ---> which lead to confl:  4.12 %
c [g 0] size: 627   x 666  
c --> Executing strategy token: scc-vrepl
c [scc] new: 0 BP 0M T: 0.00
c [vrep] vars 0 lits 0 rem-bin-cls 0 rem-long-cls 0 BP 0M T: 0.01
c --> Executing strategy token: sub-impl
c [impl-sub] bin: 0 T: 0.00 T-out: N w-visit: 1344
c --> Executing strategy token: breakid
c Executing OCC strategy token(s): 'occ-backw-sub-str,occ-clean-implicit,occ-bve,occ-bva,occ-ternary-res,occ-xor,
c [occ] mem usage for occur 0      MB
c [occ] Linked in IRRED BIN by default: 0
c [occ] Linked in RED   BIN by default: 2
c [occ] mem usage for occur 0      MB
c Mem for watch alloc      : 9           MB (0.00      %)
c Mem for watch array      : 0           MB (0.00      %)
c Executing OCC strategy token: occ-backw-sub-str
c [occ-backw-sub-str-long-w-bins] subs: 0 str: 0 tried: 134 0-depth ass: 0 T: 0.00 T-out: N T-r: 100.00%
c [occ-backw-sub-long-w-long] rem cl: 611 tried: 61492/61492 (100.0%) T: 0.02 T-out: N T-r: 87.32%
c [occ-backw-sub-str-long-w-long] sub: 141 str: 513 tried: 184476/61492 (300.0)  T: 0.11 T-out: N T-r: 81.09%
c Executing OCC strategy token: occ-clean-implicit
c Executing OCC strategy token: occ-bve
c [occ-empty-res] Empty resolvent elimed: 0 T: 0.00 T-out: N
c [occ-bve] iter v-elim 0
c cl_inc_rate=1.0, var_dec_rate=1.0 (grow=0)
c Reduced to 667 vars, 1064 cls (grow=0)
c [occ-bve] iter v-elim 0
c cl_inc_rate=1.0, var_dec_rate=1.0 (grow=3)
c Reduced to 667 vars, 1064 cls (grow=3)
c [occ-bve] iter v-elim 0
c cl_inc_rate=1.0, var_dec_rate=1.0 (grow=4)
c Reduced to 667 vars, 1064 cls (grow=4)
c [occ-bve] iter v-elim 0
c cl_inc_rate=1.0, var_dec_rate=1.0 (grow=6)
c Reduced to 667 vars, 1064 cls (grow=6)
c [occ-bve] iter v-elim 0
c cl_inc_rate=1.0, var_dec_rate=1.0 (grow=9)
c Reduced to 667 vars, 1064 cls (grow=9)
c [occ-bve] iter v-elim 0
c cl_inc_rate=1.0, var_dec_rate=1.0 (grow=13)
c Reduced to 667 vars, 1064 cls (grow=13)
c [occ-bve] iter v-elim 0
c cl_inc_rate=1.0, var_dec_rate=1.0 (grow=16)
c Reduced to 667 vars, 1064 cls (grow=16)
c x n vars       : 667
c #try to eliminate:     7
c #var-elim        :     0
c #T-o: N
c #T-r: 100.00%
c #T  : 0.00
c [occur] 0.02 is overhead
c [occur] link-in T: 0.02 cleanup T: 0.00
c [occ-xor-bve] elimed: 0 T: 0.00 T-out: N
c Executing OCC strategy token: occ-bva
c Executing OCC strategy token: occ-ternary-res
c [occ-ternary-res] Ternary res-tri: 0 res-bin: 0 sub: 0 str: 0 T: 0.00 T-out: N T-r: 99.86%
c Executing OCC strategy token: occ-xor
c [occ-xor] sort occur list T: 0.00
c [occ-xor] found      0 T: 0.00 T-out: N T-r: 100.00%
c --> Executing strategy token: card-find
c --> Executing strategy token: cl-consolidate
c Not consolidating memory.
c --> Executing strategy token: scc-vrepl
c [scc] new: 0 BP 0M T: 0.00
c [vrep] vars 0 lits 0 rem-bin-cls 0 rem-long-cls 0 BP 0M T: 0.01
c --> Executing strategy token: renumber
c --> Executing strategy token: louvain-comms
c [consolidate] mini T: 0.00
c global_timeout_multiplier: 4.8315
c [branch] rebuilding order heap for all branchings. Current branching: vsids
c [gauss] clauses deleted that are represented by XORs: 0 xorclauses: 632 GJ matrices: 0 T: 0.00
c [find&init matx] performing matrix init
c [matrix] Good   matrix  0    632 x  666  density:0.0063  xorlen avg:  4.20
c [matrix] Using 1 matrices recovered from 0 xors T: 0.00 T-out: N
c rst  geom  svd   vs  1200  613K     667  1064     0    5.43    5.43  3972  4629   52K     2   15.01   15.01
c [distill] watch-based irred--  cl tried     2128 cl-sh     0 cl-rem    0 lit-rem      0 T: 0.02 T-out: N
c [distill] watch-based   red--  cl tried     4287 cl-sh     0 cl-rem    0 lit-rem      0 T: 0.07 T-out: Y
c rst  geom  svd   vs  1201  615K     667  1064     0    5.43    5.43  3972  4677   38K     2   14.32   14.32
c rst  geom  svd   vs  1202  616K     667  1064     0    5.43    5.43  3972  4682   40K     2   14.41   14.41
c rst  geom  svd   vs  1203  618K     667  1064     0    5.43    5.43  3972  4690   41K     2   14.48   14.48
c rst  geom  svd   vs  1204  620K     667  1064     0    5.43    5.43  4011  4484   43K     2   14.53   14.53
c [distill-long-red0] cls tried: 65/65 T: 0.03 T-out: N T-r: 99.96%
c [distill-long-red1] cls tried: 300/1041 T: 0.15 T-out: Y T-r: -0.51%
c rst  geom  svd   vs  1205  622K     667  1064     0    5.43    5.43  4011  4490   46K     2   14.56   14.56
c [full-probe]  bin_only: 0 set: 0 repl: 0 T: 0.01 T-out: N T-r: 99.36%
c rst  geom  svd   vs  1206  624K     667  1064     0    5.43    5.43  4011  4492   48K     2   14.61   14.61
c rst  geom best   vs  1207  627K     667  1064     0    5.43    5.43  4012  4499   50K     2   14.65   14.65
c rst  geom best   vs  1208  629K     667  1064     0    5.43    5.43  4012  4505   53K     2   14.67   14.67
c rst  geom best   vs  1209  632K     667  1064     0    5.43    5.43  4058  4661   41K     2   14.20   14.20
c [distill-bin] useful: 0/0/0 lits-rem: 0 cl-rem: 0 0-depth-assigns: 0 T: 0.00 T-out: N
c rst  geom best   vs  1210  636K     667  1064     0    5.43    5.43  4058  4683   44K     2   14.20   14.20
c [distill-long-red0] cls tried: 28/28 T: 0.01 T-out: N T-r: 99.99%
c [distill-long-red1] cls tried: 397/1089 T: 0.16 T-out: Y T-r: -0.28%
c rst  geom  stb   vs  1211  639K     667  1064     0    5.43    5.43  4059  4698   48K     2   14.31   14.31
c [distill] watch-based irred--  cl tried     2128 cl-sh     0 cl-rem    0 lit-rem      0 T: 0.02 T-out: N
c [distill] watch-based   red--  cl tried     5825 cl-sh     0 cl-rem    0 lit-rem      0 T: 0.07 T-out: Y
c rst  geom  stb   vs  1212  643K     667  1064     0    5.43    5.43  4106  4488   52K     2   14.43   14.43
c [full-probe]  bin_only: 1 set: 0 repl: 0 T: 0.00 T-out: N T-r: 99.96%
c rst  geom  stb   vs  1213  648K     667  1064     0    5.43    5.43  4112  4914   41K     2   14.18   14.18
c [impl-str] lit bin: 0 set-var: 0 T: 0.00 T-out: N T-r: 99.98% w-visit: 1344
c [impl-sub] bin: 0 T: 0.00 T-out: N w-visit: 1344
c rst  geom ibes   vs  1214  653K     667  1064     0    5.43    5.43  4167  4632   46K     2   14.11   14.11
c [distill-long-red0] cls tried: 50/50 T: 0.01 T-out: N T-r: 99.97%
c [distill-long-red1] cls tried: 352/1124 T: 0.17 T-out: Y T-r: -0.26%
c [distill-bin] useful: 0/0/0 lits-rem: 0 cl-rem: 0 0-depth-assigns: 0 T: 0.00 T-out: N
c rst  geom ibes   vs  1215  658K     667  1064     0    5.43    5.43  4167  4709   51K     2   14.04   14.04
c rst  geom ibes   vs  1216  664K     667  1064     0    5.43    5.43  4289  5210   42K     2   13.52   13.52
c [full-probe]  bin_only: 0 set: 0 repl: 0 T: 0.00 T-out: N T-r: 99.38%
c rst  geom  svd   vs  1217  670K     667  1064     0    5.43    5.43  4396  4957   48K     2   13.56   13.56
c [branch] adjusting to: vmtf (from: vsids) var_decay:0.95 descr: VMTF
c [distill-long-red0] cls tried: 115/115 T: 0.03 T-out: N T-r: 99.92%
c [distill-long-red1] cls tried: 239/1661 T: 0.18 T-out: Y T-r: -0.74%
c [distill] watch-based irred--  cl tried     2128 cl-sh     0 cl-rem    0 lit-rem      0 T: 0.01 T-out: N
c [distill] watch-based   red--  cl tried     6238 cl-sh     0 cl-rem    0 lit-rem      0 T: 0.07 T-out: Y
c rst  luby  svd  vmt  1218  670K     667  1064     0    5.43    5.43  4396  4957   49K     2   13.57   13.57
c rst  luby  svd  vmt  1219  670K     667  1064     0    5.43    5.43  4396  4957   49K     2   13.57   13.57
c rst  luby  svd  vmt  1220  671K     667  1064     0    5.43    5.43  4396  4957   49K     2   13.58   13.58
c rst  luby  svd  vmt  1221  671K     667  1064     0    5.43    5.43  4396  4958   49K     2   13.58   13.58
c rst  luby  svd  vmt  1222  671K     667  1064     0    5.43    5.43  4396  4959   49K     2   13.59   13.58
c rst  luby  svd  vmt  1223  671K     667  1064     0    5.43    5.43  4396  4960   49K     2   13.59   13.59
c rst  luby  svd  vmt  1224  671K     667  1064     0    5.43    5.43  4396  4961   50K     2   13.61   13.60
c rst  luby  svd  vmt  1225  671K     667  1064     0    5.43    5.43  4396  4961   50K     2   13.61   13.61
c rst  luby  svd  vmt  1226  672K     667  1064     0    5.43    5.43  4396  4961   50K     2   13.62   13.62
c rst  luby  svd  vmt  1227  672K     667  1064     0    5.43    5.43  4396  4963   50K     2   13.63   13.63
c rst  luby  svd  vmt  1228  672K     667  1064     0    5.43    5.43  4396  4963   50K     2   13.63   13.63
c rst  luby  svd  vmt  1229  672K     667  1064     0    5.43    5.43  4396  4963   50K     2   13.64   13.64
c rst  luby  svd  vmt  1230  672K     667  1064     0    5.43    5.43  4396  4966   50K     2   13.65   13.65
c rst  luby  svd  vmt  1231  673K     667  1064     0    5.43    5.43  4397  4969   51K     2   13.67   13.67
c rst  luby  svd  vmt  1232  673K     667  1064     0    5.43    5.43  4397  4980   52K     2   13.72   13.72
c [distill-bin] useful: 0/0/0 lits-rem: 0 cl-rem: 0 0-depth-assigns: 0 T: 0.00 T-out: N
c rst  luby  svd  vmt  1233  673K     667  1064     0    5.43    5.43  4397  4981   52K     2   13.72   13.72
c rst  luby  svd  vmt  1234  674K     667  1064     0    5.43    5.43  4397  4981   52K     2   13.72   13.72
c rst  luby  svd  vmt  1235  674K     667  1064     0    5.43    5.43  4397  4981   52K     2   13.73   13.73
c rst  luby  svd  vmt  1236  674K     667  1064     0    5.43    5.43  4397  4981   52K     2   13.74   13.74
c rst  luby  svd  vmt  1237  674K     667  1064     0    5.43    5.43  4397  4981   52K     2   13.75   13.75
c rst  luby  svd  vmt  1238  674K     667  1064     0    5.43    5.43  4397  4986   52K     2   13.76   13.75
c rst  luby  svd  vmt  1239  675K     667  1064     0    5.43    5.43  4426  5650   38K     2   13.45   13.45
c rst  luby  svd  vmt  1240  675K     667  1064     0    5.43    5.43  4426  5651   38K     2   13.46   13.46
c rst  luby  svd  vmt  1241  675K     667  1064     0    5.43    5.43  4426  5651   38K     2   13.47   13.47
c rst  luby  svd  vmt  1242  675K     667  1064     0    5.43    5.43  4426  5652   38K     2   13.49   13.49
c rst  luby  svd  vmt  1243  675K     667  1064     0    5.43    5.43  4426  5652   38K     2   13.49   13.49
c rst  luby  svd  vmt  1244  675K     667  1064     0    5.43    5.43  4426  5652   38K     2   13.50   13.50
c rst  luby  svd  vmt  1245  675K     667  1064     0    5.43    5.43  4426  5652   38K     2   13.53   13.53
c rst  luby  svd  vmt  1246  676K     667  1064     0    5.43    5.43  4426  5657   39K     2   13.56   13.56
c rst  geom best  vmt  1247  676K     667  1064     0    5.43    5.43  4426  5659   39K     2   13.57   13.57
c rst  geom best  vmt  1248  676K     667  1064     0    5.43    5.43  4426  5660   39K     2   13.58   13.58
c rst  geom best  vmt  1249  676K     667  1064     0    5.43    5.43  4426  5662   39K     2   13.59   13.59
c rst  geom best  vmt  1250  676K     667  1064     0    5.43    5.43  4426  5662   39K     2   13.60   13.60
c rst  geom best  vmt  1251  676K     667  1064     0    5.43    5.43  4426  5664   39K     2   13.61   13.61
c rst  geom best  vmt  1252  677K     667  1064     0    5.43    5.43  4426  5669   40K     2   13.63   13.63
c rst  geom best  vmt  1253  677K     667  1064     0    5.43    5.43  4426  5669   40K     2   13.65   13.65
c rst  geom best  vmt  1254  677K     667  1064     0    5.43    5.43  4426  5671   40K     2   13.66   13.66
c rst  geom best  vmt  1255  677K     667  1064     0    5.43    5.43  4426  5672   40K     2   13.68   13.68
c rst  geom best  vmt  1256  678K     667  1064     0    5.43    5.43  4426  5672   41K     2   13.70   13.70
c rst  geom best  vmt  1257  678K     667  1064     0    5.43    5.43  4426  5673   41K     2   13.72   13.72
c rst  geom best  vmt  1258  678K     667  1064     0    5.43    5.43  4426  5675   41K     2   13.74   13.74
c rst  geom best  vmt  1259  678K     667  1064     0    5.43    5.43  4426  5676   41K     2   13.77   13.77
c rst  geom best  vmt  1260  679K     667  1064     0    5.43    5.43  4426  5680   42K     2   13.80   13.80
c rst  geom best  vmt  1261  679K     667  1064     0    5.43    5.43  4426  5683   42K     2   13.83   13.83
c rst  geom best  vmt  1262  680K     667  1064     0    5.43    5.43  4528  5188   43K     2   13.86   13.86
c rst  geom best  vmt  1263  680K     667  1064     0    5.43    5.43  4528  5190   44K     2   13.89   13.89
c rst  geom best  vmt  1264  681K     667  1064     0    5.43    5.43  4528  5196   44K     2   13.91   13.91
c rst  geom best  vmt  1265  681K     667  1064     0    5.43    5.43  4528  5202   45K     2   13.92   13.92
c rst  geom best  vmt  1266  682K     667  1064     0    5.43    5.43  4528  5203   45K     2   13.95   13.95
c rst  geom best  vmt  1267  683K     667  1064     0    5.43    5.43  4528  5204   46K     2   13.98   13.98
c rst  geom best  vmt  1268  684K     667  1064     0    5.43    5.43  4528  5216   47K     2   14.01   14.01
c rst  geom best  vmt  1269  684K     667  1064     0    5.43    5.43  4528  5219   48K     2   14.05   14.05
c [full-probe]  bin_only: 1 set: 0 repl: 0 T: 0.00 T-out: N T-r: 99.97%
c rst  geom best  vmt  1270  685K     667  1064     0    5.43    5.43  4528  5225   49K     2   14.09   14.09
c [distill-long-red0] cls tried: 76/76 T: 0.03 T-out: N T-r: 99.94%
c [distill-long-red1] cls tried: 262/2084 T: 0.17 T-out: Y T-r: -0.43%
c rst  geom best  vmt  1271  686K     667  1064     0    5.43    5.43  4528  5234   50K     2   14.11   14.11
c rst  geom best  vmt  1272  688K     667  1064     0    5.43    5.43  4528  5238   51K     2   14.15   14.15
c rst  geom best  vmt  1273  689K     667  1064     0    5.43    5.43  4528  5241   52K     2   14.21   14.21
c rst  geom  stb  vmt  1274  690K     667  1064     0    5.43    5.43  4658  5237   39K     2   13.96   13.96
c rst  geom  stb  vmt  1275  692K     667  1064     0    5.43    5.43  4658  5248   40K     2   14.00   14.00
c rst  geom  stb  vmt  1276  693K     667  1064     0    5.43    5.43  4658  5256   42K     2   14.09   14.09
c [distill-bin] useful: 0/0/0 lits-rem: 0 cl-rem: 0 0-depth-assigns: 0 T: 0.00 T-out: N
c rst  geom  stb  vmt  1277  695K     667  1064     0    5.43    5.43  4658  5263   44K     2   14.13   14.12
c [distill] watch-based irred--  cl tried     2128 cl-sh     0 cl-rem    0 lit-rem      0 T: 0.01 T-out: N
c [distill] watch-based   red--  cl tried     5675 cl-sh     0 cl-rem    0 lit-rem      0 T: 0.07 T-out: Y
c rst  geom  stb  vmt  1278  697K     667  1064     0    5.43    5.43  4658  5285   46K     2   14.14   14.14
c rst  geom  stb  vmt  1279  700K     667  1064     0    5.43    5.43  4736  5031   48K     2   14.19   14.19
c rst  geom  stb  vmt  1280  702K     667  1064     0    5.43    5.43  4736  5062   51K     2   14.21   14.21
c [distill-long-red0] cls tried: 126/126 T: 0.05 T-out: N T-r: 99.91%
c [distill-long-red1] cls tried: 330/2162 T: 0.16 T-out: Y T-r: -0.58%
c rst  geom ibes  vmt  1281  705K     667  1064     0    5.43    5.43  4777  5652   38K     2   14.51   14.51
c [full-probe]  bin_only: 0 set: 0 repl: 0 T: 0.00 T-out: N T-r: 99.41%
c rst  geom ibes  vmt  1282  708K     667  1064     0    5.43    5.43  4777  5696   41K     2   14.48   14.48
c [impl-str] lit bin: 0 set-var: 0 T: 0.00 T-out: N T-r: 99.98% w-visit: 1344
c [impl-sub] bin: 0 T: 0.00 T-out: N w-visit: 1344
c rst  geom ibes  vmt  1283  711K     667  1064     0    5.43    5.43  4934  5249   45K     2   14.43   14.43
c rst  geom ibes  vmt  1284  715K     667  1064     0    5.43    5.43  4934  5279   48K     2   14.48   14.48
c [distill-bin] useful: 0/0/0 lits-rem: 0 cl-rem: 0 0-depth-assigns: 0 T: 0.00 T-out: N
c rst  geom  svd  vmt  1285  719K     667  1064     0    5.43    5.43  4937  5312   52K     2   14.58   14.58
c [distill-long-red0] cls tried: 130/130 T: 0.05 T-out: N T-r: 99.92%
c [distill-long-red1] cls tried: 349/2330 T: 0.18 T-out: Y T-r: -0.58%
c rst  geom  svd  vmt  1286  723K     667  1064     0    5.43    5.43  5027  5650   41K     2   14.17   14.16
c [distill] watch-based irred--  cl tried     2128 cl-sh     0 cl-rem    0 lit-rem      0 T: 0.01 T-out: N
c [distill] watch-based   red--  cl tried     6212 cl-sh     0 cl-rem    0 lit-rem      0 T: 0.07 T-out: Y
c rst  geom  svd  vmt  1287  728K     667  1064     0    5.43    5.43  5027  5665   46K     2   14.25   14.25
c [full-probe]  bin_only: 1 set: 0 repl: 0 T: 0.00 T-out: N T-r: 99.97%
c rst  geom best  vmt  1288  733K     667  1064     0    5.43    5.43  5081  4994   52K     2   14.30   14.29
c rst  geom best  vmt  1289  739K     667  1064     0    5.43    5.43  5099  5350   43K     2   13.82   13.82
c [branch] adjusting to: vsids (from: vmtf) var_decay:0.95 descr: VSIDS
c [distill-long-red0] cls tried: 114/114 T: 0.03 T-out: N T-r: 99.93%
c [distill-long-red1] cls tried: 341/2517 T: 0.17 T-out: Y T-r: -0.60%
c [distill-bin] useful: 0/0/0 lits-rem: 0 cl-rem: 0 0-depth-assigns: 0 T: 0.00 T-out: N
c rst  geom best   vs  1290  739K     667  1064     0    5.43    5.43  5099  5353   43K     2   13.82   13.82
c rst  geom best   vs  1291  739K     667  1064     0    5.43    5.43  5099  5353   43K     2   13.82   13.82
c rst  geom best   vs  1292  739K     667  1064     0    5.43    5.43  5099  5353   44K     2   13.83   13.83
c rst  geom best   vs  1293  740K     667  1064     0    5.43    5.43  5158  4495   45K     2   13.83   13.83
c rst  geom best   vs  1294  740K     667  1064     0    5.43    5.43  5158  4498   45K     2   13.84   13.84
c rst  geom best   vs  1295  740K     667  1064     0    5.43    5.43  5158  4499   45K     2   13.84   13.84
c rst  geom best   vs  1296  740K     667  1064     0    5.43    5.43  5158  4499   45K     2   13.85   13.85
c rst  geom best   vs  1297  740K     667  1064     0    5.43    5.43  5158  4500   45K     2   13.86   13.86
c rst  geom  stb   vs  1298  741K     667  1064     0    5.43    5.43  5158  4500   46K     2   13.87   13.87
c rst  geom  stb   vs  1299  741K     667  1064     0    5.43    5.43  5158  4500   46K     2   13.88   13.87
c rst  geom  stb   vs  1300  741K     667  1064     0    5.43    5.43  5158  4500   46K     2   13.89   13.89
c rst  geom  stb   vs  1301  741K     667  1064     0    5.43    5.43  5158  4501   46K     2   13.90   13.90
c rst  geom  stb   vs  1302  742K     667  1064     0    5.43    5.43  5158  4503   47K     2   13.92   13.92
c rst  geom  stb   vs  1303  742K     667  1064     0    5.43    5.43  5158  4505   47K     2   13.93   13.93
c rst  geom  stb   vs  1304  743K     667  1064     0    5.43    5.43  5158  4508   48K     2   13.95   13.94
c rst  geom  stb   vs  1305  743K     667  1064     0    5.43    5.43  5158  4510   48K     2   13.96   13.96
c rst  geom  stb   vs  1306  744K     667  1064     0    5.43    5.43  5158  4510   48K     2   13.98   13.98
c rst  geom  stb   vs  1307  744K     667  1064     0    5.43    5.43  5158  4510   49K     2   14.01   14.01
c rst  geom  stb   vs  1308  745K     667  1064     0    5.43    5.43  5158  4511   50K     2   14.03   14.03
c rst  geom  stb   vs  1309  745K     667  1064     0    5.43    5.43  5158  4513   50K     2   14.04   14.04
c rst  geom  stb   vs  1310  746K     667  1064     0    5.43    5.43  5158  4515   51K     2   14.06   14.05
c rst  geom  stb   vs  1311  747K     667  1064     0    5.43    5.43  5158  4518   52K     2   14.07   14.07
c rst  geom  stb   vs  1312  748K     667  1064     0    5.43    5.43  5158  4520   53K     2   14.11   14.11
c rst  geom  stb   vs  1313  749K     667  1064     0    5.43    5.43  5158  4522   54K     2   14.13   14.13
c [full-probe]  bin_only: 0 set: 0 repl: 0 T: 0.01 T-out: N T-r: 99.26%
c [distill] watch-based irred--  cl tried     2128 cl-sh     0 cl-rem    0 lit-rem      0 T: 0.02 T-out: N
c [distill] watch-based   red--  cl tried     3913 cl-sh     0 cl-rem    0 lit-rem      0 T: 0.07 T-out: Y
c rst  geom  stb   vs  1314  750K     667  1064     0    5.43    5.43  5194  4489   40K     2   14.03   14.03
c rst  geom  stb   vs  1315  751K     667  1064     0    5.43    5.43  5194  4495   41K     2   14.04   14.04
c rst  geom  stb   vs  1316  752K     667  1064     0    5.43    5.43  5194  4499   42K     2   14.05   14.05
c rst  geom  stb   vs  1317  754K     667  1064     0    5.43    5.43  5194  4501   43K     2   14.09   14.09
c rst  geom ibes   vs  1318  755K     667  1064     0    5.43    5.43  5194  4521   45K     2   14.05   14.05
c [distill-long-red0] cls tried: 68/68 T: 0.03 T-out: N T-r: 99.96%
c [distill-long-red1] cls tried: 368/1954 T: 0.19 T-out: Y T-r: -0.29%
c rst  geom ibes   vs  1319  757K     667  1064     0    5.43    5.43  5194  4525   47K     2   14.06   14.06
c rst  geom ibes   vs  1320  759K     667  1064     0    5.43    5.43  5194  4537   48K     2   14.06   14.06
c rst  geom ibes   vs  1321  761K     667  1064     0    5.43    5.43  5248  4247   51K     2   14.03   14.03
c [distill-bin] useful: 0/0/0 lits-rem: 0 cl-rem: 0 0-depth-assigns: 0 T: 0.00 T-out: N
c rst  geom ibes   vs  1322  763K     667  1064     0    5.43    5.43  5248  4269   53K     2   14.03   14.03
c rst  geom ibes   vs  1323  765K     667  1064     0    5.43    5.43  5268  4884   40K     2   13.47   13.47
c rst  geom ibes   vs  1324  768K     667  1064     0    5.43    5.43  5268  4912   42K     2   13.47   13.47
c [impl-str] lit bin: 0 set-var: 0 T: 0.00 T-out: N T-r: 99.98% w-visit: 1344
c [impl-sub] bin: 0 T: 0.00 T-out: N w-visit: 1344
c rst  geom  svd   vs  1325  771K     667  1064     0    5.43    5.43  5335  4555   46K     2   13.57   13.57
c [distill-long-red0] cls tried: 99/99 T: 0.04 T-out: N T-r: 99.93%
c [distill-long-red1] cls tried: 285/2009 T: 0.20 T-out: Y T-r: -0.47%
c [full-probe]  bin_only: 1 set: 0 repl: 0 T: 0.00 T-out: N T-r: 99.97%
c rst  geom  svd   vs  1326  774K     667  1064     0    5.43    5.43  5335  4579   49K     2   13.63   13.63
c [distill] watch-based irred--  cl tried     2128 cl-sh     0 cl-rem    0 lit-rem      0 T: 0.01 T-out: N
c [distill] watch-based   red--  cl tried     5300 cl-sh     0 cl-rem    0 lit-rem      0 T: 0.08 T-out: Y
c rst  geom  svd   vs  1327  778K     667  1064     0    5.43    5.43  5335  4592   52K     2   13.68   13.68
c rst  geom  svd   vs  1328  782K     667  1064     0    5.43    5.43  5409  4553   41K     2   13.50   13.50
c [distill-bin] useful: 0/0/0 lits-rem: 0 cl-rem: 0 0-depth-assigns: 0 T: 0.00 T-out: N
c rst  geom best   vs  1329  786K     667  1064     0    5.43    5.43  5409  4627   45K     2   13.52   13.52
c [distill-long-red0] cls tried: 53/53 T: 0.02 T-out: N T-r: 99.96%
c [distill-long-red1] cls tried: 301/2106 T: 0.19 T-out: Y T-r: -0.39%
c rst  geom best   vs  1330  791K     667  1064     0    5.43    5.43  5512  4282   50K     2   13.57   13.57
c [full-probe]  bin_only: 0 set: 0 repl: 0 T: 0.00 T-out: N T-r: 99.27%
c rst  geom best   vs  1331  797K     667  1064     0    5.43    5.43  5542  5030   40K     2   13.09   13.09
c rst  geom  stb   vs  1332  802K     667  1064     0    5.43    5.43  5632  4817   46K     2   13.19   13.19
c [distill-long-red0] cls tried: 137/137 T: 0.05 T-out: N T-r: 99.90%
c [distill-long-red1] cls tried: 262/2349 T: 0.18 T-out: Y T-r: -0.54%
c [distill-bin] useful: 0/0/0 lits-rem: 0 cl-rem: 0 0-depth-assigns: 0 T: 0.00 T-out: N
c [distill] watch-based irred--  cl tried     2128 cl-sh     0 cl-rem    0 lit-rem      0 T: 0.01 T-out: N
c [distill] watch-based   red--  cl tried     6643 cl-sh     0 cl-rem    0 lit-rem      0 T: 0.07 T-out: Y
c rst  geom  stb   vs  1333  809K     667  1064     0    5.43    5.43  5632  4882   53K     2   13.22   13.22
c rst  geom  stb   vs  1334  816K     667  1064     0    5.43    5.43  5749  5337   44K     2   13.02   13.02
c [full-probe]  bin_only: 1 set: 0 repl: 0 T: 0.00 T-out: N T-r: 99.97%
c rst  geom ibes   vs  1335  824K     667  1064     0    5.43    5.43  5859  5279   52K     2   13.01   13.01
c [branch] adjusting to: vmtf (from: vsids) var_decay:0.95 descr: VMTF
c [distill-long-red0] cls tried: 145/145 T: 0.07 T-out: N T-r: 99.89%
c [distill-long-red1] cls tried: 206/2894 T: 0.20 T-out: Y T-r: -0.61%
c [distill-bin] useful: 0/0/0 lits-rem: 0 cl-rem: 0 0-depth-assigns: 0 T: 0.00 T-out: N
c rst  luby ibes  vmt  1336  824K     667  1064     0    5.43    5.43  5859  5279   52K     2   13.01   13.01
c rst  luby ibes  vmt  1337  824K     667  1064     0    5.43    5.43  5859  5280   52K     2   13.01   13.01
c rst  luby ibes  vmt  1338  824K     667  1064     0    5.43    5.43  5859  5280   52K     2   13.01   13.01
c rst  luby ibes  vmt  1339  824K     667  1064     0    5.43    5.43  5859  5281   52K     2   13.01   13.01
c rst  luby ibes  vmt  1340  824K     667  1064     0    5.43    5.43  5859  5283   52K     2   13.01   13.01
c rst  luby ibes  vmt  1341  824K     667  1064     0    5.43    5.43  5859  5285   53K     2   13.02   13.02
c rst  luby ibes  vmt  1342  825K     667  1064     0    5.43    5.43  5895  6250   37K     2   12.61   12.61
c rst  luby ibes  vmt  1343  825K     667  1064     0    5.43    5.43  5895  6251   37K     2   12.62   12.61
c rst  luby ibes  vmt  1344  825K     667  1064     0    5.43    5.43  5895  6252   38K     2   12.62   12.62
c rst  luby ibes  vmt  1345  825K     667  1064     0    5.43    5.43  5895  6255   38K     2   12.62   12.62
c rst  luby ibes  vmt  1346  825K     667  1064     0    5.43    5.43  5895  6255   38K     2   12.63   12.63
c rst  luby ibes  vmt  1347  826K     667  1064     0    5.43    5.43  5895  6255   38K     2   12.64   12.64
c rst  luby ibes  vmt  1348  826K     667  1064     0    5.43    5.43  5895  6256   38K     2   12.64   12.64
c rst  luby ibes  vmt  1349  826K     667  1064     0    5.43    5.43  5895  6256   39K     2   12.65   12.65
c rst  luby ibes  vmt  1350  827K     667  1064     0    5.43    5.43  5895  6265   39K     2   12.68   12.68
c rst  luby ibes  vmt  1351  827K     667  1064     0    5.43    5.43  5895  6266   39K     2   12.68   12.68
c rst  luby ibes  vmt  1352  827K     667  1064     0    5.43    5.43  5895  6270   40K     2   12.68   12.68
c rst  luby ibes  vmt  1353  827K     667  1064     0    5.43    5.43  5895  6278   40K     2   12.67   12.67
c rst  luby ibes  vmt  1354  827K     667  1064     0    5.43    5.43  5895  6282   40K     2   12.68   12.67
c rst  luby ibes  vmt  1355  828K     667  1064     0    5.43    5.43  5895  6282   40K     2   12.68   12.68
c [distill] watch-based irred--  cl tried     2128 cl-sh     0 cl-rem    0 lit-rem      0 T: 0.02 T-out: N
c [distill] watch-based   red--  cl tried     6050 cl-sh     0 cl-rem    0 lit-rem      0 T: 0.07 T-out: Y
c rst  luby ibes  vmt  1356  828K     667  1064     0    5.43    5.43  5895  6283   40K     2   12.68   12.68
c rst  luby ibes  vmt  1357  828K     667  1064     0    5.43    5.43  5895  6288   41K     2   12.68   12.68
c rst  luby ibes  vmt  1358  828K     667  1064     0    5.43    5.43  5895  6289   41K     2   12.69   12.68
c [impl-str] lit bin: 0 set-var: 0 T: 0.00 T-out: N T-r: 99.98% w-visit: 1344
c [impl-sub] bin: 0 T: 0.00 T-out: N w-visit: 1344
c rst  luby ibes  vmt  1359  828K     667  1064     0    5.43    5.43  5895  6292   41K     2   12.69   12.69
c rst  luby ibes  vmt  1360  829K     667  1064     0    5.43    5.43  5895  6292   41K     2   12.69   12.69
c rst  luby ibes  vmt  1361  829K     667  1064     0    5.43    5.43  5895  6292   41K     2   12.70   12.70
c rst  luby ibes  vmt  1362  829K     667  1064     0    5.43    5.43  5895  6293   41K     2   12.70   12.70
c rst  luby ibes  vmt  1363  829K     667  1064     0    5.43    5.43  5895  6293   41K     2   12.71   12.71
c rst  luby ibes  vmt  1364  829K     667  1064     0    5.43    5.43  5895  6293   42K     2   12.71   12.71
c rst  luby  svd  vmt  1365  830K     667  1064     0    5.43    5.43  6064  5882   43K     2   12.75   12.75
c rst  luby  svd  vmt  1366  832K     667  1064     0    5.43    5.43  6064  5891   44K     2   12.83   12.83
c rst  luby  svd  vmt  1367  832K     667  1064     0    5.43    5.43  6064  5894   45K     2   12.84   12.84
c rst  luby  svd  vmt  1368  832K     667  1064     0    5.43    5.43  6064  5896   45K     2   12.84   12.84
c rst  luby  svd  vmt  1369  832K     667  1064     0    5.43    5.43  6064  5896   45K     2   12.86   12.86
c rst  luby  svd  vmt  1370  832K     667  1064     0    5.43    5.43  6064  5897   45K     2   12.86   12.86
c rst  luby  svd  vmt  1371  832K     667  1064     0    5.43    5.43  6064  5897   45K     2   12.87   12.87
c rst  luby  svd  vmt  1372  833K     667  1064     0    5.43    5.43  6064  5898   45K     2   12.88   12.88
c rst  luby  svd  vmt  1373  833K     667  1064     0    5.43    5.43  6064  5902   46K     2   12.90   12.90
c rst  luby  svd  vmt  1374  833K     667  1064     0    5.43    5.43  6064  5902   46K     2   12.91   12.91
c rst  luby  svd  vmt  1375  833K     667  1064     0    5.43    5.43  6064  5902   46K     2   12.92   12.92
c rst  luby  svd  vmt  1376  833K     667  1064     0    5.43    5.43  6064  5903   46K     2   12.93   12.93
c rst  luby  svd  vmt  1377  833K     667  1064     0    5.43    5.43  6064  5904   46K     2   12.93   12.93
c rst  luby  svd  vmt  1378  834K     667  1064     0    5.43    5.43  6064  5905   46K     2   12.94   12.94
c rst  luby  svd  vmt  1379  834K     667  1064     0    5.43    5.43  6064  5905   46K     2   12.95   12.95
c rst  luby  svd  vmt  1380  834K     667  1064     0    5.43    5.43  6064  5907   47K     2   12.96   12.96
c rst  luby  svd  vmt  1381  835K     667  1064     0    5.43    5.43  6064  5916   48K     2   12.99   12.99
c rst  luby  svd  vmt  1382  835K     667  1064     0    5.43    5.43  6064  5917   48K     2   13.01   13.00
c rst  luby  svd  vmt  1383  835K     667  1064     0    5.43    5.43  6064  5920   48K     2   13.01   13.01
c rst  luby  svd  vmt  1384  835K     667  1064     0    5.43    5.43  6064  5920   48K     2   13.02   13.02
c rst  luby  svd  vmt  1385  835K     667  1064     0    5.43    5.43  6064  5921   48K     2   13.03   13.03
c rst  luby  svd  vmt  1386  836K     667  1064     0    5.43    5.43  6064  5921   48K     2   13.03   13.03
c rst  luby  svd  vmt  1387  836K     667  1064     0    5.43    5.43  6064  5921   48K     2   13.05   13.05
c rst  luby  svd  vmt  1388  836K     667  1064     0    5.43    5.43  6064  5922   49K     2   13.07   13.07
c [full-probe]  bin_only: 0 set: 0 repl: 0 T: 0.00 T-out: N T-r: 99.24%
c rst  luby  svd  vmt  1389  836K     667  1064     0    5.43    5.43  6064  5922   49K     2   13.08   13.08
c rst  luby  svd  vmt  1390  836K     667  1064     0    5.43    5.43  6064  5922   49K     2   13.08   13.08
c rst  luby  svd  vmt  1391  837K     667  1064     0    5.43    5.43  6064  5926   49K     2   13.09   13.09
c rst  luby  svd  vmt  1392  837K     667  1064     0    5.43    5.43  6064  5926   49K     2   13.10   13.10
c rst  luby  svd  vmt  1393  837K     667  1064     0    5.43    5.43  6064  5927   49K     2   13.10   13.10
c rst  luby  svd  vmt  1394  837K     667  1064     0    5.43    5.43  6064  5927   50K     2   13.11   13.11
c rst  luby  svd  vmt  1395  837K     667  1064     0    5.43    5.43  6064  5930   50K     2   13.13   13.13
c rst  luby  svd  vmt  1396  838K     667  1064     0    5.43    5.43  6064  5935   51K     2   13.16   13.16
c rst  luby  svd  vmt  1397  840K     667  1064     0    5.43    5.43  6181  6043   38K     2   13.00   13.00
c [distill-long-red0] cls tried: 246/246 T: 0.07 T-out: N T-r: 99.85%
c [distill-long-red1] cls tried: 296/3887 T: 0.19 T-out: Y T-r: -0.42%
c rst  luby  svd  vmt  1398  843K     667  1064     0    5.43    5.43  6181  6068   41K     2   13.10   13.10
c rst  geom best  vmt  1399  843K     667  1064     0    5.43    5.43  6181  6070   41K     2   13.11   13.11
c rst  geom best  vmt  1400  843K     667  1064     0    5.43    5.43  6181  6071   41K     2   13.11   13.11
c rst  geom best  vmt  1401  843K     667  1064     0    5.43    5.43  6181  6073   41K     2   13.12   13.12
c rst  geom best  vmt  1402  844K     667  1064     0    5.43    5.43  6181  6073   41K     2   13.12   13.12
c rst  geom best  vmt  1403  844K     667  1064     0    5.43    5.43  6181  6076   42K     2   13.13   13.13
c rst  geom best  vmt  1404  844K     667  1064     0    5.43    5.43  6181  6079   42K     2   13.14   13.14
c [distill-bin] useful: 0/0/0 lits-rem: 0 cl-rem: 0 0-depth-assigns: 0 T: 0.00 T-out: N
c rst  geom best  vmt  1405  844K     667  1064     0    5.43    5.43  6181  6079   42K     2   13.14   13.14
c rst  geom best  vmt  1406  844K     667  1064     0    5.43    5.43  6181  6079   42K     2   13.15   13.15
c rst  geom best  vmt  1407  844K     667  1064     0    5.43    5.43  6181  6081   42K     2   13.17   13.17
c rst  geom best  vmt  1408  845K     667  1064     0    5.43    5.43  6181  6084   43K     2   13.17   13.17
c rst  geom best  vmt  1409  845K     667  1064     0    5.43    5.43  6181  6091   43K     2   13.18   13.18
c rst  geom best  vmt  1410  845K     667  1064     0    5.43    5.43  6181  6091   43K     2   13.18   13.18
c rst  geom best  vmt  1411  846K     667  1064     0    5.43    5.43  6182  6094   44K     2   13.19   13.19
c rst  geom best  vmt  1412  846K     667  1064     0    5.43    5.43  6182  6095   44K     2   13.19   13.19
c rst  geom best  vmt  1413  846K     667  1064     0    5.43    5.43  6182  6099   44K     2   13.19   13.19
c rst  geom best  vmt  1414  847K     667  1064     0    5.43    5.43  6182  6102   45K     2   13.20   13.20
c rst  geom best  vmt  1415  847K     667  1064     0    5.43    5.43  6182  6105   45K     2   13.20   13.20
c rst  geom best  vmt  1416  848K     667  1064     0    5.43    5.43  6182  6105   46K     2   13.22   13.22
c rst  geom best  vmt  1417  849K     667  1064     0    5.43    5.43  6182  6113   46K     2   13.23   13.23
c rst  geom best  vmt  1418  849K     667  1064     0    5.43    5.43  6182  6115   47K     2   13.25   13.25
c rst  geom best  vmt  1419  850K     667  1064     0    5.43    5.43  6278  5833   48K     2   13.27   13.27
c rst  geom best  vmt  1420  851K     667  1064     0    5.43    5.43  6278  5848   49K     2   13.27   13.27
c rst  geom best  vmt  1421  852K     667  1064     0    5.43    5.43  6278  5873   50K     2   13.27   13.27
c rst  geom best  vmt  1422  853K     667  1064     0    5.43    5.43  6278  5880   51K     2   13.26   13.26
c [distill] watch-based irred--  cl tried     2128 cl-sh     0 cl-rem    0 lit-rem      0 T: 0.02 T-out: N
c [distill] watch-based   red--  cl tried     4615 cl-sh     0 cl-rem    0 lit-rem      0 T: 0.08 T-out: Y
c rst  geom best  vmt  1423  854K     667  1064     0    5.43    5.43  6278  5905   52K     2   13.25   13.25
c rst  geom best  vmt  1424  855K     667  1064     0    5.43    5.43  6311  6831   38K     2   13.14   13.14
c rst  geom best  vmt  1425  856K     667  1064     0    5.43    5.43  6311  6901   39K     2   13.12   13.12
c [distill-long-red0] cls tried: 107/107 T: 0.03 T-out: N T-r: 99.93%
c [distill-long-red1] cls tried: 307/4582 T: 0.17 T-out: Y T-r: -0.41%
c rst  geom best  vmt  1426  857K     667  1064     0    5.43    5.43  6312  6985   40K     2   13.08   13.08
c [full-probe]  bin_only: 1 set: 0 repl: 0 T: 0.00 T-out: N T-r: 99.97%
c rst  geom  stb  vmt  1427  859K     667  1064     0    5.43    5.43  6312  7000   42K     2   13.11   13.11
c rst  geom  stb  vmt  1428  861K     667  1064     0    5.43    5.43  6474  6566   44K     2   13.15   13.15
c rst  geom  stb  vmt  1429  863K     667  1064     0    5.43    5.43  6475  6592   46K     2   13.20   13.20
c rst  geom  stb  vmt  1430  865K     667  1064     0    5.43    5.43  6476  6598   48K     2   13.25   13.25
c [distill-bin] useful: 0/0/0 lits-rem: 0 cl-rem: 0 0-depth-assigns: 0 T: 0.00 T-out: N
c rst  geom  stb  vmt  1431  867K     667  1064     0    5.43    5.43  6476  6629   50K     2   13.31   13.31
c rst  geom  stb  vmt  1432  869K     667  1064     0    5.43    5.43  6476  6653   52K     2   13.36   13.36
c rst  geom  stb  vmt  1433  872K     667  1064     0    5.43    5.43  6698  6943   40K     2   13.33   13.33
c [distill-long-red0] cls tried: 315/315 T: 0.11 T-out: N T-r: 99.78%
c [distill-long-red1] cls tried: 296/4767 T: 0.18 T-out: Y T-r: -0.69%
c rst  geom ibes  vmt  1434  875K     667  1064     0    5.43    5.43  6698  7066   43K     2   13.29   13.29
c rst  geom ibes  vmt  1435  878K     667  1064     0    5.43    5.43  6701  7296   46K     2   13.24   13.24
c [full-probe]  bin_only: 0 set: 0 repl: 0 T: 0.00 T-out: N T-r: 99.27%
c [distill] watch-based irred--  cl tried     2128 cl-sh     0 cl-rem    0 lit-rem      0 T: 0.02 T-out: N
c [distill] watch-based   red--  cl tried     4907 cl-sh     0 cl-rem    0 lit-rem      0 T: 0.07 T-out: Y
c rst  geom ibes  vmt  1436  882K     667  1064     0    5.43    5.43  6860  6935   50K     2   13.25   13.25
c rst  geom ibes  vmt  1437  886K     667  1064     0    5.43    5.43  6933  8747   38K     2   12.61   12.61
c [distill-bin] useful: 0/0/0 lits-rem: 0 cl-rem: 0 0-depth-assigns: 0 T: 0.00 T-out: N
c rst  geom  svd  vmt  1438  890K     667  1064     0    5.43    5.43  7047  8116   43K     2   12.71   12.71
c [distill-long-red0] cls tried: 288/288 T: 0.10 T-out: N T-r: 99.79%
c [distill-long-red1] cls tried: 237/6111 T: 0.19 T-out: Y T-r: -0.63%
c [impl-str] lit bin: 0 set-var: 0 T: 0.00 T-out: N T-r: 99.98% w-visit: 1344
c [impl-sub] bin: 0 T: 0.00 T-out: N w-visit: 1344
c rst  geom  svd  vmt  1439  895K     667  1064     0    5.43    5.43  7047  8161   48K     2   12.88   12.88
c rst  geom  svd  vmt  1440  901K     667  1064     0    5.43    5.43  7160  8202   39K     2   12.81   12.81
c [full-probe]  bin_only: 1 set: 0 repl: 0 T: 0.00 T-out: N T-r: 99.97%
c rst  geom best  vmt  1441  906K     667  1064     0    5.43    5.43  7162  8322   44K     2   12.96   12.96
c [branch] adjusting to: vsids (from: vmtf) var_decay:0.95 descr: VSIDS
c [distill-long-red0] cls tried: 95/95 T: 0.04 T-out: N T-r: 99.93%
c [distill-long-red1] cls tried: 241/6344 T: 0.17 T-out: Y T-r: -0.71%
c [distill-bin] useful: 0/0/0 lits-rem: 0 cl-rem: 0 0-depth-assigns: 0 T: 0.00 T-out: N
c [distill] watch-based irred--  cl tried     2128 cl-sh     0 cl-rem    0 lit-rem      0 T: 0.01 T-out: N
c [distill] watch-based   red--  cl tried     5774 cl-sh     0 cl-rem    0 lit-rem      0 T: 0.07 T-out: Y
c rst  geom best   vs  1442  906K     667  1064     0    5.43    5.43  7162  8322   45K     2   12.96   12.96
c rst  geom best   vs  1443  907K     667  1064     0    5.43    5.43  7162  8323   45K     2   12.96   12.96
c rst  geom best   vs  1444  907K     667  1064     0    5.43    5.43  7162  8323   45K     2   12.97   12.97
c rst  geom best   vs  1445  907K     667  1064     0    5.43    5.43  7162  8323   45K     2   12.97   12.97
c rst  geom best   vs  1446  907K     667  1064     0    5.43    5.43  7162  8323   45K     2   12.98   12.98
c rst  geom best   vs  1447  907K     667  1064     0    5.43    5.43  7162  8323   45K     2   12.98   12.98
c rst  geom best   vs  1448  907K     667  1064     0    5.43    5.43  7162  8326   46K     2   12.99   12.99
c rst  geom best   vs  1449  908K     667  1064     0    5.43    5.43  7162  8329   46K     2   12.99   12.99
c rst  geom best   vs  1450  908K     667  1064     0    5.43    5.43  7162  8332   46K     2   12.99   12.99
c rst  geom best   vs  1451  908K     667  1064     0    5.43    5.43  7162  8333   46K     2   12.99   12.99
c rst  geom best   vs  1452  908K     667  1064     0    5.43    5.43  7162  8334   47K     2   12.99   12.99
c rst  geom best   vs  1453  909K     667  1064     0    5.43    5.43  7162  8339   47K     2   12.99   12.99
c rst  geom best   vs  1454  909K     667  1064     0    5.43    5.43  7162  8341   47K     2   13.00   13.00
c rst  geom best   vs  1455  909K     667  1064     0    5.43    5.43  7162  8346   48K     2   13.00   13.00
c rst  geom best   vs  1456  910K     667  1064     0    5.43    5.43  7345  7794   48K     2   12.99   12.99
c rst  geom best   vs  1457  910K     667  1064     0    5.43    5.43  7345  7796   49K     2   12.99   12.99
c rst  geom best   vs  1458  911K     667  1064     0    5.43    5.43  7345  7799   49K     2   13.00   13.00
c rst  geom best   vs  1459  911K     667  1064     0    5.43    5.43  7346  7805   50K     2   13.01   13.01
c rst  geom best   vs  1460  912K     667  1064     0    5.43    5.43  7346  7822   50K     2   13.00   13.00
c rst  geom best   vs  1461  913K     667  1064     0    5.43    5.43  7346  7832   51K     2   13.01   13.01
c rst  geom best   vs  1462  913K     667  1064     0    5.43    5.43  7346  7834   52K     2   13.02   13.02
c rst  geom best   vs  1463  914K     667  1064     0    5.43    5.43  7346  7834   52K     2   13.02   13.02
c ecursive minimization cost OK: 729Kcost/(% lits removed)
c [g 0] truth-find prop checks  : 26M
c [g 0] -> of which prop        : 71.05 %
c [g 0] -> of which confl       :  0.52 %
c [g 0] elim called             : 353K
c [g 0] ---> which lead to prop : 1039.25 %
c [g 0] ---> which lead to confl:  4.32 %
c [g 0] size: 627   x 666  
c --> Executing strategy token: scc-vrepl
c [scc] new: 0 BP 0M T: 0.00
c [vrep] vars 0 lits 0 rem-bin-cls 0 rem-long-cls 0 BP 0M T: 0.01
c --> Executing strategy token: sub-impl
c [impl-sub] bin: 0 T: 0.00 T-out: N w-visit: 1344
c --> Executing strategy token: breakid
c Executing OCC strategy token(s): 'occ-backw-sub-str,occ-clean-implicit,occ-bve,occ-bva,occ-ternary-res,occ-xor,
c [occ] mem usage for occur 0      MB
c [occ] Linked in IRRED BIN by default: 0
c [occ] Linked in RED   BIN by default: 2
c [occ] mem usage for occur 0      MB
c Mem for watch alloc      : 10          MB (0.00      %)
c Mem for watch array      : 0           MB (0.00      %)
c Executing OCC strategy token: occ-backw-sub-str
c [occ-backw-sub-str-long-w-bins] subs: 0 str: 0 tried: 136 0-depth ass: 0 T: 0.00 T-out: N T-r: 100.00%
c [occ-backw-sub-long-w-long] rem cl: 1126 tried: 68842/68842 (100.0%) T: 0.04 T-out: N T-r: 78.79%
c [occ-backw-sub-str-long-w-long] sub: 182 str: 919 tried: 206526/68842 (300.0)  T: 0.22 T-out: N T-r: 70.09%
c Executing OCC strategy token: occ-clean-implicit
c Executing OCC strategy token: occ-bve
c [occ-empty-res] Empty resolvent elimed: 0 T: 0.00 T-out: N
c [occ-bve] iter v-elim 0
c cl_inc_rate=1.0, var_dec_rate=1.0 (grow=0)
c Reduced to 667 vars, 1064 cls (grow=0)
c [occ-bve] iter v-elim 0
c cl_inc_rate=1.0, var_dec_rate=1.0 (grow=3)
c Reduced to 667 vars, 1064 cls (grow=3)
c [occ-bve] iter v-elim 0
c cl_inc_rate=1.0, var_dec_rate=1.0 (grow=4)
c Reduced to 667 vars, 1064 cls (grow=4)
c [occ-bve] iter v-elim 0
c cl_inc_rate=1.0, var_dec_rate=1.0 (grow=6)
c Reduced to 667 vars, 1064 cls (grow=6)
c [occ-bve] iter v-elim 0
c cl_inc_rate=1.0, var_dec_rate=1.0 (grow=9)
c Reduced to 667 vars, 1064 cls (grow=9)
c [occ-bve] iter v-elim 0
c cl_inc_rate=1.0, var_dec_rate=1.0 (grow=13)
c Reduced to 667 vars, 1064 cls (grow=13)
c [occ-bve] iter v-elim 0
c cl_inc_rate=1.0, var_dec_rate=1.0 (grow=16)
c Reduced to 667 vars, 1064 cls (grow=16)
c x n vars       : 667
c #try to eliminate:     7
c #var-elim        :     0
c #T-o: N
c #T-r: 100.00%
c #T  : 0.00
c [occur] 0.02 is overhead
c [occur] link-in T: 0.02 cleanup T: 0.00
c [occ-xor-bve] elimed: 0 T: 0.00 T-out: N
c Executing OCC strategy token: occ-bva
c Executing OCC strategy token: occ-ternary-res
c [occ-ternary-res] Ternary res-tri: 0 res-bin: 0 sub: 0 str: 0 T: 0.00 T-out: N T-r: 99.86%
c Executing OCC strategy token: occ-xor
c [occ-xor] sort occur list T: 0.00
c [occ-xor] found      0 T: 0.00 T-out: N T-r: 100.00%
c --> Executing strategy token: card-find
c --> Executing strategy token: cl-consolidate
c Not consolidating memory.
c --> Executing strategy token: scc-vrepl
c [scc] new: 0 BP 0M T: 0.00
c [vrep] vars 0 lits 0 rem-bin-cls 0 rem-long-cls 0 BP 0M T: 0.01
c --> Executing strategy token: renumber
c --> Executing strategy token: louvain-comms
c [consolidate] mini T: 0.00
c global_timeout_multiplier: 5.3147
c [branch] rebuilding order heap for all branchings. Current branching: vsids
c [gauss] clauses deleted that are represented by XORs: 0 xorclauses: 632 GJ matrices: 0 T: 0.00
c [find&init matx] performing matrix init
c [matrix] Good   matrix  0    632 x  666  density:0.0063  xorlen avg:  4.20
c [matrix] Using 1 matrices recovered from 0 xors T: 0.00 T-out: N
c rst  geom best   vs  1464  914K     667  1064     0    5.43    5.43  6127  8693   52K     2   13.12   13.12
c rst  geom best   vs  1465  915K     667  1064     0    5.43    5.43  6132  8856   38K     2   12.72   12.72
c rst  geom  stb   vs  1466  916K     667  1064     0    5.43    5.43  6132  8863   39K     2   12.75   12.75
c rst  geom  stb   vs  1467  917K     667  1064     0    5.43    5.43  6132  8889   40K     2   12.78   12.78
c rst  geom  stb   vs  1468  918K     667  1064     0    5.43    5.43  6132  8897   41K     2   12.83   12.83
c rst  geom  stb   vs  1469  919K     667  1064     0    5.43    5.43  6132  8900   42K     2   12.88   12.88
c rst  geom  stb   vs  1470  921K     667  1064     0    5.43    5.43  6207  8355   44K     2   12.93   12.93
c [full-probe]  bin_only: 0 set: 0 repl: 0 T: 0.01 T-out: N T-r: 99.33%
c rst  geom  stb   vs  1471  922K     667  1064     0    5.43    5.43  6207  8369   46K     2   12.96   12.96
c [distill-long-red0] cls tried: 242/242 T: 0.08 T-out: N T-r: 99.83%
c [distill-long-red1] cls tried: 232/6467 T: 0.19 T-out: Y T-r: -0.82%
c rst  geom  stb   vs  1472  924K     667  1064     0    5.43    5.43  6207  8416   47K     2   12.96   12.96
c rst  geom  stb   vs  1473  926K     667  1064     0    5.43    5.43  6207  8435   49K     2   12.99   12.99
c rst  geom  stb   vs  1474  928K     667  1064     0    5.43    5.43  6207  8448   51K     2   13.02   13.02
c [distill-bin] useful: 0/0/0 lits-rem: 0 cl-rem: 0 0-depth-assigns: 0 T: 0.00 T-out: N
c rst  geom  stb   vs  1475  930K     667  1064     0    5.43    5.43  6330  7987   39K     2   12.88   12.88
c rst  geom ibes   vs  1476  933K     667  1064     0    5.43    5.43  6333  8306   42K     2   12.80   12.80
c [distill] watch-based irred--  cl tried     2128 cl-sh     0 cl-rem    0 lit-rem      0 T: 0.02 T-out: N
c [distill] watch-based   red--  cl tried     5317 cl-sh     0 cl-rem    0 lit-rem      0 T: 0.08 T-out: Y
c rst  geom ibes   vs  1477  935K     667  1064     0    5.43    5.43  6333  8366   44K     2   12.78   12.78
c rst  geom ibes   vs  1478  938K     667  1064     0    5.43    5.43  6334  8599   47K     2   12.70   12.70
c [distill-long-red0] cls tried: 110/110 T: 0.05 T-out: N T-r: 99.91%
c [distill-long-red1] cls tried: 217/6828 T: 0.19 T-out: Y T-r: -0.96%
c rst  geom ibes   vs  1479  942K     667  1064     0    5.43    5.43  6479  8297   51K     2   12.63   12.63
c [full-probe]  bin_only: 1 set: 0 repl: 0 T: 0.00 T-out: N T-r: 99.96%
c rst  geom ibes   vs  1480  945K     667  1064     0    5.43    5.43  6542 10795   37K     2   12.00   12.00
c rst  geom  svd   vs  1481  949K     667  1064     0    5.43    5.43  6542 10926   41K     2   12.03   12.03
c [distill-bin] useful: 0/0/0 lits-rem: 0 cl-rem: 0 0-depth-assigns: 0 T: 0.00 T-out: N
c rst  geom  svd   vs  1482  954K     667  1064     0    5.43    5.43  6682  9890   46K     2   12.07   12.07
c [distill-long-red0] cls tried: 311/311 T: 0.11 T-out: N T-r: 99.78%
c [distill-long-red1] cls tried: 241/8334 T: 0.19 T-out: Y T-r: -0.50%
c [impl-str] lit bin: 0 set-var: 0 T: 0.00 T-out: N T-r: 99.98% w-visit: 1344
c [impl-sub] bin: 0 T: 0.00 T-out: N w-visit: 1344
c rst  geom  svd   vs  1483  959K     667  1064     0    5.43    5.43  6697 10548   50K     3   12.00   12.00
c [distill] watch-based irred--  cl tried     2114 cl-sh    28 cl-rem   14 lit-rem     28 T: 0.02 T-out: N
c [distill] watch-based   red--  cl tried     4428 cl-sh   187 cl-rem  163 lit-rem    187 T: 0.08 T-out: Y
c rst  geom  svd   vs  1484  964K     667  1050     1    5.40    5.40  6981 11560   40K     4   11.43   11.43
c [full-probe]  bin_only: 0 set: 0 repl: 0 T: 0.00 T-out: N T-r: 99.19%
c rst  geom best   vs  1485  970K     666  1050     1    5.40    5.40  7586 12210   45K    19   11.28   11.28
c [distill-long-red0] cls tried: 821/821 T: 0.17 T-out: N T-r: 99.74%
c [distill-long-red1] cls tried: 680/7643 T: 0.21 T-out: Y T-r: -0.21%
c [distill-bin] useful: 0/1/1 lits-rem: 0 cl-rem: 0 0-depth-assigns: 0 T: 0.00 T-out: N
c rst  geom best   vs  1486  973K     564   154    51    4.14    3.61   108    18     4    56    4.55    3.78
c ------- FINAL TOTAL SEARCH STATS ---------
c UIP search time          : 88.64       (98.05     % time)
c All times are for this thread only except if explicitly specified
c restarts                 : 1486        (655.37    confls per restart)
c blocked restarts         : 0           (0.00      per normal restart)
c time                     : 88.64       
c decisions                : 1044655     (0.00      % random)
c propagations             : 51M         (575K      props/s)
c decisions/conflicts      : 1.07        
c conflicts                : 973876      
c LEARNT stats
c units learnt             : 13          (0.00      % of conflicts)
c bins learnt              : 104         (0.01      % of conflicts)
c long learnt              : 973758      (99.99     % of conflicts)
c red which0               : 852         (0.09      % of confl)
c SEAMLESS HYPERBIN&TRANS-RED stats
c advProp called           : 0           
c hyper-bin add bin        : 0           (0.00      bin/call)
c trans-red rem irred bin  : 0           (0.00      bin/call)
c trans-red rem red bin    : 0           (0.00      bin/call)
c CONFL LITS stats
c orig                     : 23598179    (24.23     lit/confl)
c recurs-min effective     : 856343      (87.93     % attempt successful)
c recurs-min lits          : 7998702     (33.90     % less overall)
c permDiff call%           : 1.72        (0.00      % attempt successful)
c permDiff lits-rem        : 0           (0.00      less lits/cl on attempts)
c further-min call%        : 0.00        (0.00      % attempt successful)
c bintri-min lits          : 0           (0.00      % less overall)
c final avg                : 16.02       
c all-threads sum CPU time : 88.64        s
c PROP stats
c Mbogo-props              : 1823.54     (20.57     / sec)
c MHyper-props             : 0.00        (0.00      / sec)
c Mprops                   : 51.01       (0.58      / sec)
c -------- OccSimplifier STATS ----------
c time                     : 1.77        (0.00      % var-elim)
c called                   : 6           (0.29      s per call)
c 0-depth assigns          : 0           (0.00      % vars)
c -------- OccSimplifier STATS END ----------
c -------- SubsumeStrengthen STATS ----------
c cl-subs                  : 7564         Clauses
c cl-str rem lit           : 3628         Lits
c cl-sub T                 : 0.34         s
c cl-str T                 : 1.28         s
c -------- SubsumeStrengthen STATS END ----------
c ----- SCC STATS --------
c time                     : 0.00        (0.00      per call)
c called                   : 14          (0.79      new found per call)
c found                    : 11          (50.00     % of all found)
c bogoprops                : 395433      % of all found
c ----- SCC STATS END --------
c --------- VAR REPLACE STATS ----------
c time                     : 0.07        (0.01      per call)
c trees' crown             : 11          (0.62      % of vars)
c 0-depth assigns          : 0           (0.00      % vars)
c lits replaced            : 1178        
c bin cls removed          : 58          
c long cls removed         : 2           
c long lits removed        : 35          
c bogoprops                : 2254488     
c --------- VAR REPLACE STATS END ----------
c vrep replace time        : 0.07        (0.08      % time)
c vrep tree roots          : 7           
c vrep trees' crown        : 11          (1.57      leafs/tree)
c -------- DISTILL-BIN STATS --------
c time                     : 0.02        (0.00      per call)
c timed out                : 0           (0.00      % of calls)
c distill/checked/potential: 0          /378/378
c lits-rem                 : 0           
c 0-depth-assigns          : 0           (0.00      % of vars)
c -------- DISTILL STATS END --------
c -------- STRENGTHEN STATS --------
c --> watch-based on irred cls
c time                     : 0.55        (0.01      s/call)
c shrinked/tried/total     : 28         /102370/102370
c subsumed/tried/total     : 14         /102370/102370
c lits-rem                 : 28          (0.01      % of lits tried)
c called                   : 74          (0.00      % ran out of time)
c --> watch-based on red cls
c time                     : 1.87        (0.03      s/call)
c shrinked/tried/total     : 192        /154897/249159
c subsumed/tried/total     : 174        /154897/249159
c lits-rem                 : 192         (0.02      % of lits tried)
c called                   : 74          (127381.08 % ran out of time)
c -------- STRENGTHEN STATS END --------
c -------- IMPLICIT SUB  STATS --------
c time                     : 0.01        (0.00      per call)
c timed out                : 0           (0.00      % of calls)
c rem bins                 : 36          
c -------- IMPLICIT SUB STATS END --------
c Mem used                 : 0           MB
c Mem for longclauses      : 6           MB (0.00      %)
c Mem for watch alloc      : 10          MB (0.00      %)
c Mem for watch array      : 0           MB (0.00      %)
c Mem for assings&vardata  : 0           MB (0.00      %)
c Mem for search&solve     : 0           MB (0.00      %)
c Mem for renumberer       : 0           MB (0.00      %)
c Mem for occsimplifier    : 0           MB (0.00      %)
c Mem for varReplacer&SCC  : 0           MB (0.00      %)
c Mem for impl subsume     : 0           MB (0.00      %)
c Mem for 3 distills       : 0           MB (0.00      %)
c Accounted for mem (rss)  : 0.00        %
c Accounted for mem (vm)   : 0.00        %
c restarts                 : 1486        (655.37    confls per restart)
c blocked restarts         : 0           (0.00      per normal restart)
c time                     : 88.64       
c decisions                : 1044655     (0.00      % random)
c propagations             : 51M         (575K      props/s)
c decisions/conflicts      : 1.07        
c conflicts                : 973876      
c conf lits non-minim      : 23598179    (24.23     lit/confl)
c conf lits final          : 16.02       
c red which0               : 852         (0.09      % of confl)
c props/decision           : 0.00        
c props/conflict           : 0.00        
c 0-depth assigns          : 103         (15.33     % vars)
c 0-depth assigns by CNF   : 0           (0.00      % vars)
c reduceDB time            : 0.28        (0.31      % time)
c OccSimplifier time       : 1.77        (1.95      % time)
c [occur] 0.14 is overhead
c [occur] link-in T: 0.11 cleanup T: 0.03
c [occ-substr] long subBySub: 6667 subByStr: 897 lits-rem-str: 3628 T: 1.62
c SCC time                 : 0.00        (0.00      % time)
c [scc] new: 11 BP 0M T: 0.00
c vrep replace time        : 0.07        (0.08      % time)
c vrep tree roots          : 7           
c vrep trees' crown        : 11          (1.57      leafs/tree)
c distill long time        : 10.63       (11.76     % time)
c distill bin time         : 0.02        (0.02      % time)
c strength cache-irred time: 0.55        (0.61      % time)
c strength cache-red time  : 1.87        (2.07      % time)
c avg cls in red 0         : 3357.36     
c avg cls in red 1         : 4311.56     
c avg cls in red 2         : 43940.32    
c Conflicts in UIP         : 973876      (10771.72  confl/time_this_thread)
c Mem used                 : 0.00        MB
c Total time (this thread) : 90.41       
s UNSATISFIABLE
c [g 0] truth-find prop checks  : 5411K
c [g 0] -> of which prop        : 70.76 %
c [g 0] -> of which confl       :  0.52 %
c [g 0] elim called             : 82K
c [g 0] ---> which lead to prop : 994.58 %
c [g 0] ---> which lead to confl:  4.15 %
c [g 0] size: 627   x 666  
